{
  "type": "FeatureCollection",
  "features": [
    {
      "type": "Feature",
      "id": 465,
      "geometry": {
        "type": "Point",
        "coordinates": [
          -113.59752685793013,
          37.04674313408472
        ]
      },
      "properties": {
        "OBJECTID": 465,
        "Last_Name": "White",
        "First_Name": "James",
        "Address": "629 Belmont Dr, St. George, UT 84790",
        "lat": 37.0467415,
        "lon": -113.597527,
        "Apt_Number": null,
        "Age": 30,
        "Gender": "M",
        "BirthDate": 834624000000,
        "Notes": "https://www.facebook.com/james.white.134081",
        "Address_confidence": "low",
        "Emails": "Jpw4th@gmail.com",
        "prospective_elder": "no",
        "Assigned_to_minister": "yes",
        "Is_assigned_ministers": "yes",
        "ON_DO_NOT_CONTACT_LIST": "no",
        "Q_1_pct_att": 15.38461538461539,
        "Q_2_pct_att": 7.6923076923076925,
        "Second_hr_pct_att": 11.53846153846154,
        "pct_att_drop": 50.00000000000002,
        "_group": 1,
        "_outsideBoundary": false,
        "_cellId": "4646",
        "district_id": 0,
        "_district": 0,
        "district_color": "#e11d48",
        "district_label": 1,
        "group": 1,
        "cell_id": "4646"
      }
    },
    {
      "type": "Feature",
      "id": 55,
      "geometry": {
        "type": "Point",
        "coordinates": [
          -113.59442939586357,
          37.047149938923795
        ]
      },
      "properties": {
        "OBJECTID": 55,
        "Last_Name": "Bringhurst",
        "First_Name": "Jed",
        "Address": "503 Pimlico Dr, St. George, UT 84790",
        "lat": 37.0471497,
        "lon": -113.594429,
        "Apt_Number": null,
        "Age": 27,
        "Gender": "M",
        "BirthDate": 901670400000,
        "Notes": "https://www.facebook.com/jed.bringhurst.9",
        "Address_confidence": "low",
        "Emails": "jedbringhurst@gmail.com",
        "prospective_elder": "no",
        "Assigned_to_minister": "yes",
        "Is_assigned_ministers": "yes",
        "ON_DO_NOT_CONTACT_LIST": "no",
        "Q_1_pct_att": 23.07692307692308,
        "Q_2_pct_att": 0,
        "Second_hr_pct_att": 11.53846153846154,
        "pct_att_drop": 100,
        "_group": 1,
        "_outsideBoundary": false,
        "_cellId": "4706",
        "district_id": 0,
        "_district": 0,
        "district_color": "#e11d48",
        "district_label": 1,
        "group": 1,
        "cell_id": "4706"
      }
    },
    {
      "type": "Feature",
      "id": 535,
      "geometry": {
        "type": "Point",
        "coordinates": [
          -113.61111967343096,
          37.047983188571074
        ]
      },
      "properties": {
        "OBJECTID": 535,
        "Last_Name": "Gray",
        "First_Name": "Patrick",
        "Address": "1287 W Bloomington Dr S, St. George, UT 84790",
        "lat": 37.0479851,
        "lon": -113.611122,
        "Apt_Number": null,
        "Age": 28,
        "Gender": "M",
        "BirthDate": 884217600000,
        "Notes": "Might be married",
        "Address_confidence": "high",
        "Emails": "Patrick.gray888@gmail.com",
        "prospective_elder": "no",
        "Assigned_to_minister": "yes",
        "Is_assigned_ministers": "yes",
        "ON_DO_NOT_CONTACT_LIST": "no",
        "Q_1_pct_att": 46.15384615384616,
        "Q_2_pct_att": 30.76923076923077,
        "Second_hr_pct_att": 38.46153846153846,
        "pct_att_drop": 33.33333333333334,
        "_group": 1,
        "_outsideBoundary": false,
        "_cellId": "4857",
        "district_id": 0,
        "_district": 0,
        "district_color": "#e11d48",
        "district_label": 1,
        "group": 1,
        "cell_id": "4857"
      }
    },
    {
      "type": "Feature",
      "id": 212,
      "geometry": {
        "type": "Point",
        "coordinates": [
          -113.60605845283082,
          37.048980185991255
        ]
      },
      "properties": {
        "OBJECTID": 212,
        "Last_Name": "Jensen",
        "First_Name": "Tom",
        "Address": "1055 W Bloomington Dr S, St. George, UT 84790",
        "lat": 37.0489807,
        "lon": -113.606056,
        "Apt_Number": null,
        "Age": 31,
        "Gender": "M",
        "BirthDate": 803606400000,
        "Notes": null,
        "Address_confidence": "high",
        "Emails": "thomashjensen95@gmail.com",
        "prospective_elder": "no",
        "Assigned_to_minister": "yes",
        "Is_assigned_ministers": "yes",
        "ON_DO_NOT_CONTACT_LIST": "no",
        "Q_1_pct_att": 38.46153846153846,
        "Q_2_pct_att": 30.76923076923077,
        "Second_hr_pct_att": 34.615384615384606,
        "pct_att_drop": 19.999999999999996,
        "_group": 1,
        "_outsideBoundary": false,
        "_cellId": "5032",
        "district_id": 0,
        "_district": 0,
        "district_color": "#e11d48",
        "district_label": 1,
        "group": 1,
        "cell_id": "5032"
      }
    },
    {
      "type": "Feature",
      "id": 348,
      "geometry": {
        "type": "Point",
        "coordinates": [
          -113.59025838235378,
          37.049401900932324
        ]
      },
      "properties": {
        "OBJECTID": 348,
        "Last_Name": "Rawlinson",
        "First_Name": "Skyler",
        "Address": "337 Damascus Dr, St. George, UT 84790",
        "lat": 37.0494003,
        "lon": -113.590256,
        "Apt_Number": null,
        "Age": 31,
        "Gender": "M",
        "BirthDate": 803865600000,
        "Notes": null,
        "Address_confidence": "high",
        "Emails": "relykshr@gmail.com",
        "prospective_elder": "no",
        "Assigned_to_minister": "yes",
        "Is_assigned_ministers": "yes",
        "ON_DO_NOT_CONTACT_LIST": "no",
        "Q_1_pct_att": 30.76923076923077,
        "Q_2_pct_att": 0,
        "Second_hr_pct_att": 15.38461538461539,
        "pct_att_drop": 100,
        "_group": 1,
        "_outsideBoundary": false,
        "_cellId": "5149",
        "district_id": 0,
        "_district": 0,
        "district_color": "#e11d48",
        "district_label": 1,
        "group": 1,
        "cell_id": "5149"
      }
    },
    {
      "type": "Feature",
      "id": 322,
      "geometry": {
        "type": "Point",
        "coordinates": [
          -113.61449066531502,
          37.05825143551756
        ]
      },
      "properties": {
        "OBJECTID": 322,
        "Last_Name": "Parkin",
        "First_Name": "Conner",
        "Address": "1427 Montezuma Cir, St. George, UT 84790",
        "lat": 37.0582504,
        "lon": -113.614494,
        "Apt_Number": null,
        "Age": 29,
        "Gender": "M",
        "BirthDate": 866419200000,
        "Notes": null,
        "Address_confidence": "high",
        "Emails": "parkincon@me.com",
        "prospective_elder": "no",
        "Assigned_to_minister": "yes",
        "Is_assigned_ministers": "yes",
        "ON_DO_NOT_CONTACT_LIST": "no",
        "Q_1_pct_att": 46.15384615384616,
        "Q_2_pct_att": 38.46153846153846,
        "Second_hr_pct_att": 42.30769230769231,
        "pct_att_drop": 16.666666666666682,
        "_group": 1,
        "_outsideBoundary": false,
        "_cellId": "6387",
        "district_id": 0,
        "_district": 0,
        "district_color": "#e11d48",
        "district_label": 1,
        "group": 1,
        "cell_id": "6387"
      }
    },
    {
      "type": "Feature",
      "id": 469,
      "geometry": {
        "type": "Point",
        "coordinates": [
          -113.60440210677064,
          37.06080591803999
        ]
      },
      "properties": {
        "OBJECTID": 469,
        "Last_Name": "Wilkes",
        "First_Name": "Cole",
        "Address": "930 Escalante Dr, St. George, UT 84790",
        "lat": 37.0608063,
        "lon": -113.604401,
        "Apt_Number": null,
        "Age": 28,
        "Gender": "M",
        "BirthDate": 878601600000,
        "Notes": null,
        "Address_confidence": "high",
        "Emails": "colewilkes100@gmail.com",
        "prospective_elder": "no",
        "Assigned_to_minister": "yes",
        "Is_assigned_ministers": "yes",
        "ON_DO_NOT_CONTACT_LIST": "no",
        "Q_1_pct_att": 38.46153846153846,
        "Q_2_pct_att": 15.38461538461539,
        "Second_hr_pct_att": 26.923076923076923,
        "pct_att_drop": 59.999999999999986,
        "_group": 1,
        "_outsideBoundary": false,
        "_cellId": "6885",
        "district_id": 0,
        "_district": 0,
        "district_color": "#e11d48",
        "district_label": 1,
        "group": 1,
        "cell_id": "6885"
      }
    },
    {
      "type": "Feature",
      "id": 665,
      "geometry": {
        "type": "Point",
        "coordinates": [
          -113.60440484842887,
          37.060808483654434
        ]
      },
      "properties": {
        "OBJECTID": 665,
        "Last_Name": "Wilkes",
        "First_Name": "Luke Andrew",
        "Address": "930 Escalante Dr, St. George, UT 84790",
        "lat": 37.0608101,
        "lon": -113.604408,
        "Apt_Number": null,
        "Age": 26,
        "Gender": "M",
        "BirthDate": 943056000000,
        "Notes": null,
        "Address_confidence": "high",
        "Emails": "lukeawilkes20@gmail.com",
        "prospective_elder": "no",
        "Assigned_to_minister": "yes",
        "Is_assigned_ministers": "yes",
        "ON_DO_NOT_CONTACT_LIST": "no",
        "Q_1_pct_att": 7.6923076923076925,
        "Q_2_pct_att": 15.38461538461539,
        "Second_hr_pct_att": 11.53846153846154,
        "pct_att_drop": 0,
        "_group": 1,
        "_outsideBoundary": false,
        "_cellId": "6885",
        "district_id": 0,
        "_district": 0,
        "district_color": "#e11d48",
        "district_label": 1,
        "group": 1,
        "cell_id": "6885"
      }
    },
    {
      "type": "Feature",
      "id": 419,
      "geometry": {
        "type": "Point",
        "coordinates": [
          -113.58836712145691,
          37.070255518593484
        ]
      },
      "properties": {
        "OBJECTID": 419,
        "Last_Name": "Swindler",
        "First_Name": "Chris",
        "Address": "223 Golden Eagle Cir, St. George, UT 84770",
        "lat": 37.0702553,
        "lon": -113.588364,
        "Apt_Number": null,
        "Age": 33,
        "Gender": "M",
        "BirthDate": 741398400000,
        "Notes": null,
        "Address_confidence": "high",
        "Emails": "CmerrillSwindler@gmail.com",
        "prospective_elder": "no",
        "Assigned_to_minister": "yes",
        "Is_assigned_ministers": "yes",
        "ON_DO_NOT_CONTACT_LIST": "no",
        "Q_1_pct_att": 7.6923076923076925,
        "Q_2_pct_att": 0,
        "Second_hr_pct_att": 3.846153846153846,
        "pct_att_drop": 100,
        "_group": 1,
        "_outsideBoundary": false,
        "_cellId": "8008",
        "district_id": 0,
        "_district": 0,
        "district_color": "#e11d48",
        "district_label": 1,
        "group": 1,
        "cell_id": "8008"
      }
    },
    {
      "type": "Feature",
      "id": 43,
      "geometry": {
        "type": "Point",
        "coordinates": [
          -113.60446086198009,
          37.071883424814196
        ]
      },
      "properties": {
        "OBJECTID": 43,
        "Last_Name": "Blaylock",
        "First_Name": "Travis John",
        "Address": "1001 W Curly Hollow Dr, St. George, UT 84770",
        "lat": 37.0718842,
        "lon": -113.604462,
        "Apt_Number": 87,
        "Age": 29,
        "Gender": "M",
        "BirthDate": 849744000000,
        "Notes": null,
        "Address_confidence": "high",
        "Emails": "travis.blaylock5@gmail.com",
        "prospective_elder": "no",
        "Assigned_to_minister": "yes",
        "Is_assigned_ministers": "yes",
        "ON_DO_NOT_CONTACT_LIST": "no",
        "Q_1_pct_att": 7.6923076923076925,
        "Q_2_pct_att": 7.6923076923076925,
        "Second_hr_pct_att": 7.6923076923076925,
        "pct_att_drop": 0,
        "_group": 1,
        "_outsideBoundary": false,
        "_cellId": "8542",
        "district_id": 0,
        "_district": 0,
        "district_color": "#e11d48",
        "district_label": 1,
        "group": 1,
        "cell_id": "8542"
      }
    },
    {
      "type": "Feature",
      "id": 224,
      "geometry": {
        "type": "Point",
        "coordinates": [
          -113.60446634260164,
          37.071884501369134
        ]
      },
      "properties": {
        "OBJECTID": 224,
        "Last_Name": "Kalonji",
        "First_Name": "Jean Miller Mbelu",
        "Address": "1001 W Curly Hollow Dr, St. George, UT 84770",
        "lat": 37.0718842,
        "lon": -113.604469,
        "Apt_Number": 87,
        "Age": 28,
        "Gender": "M",
        "BirthDate": 888883200000,
        "Notes": null,
        "Address_confidence": "high",
        "Emails": "millermk19@gmail.com",
        "prospective_elder": "no",
        "Assigned_to_minister": "yes",
        "Is_assigned_ministers": "yes",
        "ON_DO_NOT_CONTACT_LIST": "no",
        "Q_1_pct_att": 46.15384615384616,
        "Q_2_pct_att": 23.07692307692308,
        "Second_hr_pct_att": 34.615384615384606,
        "pct_att_drop": 50,
        "_group": 1,
        "_outsideBoundary": false,
        "_cellId": "8542",
        "district_id": 0,
        "_district": 0,
        "district_color": "#e11d48",
        "district_label": 1,
        "group": 1,
        "cell_id": "8542"
      }
    },
    {
      "type": "Feature",
      "id": 13,
      "geometry": {
        "type": "Point",
        "coordinates": [
          -113.57095494604911,
          37.096493565912766
        ]
      },
      "properties": {
        "OBJECTID": 13,
        "Last_Name": "Angell",
        "First_Name": "Jeron",
        "Address": "595 E 700 S, St. George, UT 84770",
        "lat": 37.0964928,
        "lon": -113.570953,
        "Apt_Number": null,
        "Age": 31,
        "Gender": "M",
        "BirthDate": 795052800000,
        "Notes": null,
        "Address_confidence": "high",
        "Emails": "elder.angell@gmail.com",
        "prospective_elder": "no",
        "Assigned_to_minister": "yes",
        "Is_assigned_ministers": "yes",
        "ON_DO_NOT_CONTACT_LIST": "no",
        "Q_1_pct_att": 23.07692307692308,
        "Q_2_pct_att": 23.07692307692308,
        "Second_hr_pct_att": 23.07692307692308,
        "pct_att_drop": 0,
        "_group": 1,
        "_outsideBoundary": false,
        "_cellId": "12962",
        "district_id": 0,
        "_district": 0,
        "district_color": "#e11d48",
        "district_label": 1,
        "group": 1,
        "cell_id": "12962"
      }
    },
    {
      "type": "Feature",
      "id": 695,
      "geometry": {
        "type": "Point",
        "coordinates": [
          -113.57862044643828,
          37.096515727718305
        ]
      },
      "properties": {
        "OBJECTID": 695,
        "Last_Name": "Marshall",
        "First_Name": "Austin",
        "Address": "221 E 700 S, St. George, UT 84770",
        "lat": 37.0965157,
        "lon": -113.578621,
        "Apt_Number": null,
        "Age": 33,
        "Gender": "M",
        "BirthDate": 742003200000,
        "Notes": null,
        "Address_confidence": "high",
        "Emails": "austinkentmarshall@gmail.com",
        "prospective_elder": "no",
        "Assigned_to_minister": "yes",
        "Is_assigned_ministers": "yes",
        "ON_DO_NOT_CONTACT_LIST": "no",
        "Q_1_pct_att": 53.84615384615385,
        "Q_2_pct_att": 46.15384615384616,
        "Second_hr_pct_att": 50,
        "pct_att_drop": 14.285714285714274,
        "_group": 1,
        "_outsideBoundary": false,
        "_cellId": "12868",
        "district_id": 0,
        "_district": 0,
        "district_color": "#e11d48",
        "district_label": 1,
        "group": 1,
        "cell_id": "12868"
      }
    },
    {
      "type": "Feature",
      "id": 711,
      "geometry": {
        "type": "Point",
        "coordinates": [
          -113.58019775512653,
          37.097734119786416
        ]
      },
      "properties": {
        "OBJECTID": 711,
        "Last_Name": "Robison",
        "First_Name": "Jalen",
        "Address": "146 E 600 S, St. George, UT 84770",
        "lat": 37.0977325,
        "lon": -113.5802,
        "Apt_Number": null,
        "Age": 26,
        "Gender": "M",
        "BirthDate": 947548800000,
        "Notes": null,
        "Address_confidence": "high",
        "Emails": "jalenqb6@gmail.com",
        "prospective_elder": "no",
        "Assigned_to_minister": "yes",
        "Is_assigned_ministers": "yes",
        "ON_DO_NOT_CONTACT_LIST": "no",
        "Q_1_pct_att": 40,
        "Q_2_pct_att": 30.76923076923077,
        "Second_hr_pct_att": 34.782608695652165,
        "pct_att_drop": 23.076923076923077,
        "_group": 1,
        "_outsideBoundary": false,
        "_cellId": "13639",
        "district_id": 0,
        "_district": 0,
        "district_color": "#e11d48",
        "district_label": 1,
        "group": 1,
        "cell_id": "13639"
      }
    },
    {
      "type": "Feature",
      "id": 701,
      "geometry": {
        "type": "Point",
        "coordinates": [
          -113.58007460238929,
          37.098382670686135
        ]
      },
      "properties": {
        "OBJECTID": 701,
        "Last_Name": "Suchanski",
        "First_Name": "Bryan",
        "Address": "524 S 200 E, St. George, UT 84770",
        "lat": 37.098381,
        "lon": -113.580078,
        "Apt_Number": 17,
        "Age": 31,
        "Gender": "M",
        "BirthDate": 793670400000,
        "Notes": null,
        "Address_confidence": "high",
        "Emails": "Bryan.d.suchanski@gmail.com",
        "prospective_elder": "no",
        "Assigned_to_minister": "yes",
        "Is_assigned_ministers": "yes",
        "ON_DO_NOT_CONTACT_LIST": "no",
        "Q_1_pct_att": 58.333333333333336,
        "Q_2_pct_att": 46.15384615384616,
        "Second_hr_pct_att": 52,
        "pct_att_drop": 20.879120879120872,
        "_group": 1,
        "_outsideBoundary": false,
        "_cellId": "13889",
        "district_id": 0,
        "_district": 0,
        "district_color": "#e11d48",
        "district_label": 1,
        "group": 1,
        "cell_id": "13889"
      }
    },
    {
      "type": "Feature",
      "id": 647,
      "geometry": {
        "type": "Point",
        "coordinates": [
          -113.6172021284905,
          37.09847016424955
        ]
      },
      "properties": {
        "OBJECTID": 647,
        "Last_Name": "Sears",
        "First_Name": "Chandler",
        "Address": "545 S Valley View Dr, St. George, UT 84770",
        "lat": 37.0984688,
        "lon": -113.617203,
        "Apt_Number": null,
        "Age": 27,
        "Gender": "M",
        "BirthDate": 912988800000,
        "Notes": null,
        "Address_confidence": "high",
        "Emails": "Chanchosears@gmail.com",
        "prospective_elder": "no",
        "Assigned_to_minister": "yes",
        "Is_assigned_ministers": "yes",
        "ON_DO_NOT_CONTACT_LIST": "no",
        "Q_1_pct_att": 7.6923076923076925,
        "Q_2_pct_att": 7.6923076923076925,
        "Second_hr_pct_att": 7.6923076923076925,
        "pct_att_drop": 0,
        "_group": 1,
        "_outsideBoundary": false,
        "_cellId": "13959",
        "district_id": 0,
        "_district": 0,
        "district_color": "#e11d48",
        "district_label": 1,
        "group": 1,
        "cell_id": "13959"
      }
    },
    {
      "type": "Feature",
      "id": 543,
      "geometry": {
        "type": "Point",
        "coordinates": [
          -113.57134529278613,
          37.099045970015304
        ]
      },
      "properties": {
        "OBJECTID": 543,
        "Last_Name": "Carraway",
        "First_Name": "Zane",
        "Address": "556 E 500 S, St. George, UT 84770",
        "lat": 37.0990448,
        "lon": -113.571342,
        "Apt_Number": 9,
        "Age": 28,
        "Gender": "M",
        "BirthDate": 900374400000,
        "Notes": null,
        "Address_confidence": "high",
        "Emails": "zanecarraway1998@gmail.com",
        "prospective_elder": "no",
        "Assigned_to_minister": "yes",
        "Is_assigned_ministers": "yes",
        "ON_DO_NOT_CONTACT_LIST": "no",
        "Q_1_pct_att": 15.38461538461539,
        "Q_2_pct_att": 7.6923076923076925,
        "Second_hr_pct_att": 11.53846153846154,
        "pct_att_drop": 50.00000000000002,
        "_group": 1,
        "_outsideBoundary": false,
        "_cellId": "14417",
        "district_id": 0,
        "_district": 0,
        "district_color": "#e11d48",
        "district_label": 1,
        "group": 1,
        "cell_id": "14417"
      }
    },
    {
      "type": "Feature",
      "id": 37,
      "geometry": {
        "type": "Point",
        "coordinates": [
          -113.60043267700722,
          37.03918463898571
        ]
      },
      "properties": {
        "OBJECTID": 37,
        "Last_Name": "Bird",
        "First_Name": "Daniel Paul",
        "Address": "4012 Carisa Dr, St. George, UT 84790",
        "lat": 37.0391846,
        "lon": -113.600433,
        "Apt_Number": null,
        "Age": 31,
        "Gender": "M",
        "BirthDate": 783388800000,
        "Notes": null,
        "Address_confidence": "high",
        "Emails": "danielbird250@gmail.com",
        "prospective_elder": "no",
        "Assigned_to_minister": "no",
        "Is_assigned_ministers": "yes",
        "ON_DO_NOT_CONTACT_LIST": "no",
        "Q_1_pct_att": 0,
        "Q_2_pct_att": 0,
        "Second_hr_pct_att": 0,
        "pct_att_drop": null,
        "_group": 2,
        "_outsideBoundary": false,
        "_cellId": "3942",
        "district_id": 0,
        "_district": 0,
        "district_color": "#e11d48",
        "district_label": 1,
        "group": 2,
        "cell_id": "3942"
      }
    },
    {
      "type": "Feature",
      "id": 475,
      "geometry": {
        "type": "Point",
        "coordinates": [
          -113.60847338482597,
          37.04470317050364
        ]
      },
      "properties": {
        "OBJECTID": 475,
        "Last_Name": "Winward",
        "First_Name": "Matthew",
        "Address": "1146 Blackberry Cir, St. George, UT 84790",
        "lat": 37.0447044,
        "lon": -113.608475,
        "Apt_Number": null,
        "Age": 34,
        "Gender": "M",
        "BirthDate": 703814400000,
        "Notes": null,
        "Address_confidence": "high",
        "Emails": "winwardmatthew@gmail.com",
        "prospective_elder": "no",
        "Assigned_to_minister": "no",
        "Is_assigned_ministers": "yes",
        "ON_DO_NOT_CONTACT_LIST": "no",
        "Q_1_pct_att": 0,
        "Q_2_pct_att": 0,
        "Second_hr_pct_att": 0,
        "pct_att_drop": null,
        "_group": 2,
        "_outsideBoundary": false,
        "_cellId": "4300",
        "district_id": 0,
        "_district": 0,
        "district_color": "#e11d48",
        "district_label": 1,
        "group": 2,
        "cell_id": "4300"
      }
    },
    {
      "type": "Feature",
      "id": 110,
      "geometry": {
        "type": "Point",
        "coordinates": [
          -113.60418177338761,
          37.049100142588216
        ]
      },
      "properties": {
        "OBJECTID": 110,
        "Last_Name": "Dockstader",
        "First_Name": "Jordan",
        "Address": "943 Gardenia Cir, St. George, UT 84790",
        "lat": 37.049099,
        "lon": -113.604179,
        "Apt_Number": null,
        "Age": 29,
        "Gender": "M",
        "BirthDate": 843177600000,
        "Notes": null,
        "Address_confidence": "high",
        "Emails": null,
        "prospective_elder": "no",
        "Assigned_to_minister": "no",
        "Is_assigned_ministers": "yes",
        "ON_DO_NOT_CONTACT_LIST": "no",
        "Q_1_pct_att": 0,
        "Q_2_pct_att": 0,
        "Second_hr_pct_att": 0,
        "pct_att_drop": null,
        "_group": 2,
        "_outsideBoundary": false,
        "_cellId": "5090",
        "district_id": 0,
        "_district": 0,
        "district_color": "#e11d48",
        "district_label": 1,
        "group": 2,
        "cell_id": "5090"
      }
    },
    {
      "type": "Feature",
      "id": 111,
      "geometry": {
        "type": "Point",
        "coordinates": [
          -113.60417680750072,
          37.04908508134641
        ]
      },
      "properties": {
        "OBJECTID": 111,
        "Last_Name": "Dockstader",
        "First_Name": "Tanner",
        "Address": "943 Gardenia Cir, St. George, UT 84790",
        "lat": 37.0490837,
        "lon": -113.604179,
        "Apt_Number": null,
        "Age": 31,
        "Gender": "M",
        "BirthDate": 775526400000,
        "Notes": null,
        "Address_confidence": "high",
        "Emails": "tannerdock@gmail.com",
        "prospective_elder": "no",
        "Assigned_to_minister": "no",
        "Is_assigned_ministers": "yes",
        "ON_DO_NOT_CONTACT_LIST": "no",
        "Q_1_pct_att": 0,
        "Q_2_pct_att": 0,
        "Second_hr_pct_att": 0,
        "pct_att_drop": null,
        "_group": 2,
        "_outsideBoundary": false,
        "_cellId": "5090",
        "district_id": 0,
        "_district": 0,
        "district_color": "#e11d48",
        "district_label": 1,
        "group": 2,
        "cell_id": "5090"
      }
    },
    {
      "type": "Feature",
      "id": 649,
      "geometry": {
        "type": "Point",
        "coordinates": [
          -113.61276302176734,
          37.052492315954716
        ]
      },
      "properties": {
        "OBJECTID": 649,
        "Last_Name": "Slack",
        "First_Name": "Tyler",
        "Address": "3286 Fairway Rd, St. George, UT 84790",
        "lat": 37.052494,
        "lon": -113.612762,
        "Apt_Number": null,
        "Age": 26,
        "Gender": "M",
        "BirthDate": 935539200000,
        "Notes": null,
        "Address_confidence": "high",
        "Emails": "tkslacker25@gmail.com",
        "prospective_elder": "no",
        "Assigned_to_minister": "no",
        "Is_assigned_ministers": "yes",
        "ON_DO_NOT_CONTACT_LIST": "no",
        "Q_1_pct_att": 0,
        "Q_2_pct_att": 0,
        "Second_hr_pct_att": 0,
        "pct_att_drop": null,
        "_group": 2,
        "_outsideBoundary": false,
        "_cellId": "5857",
        "district_id": 0,
        "_district": 0,
        "district_color": "#e11d48",
        "district_label": 1,
        "group": 2,
        "cell_id": "5857"
      }
    },
    {
      "type": "Feature",
      "id": 489,
      "geometry": {
        "type": "Point",
        "coordinates": [
          -113.60235575353654,
          37.05659817847965
        ]
      },
      "properties": {
        "OBJECTID": 489,
        "Last_Name": "Shelley",
        "First_Name": "Matthew Dwight",
        "Address": "3061 S Bloomington Dr, Unit C 108, St. George, UT 84790",
        "lat": 37.0565987,
        "lon": -113.602356,
        "Apt_Number": 108,
        "Age": 28,
        "Gender": "M",
        "BirthDate": 880416000000,
        "Notes": null,
        "Address_confidence": "high",
        "Emails": "matthewshelley240@gmail.com",
        "prospective_elder": "no",
        "Assigned_to_minister": "no",
        "Is_assigned_ministers": "yes",
        "ON_DO_NOT_CONTACT_LIST": "no",
        "Q_1_pct_att": 0,
        "Q_2_pct_att": 0,
        "Second_hr_pct_att": 0,
        "pct_att_drop": null,
        "_group": 2,
        "_outsideBoundary": false,
        "_cellId": "6320",
        "district_id": 0,
        "_district": 0,
        "district_color": "#e11d48",
        "district_label": 1,
        "group": 2,
        "cell_id": "6320"
      }
    },
    {
      "type": "Feature",
      "id": 203,
      "geometry": {
        "type": "Point",
        "coordinates": [
          -113.60488633823462,
          37.05834824603968
        ]
      },
      "properties": {
        "OBJECTID": 203,
        "Last_Name": "Jackson",
        "First_Name": "David",
        "Address": "974 Cactus Cir, St. George, UT 84790",
        "lat": 37.0583496,
        "lon": -113.604889,
        "Apt_Number": null,
        "Age": 29,
        "Gender": "M",
        "BirthDate": 850867200000,
        "Notes": "https://www.facebook.com/david.w.jackson.5",
        "Address_confidence": "low",
        "Emails": null,
        "prospective_elder": "no",
        "Assigned_to_minister": "no",
        "Is_assigned_ministers": "yes",
        "ON_DO_NOT_CONTACT_LIST": "no",
        "Q_1_pct_att": 0,
        "Q_2_pct_att": 0,
        "Second_hr_pct_att": 0,
        "pct_att_drop": null,
        "_group": 2,
        "_outsideBoundary": false,
        "_cellId": "6407",
        "district_id": 0,
        "_district": 0,
        "district_color": "#e11d48",
        "district_label": 1,
        "group": 2,
        "cell_id": "6407"
      }
    },
    {
      "type": "Feature",
      "id": 157,
      "geometry": {
        "type": "Point",
        "coordinates": [
          -113.61292519732051,
          37.059517613049046
        ]
      },
      "properties": {
        "OBJECTID": 157,
        "Last_Name": "Gwilliam",
        "First_Name": "Steven",
        "Address": "1357 W Bloomington Dr N, St. George, UT 84790",
        "lat": 37.0595169,
        "lon": -113.612923,
        "Apt_Number": null,
        "Age": 31,
        "Gender": "M",
        "BirthDate": 796176000000,
        "Notes": null,
        "Address_confidence": "high",
        "Emails": "Steven.Gwilliam22@gmail.com",
        "prospective_elder": "no",
        "Assigned_to_minister": "no",
        "Is_assigned_ministers": "yes",
        "ON_DO_NOT_CONTACT_LIST": "no",
        "Q_1_pct_att": 0,
        "Q_2_pct_att": 0,
        "Second_hr_pct_att": 0,
        "pct_att_drop": null,
        "_group": 2,
        "_outsideBoundary": false,
        "_cellId": "6656",
        "district_id": 0,
        "_district": 0,
        "district_color": "#e11d48",
        "district_label": 1,
        "group": 2,
        "cell_id": "6656"
      }
    },
    {
      "type": "Feature",
      "id": 117,
      "geometry": {
        "type": "Point",
        "coordinates": [
          -113.59285831519517,
          37.06919537563683
        ]
      },
      "properties": {
        "OBJECTID": 117,
        "Last_Name": "Duvalois",
        "First_Name": "Willem Randolph",
        "Address": "428 Rolling Hills Dr, St. George, UT 84770",
        "lat": 37.0691948,
        "lon": -113.592857,
        "Apt_Number": null,
        "Age": 29,
        "Gender": "M",
        "BirthDate": 854928000000,
        "Notes": null,
        "Address_confidence": "high",
        "Emails": "willemduv@gmail.com",
        "prospective_elder": "no",
        "Assigned_to_minister": "no",
        "Is_assigned_ministers": "yes",
        "ON_DO_NOT_CONTACT_LIST": "no",
        "Q_1_pct_att": 0,
        "Q_2_pct_att": 0,
        "Second_hr_pct_att": 0,
        "pct_att_drop": null,
        "_group": 2,
        "_outsideBoundary": false,
        "_cellId": "7766",
        "district_id": 0,
        "_district": 0,
        "district_color": "#e11d48",
        "district_label": 1,
        "group": 2,
        "cell_id": "7766"
      }
    },
    {
      "type": "Feature",
      "id": 62,
      "geometry": {
        "type": "Point",
        "coordinates": [
          -113.58575662622441,
          37.07184098115625
        ]
      },
      "properties": {
        "OBJECTID": 62,
        "Last_Name": "Bunting",
        "First_Name": "Koby",
        "Address": "2075 S Sir Monte Dr, St. George, UT 84770",
        "lat": 37.0718422,
        "lon": -113.585754,
        "Apt_Number": 4,
        "Age": 27,
        "Gender": "M",
        "BirthDate": 916012800000,
        "Notes": null,
        "Address_confidence": "high",
        "Emails": "ktbunting99@gmail.com",
        "prospective_elder": "no",
        "Assigned_to_minister": "no",
        "Is_assigned_ministers": "yes",
        "ON_DO_NOT_CONTACT_LIST": "no",
        "Q_1_pct_att": 0,
        "Q_2_pct_att": 0,
        "Second_hr_pct_att": 0,
        "pct_att_drop": null,
        "_group": 2,
        "_outsideBoundary": false,
        "_cellId": "8797",
        "district_id": 0,
        "_district": 0,
        "district_color": "#e11d48",
        "district_label": 1,
        "group": 2,
        "cell_id": "8797"
      }
    },
    {
      "type": "Feature",
      "id": 820,
      "geometry": {
        "type": "Point",
        "coordinates": [
          -113.60003951854335,
          37.07402385039157
        ]
      },
      "properties": {
        "OBJECTID": 820,
        "Last_Name": "Moss",
        "First_Name": "Jackson Parker",
        "Address": "763 Crystal Dr, St. George, UT 84770",
        "lat": 37.0740242,
        "lon": -113.600037,
        "Apt_Number": null,
        "Age": 26,
        "Gender": "M",
        "BirthDate": 964569600000,
        "Notes": null,
        "Address_confidence": "high",
        "Emails": "jpmoss726@gmail.com",
        "prospective_elder": "no",
        "Assigned_to_minister": "no",
        "Is_assigned_ministers": "yes",
        "ON_DO_NOT_CONTACT_LIST": null,
        "Q_1_pct_att": null,
        "Q_2_pct_att": null,
        "Second_hr_pct_att": null,
        "pct_att_drop": null,
        "_group": 2,
        "_outsideBoundary": false,
        "_cellId": "9133",
        "district_id": 0,
        "_district": 0,
        "district_color": "#e11d48",
        "district_label": 1,
        "group": 2,
        "cell_id": "9133"
      }
    },
    {
      "type": "Feature",
      "id": 123,
      "geometry": {
        "type": "Point",
        "coordinates": [
          -113.59826044195405,
          37.07543774762485
        ]
      },
      "properties": {
        "OBJECTID": 123,
        "Last_Name": "Erickson",
        "First_Name": "Ryke",
        "Address": "676 Lava Pointe Dr, St. George, UT 84770",
        "lat": 37.0754395,
        "lon": -113.598259,
        "Apt_Number": 39,
        "Age": 27,
        "Gender": "M",
        "BirthDate": 909964800000,
        "Notes": null,
        "Address_confidence": "high",
        "Emails": "ryke.erickson@missionary.org",
        "prospective_elder": "no",
        "Assigned_to_minister": "no",
        "Is_assigned_ministers": "yes",
        "ON_DO_NOT_CONTACT_LIST": "no",
        "Q_1_pct_att": 0,
        "Q_2_pct_att": 0,
        "Second_hr_pct_att": 0,
        "pct_att_drop": null,
        "_group": 2,
        "_outsideBoundary": false,
        "_cellId": "9240",
        "district_id": 0,
        "_district": 0,
        "district_color": "#e11d48",
        "district_label": 1,
        "group": 2,
        "cell_id": "9240"
      }
    },
    {
      "type": "Feature",
      "id": 538,
      "geometry": {
        "type": "Point",
        "coordinates": [
          -113.61315385359462,
          37.08866123309478
        ]
      },
      "properties": {
        "OBJECTID": 538,
        "Last_Name": "Stout",
        "First_Name": "Skyler",
        "Address": "1390 W Sky Rocket Rd j304, St. George, UT 84770",
        "lat": 37.0886612,
        "lon": -113.613152,
        "Apt_Number": 304,
        "Age": 27,
        "Gender": "M",
        "BirthDate": 930096000000,
        "Notes": null,
        "Address_confidence": "high",
        "Emails": "skyler.stout99@gmail.com",
        "prospective_elder": "no",
        "Assigned_to_minister": "no",
        "Is_assigned_ministers": "yes",
        "ON_DO_NOT_CONTACT_LIST": "no",
        "Q_1_pct_att": 0,
        "Q_2_pct_att": 0,
        "Second_hr_pct_att": 0,
        "pct_att_drop": null,
        "_group": 2,
        "_outsideBoundary": false,
        "_cellId": "10551",
        "district_id": 0,
        "_district": 0,
        "district_color": "#e11d48",
        "district_label": 1,
        "group": 2,
        "cell_id": "10551"
      }
    },
    {
      "type": "Feature",
      "id": 602,
      "geometry": {
        "type": "Point",
        "coordinates": [
          -113.61317480859523,
          37.088656743664195
        ]
      },
      "properties": {
        "OBJECTID": 602,
        "Last_Name": "Kozak",
        "First_Name": "Trevor Andrew",
        "Address": "1390 W Sky Rocket Rd, St. George, UT 84770",
        "lat": 37.0886574,
        "lon": -113.613174,
        "Apt_Number": null,
        "Age": 27,
        "Gender": "M",
        "BirthDate": 914889600000,
        "Notes": null,
        "Address_confidence": "high",
        "Emails": "tkozak1001998@gmail.com",
        "prospective_elder": "no",
        "Assigned_to_minister": "no",
        "Is_assigned_ministers": "yes",
        "ON_DO_NOT_CONTACT_LIST": "no",
        "Q_1_pct_att": 0,
        "Q_2_pct_att": 0,
        "Second_hr_pct_att": 0,
        "pct_att_drop": null,
        "_group": 2,
        "_outsideBoundary": false,
        "_cellId": "10551",
        "district_id": 0,
        "_district": 0,
        "district_color": "#e11d48",
        "district_label": 1,
        "group": 2,
        "cell_id": "10551"
      }
    },
    {
      "type": "Feature",
      "id": 710,
      "geometry": {
        "type": "Point",
        "coordinates": [
          -113.61316241992917,
          37.08865601847603
        ]
      },
      "properties": {
        "OBJECTID": 710,
        "Last_Name": "McCallister",
        "First_Name": "Kyle",
        "Address": "1390 W Sky Rocket Rd f302, St. George, UT 84770",
        "lat": 37.0886574,
        "lon": -113.613159,
        "Apt_Number": 302,
        "Age": 26,
        "Gender": "M",
        "BirthDate": 948240000000,
        "Notes": null,
        "Address_confidence": "high",
        "Emails": "kylefly32@hotmail.com",
        "prospective_elder": "no",
        "Assigned_to_minister": "no",
        "Is_assigned_ministers": "yes",
        "ON_DO_NOT_CONTACT_LIST": "no",
        "Q_1_pct_att": 0,
        "Q_2_pct_att": 0,
        "Second_hr_pct_att": 0,
        "pct_att_drop": null,
        "_group": 2,
        "_outsideBoundary": false,
        "_cellId": "10551",
        "district_id": 0,
        "_district": 0,
        "district_color": "#e11d48",
        "district_label": 1,
        "group": 2,
        "cell_id": "10551"
      }
    },
    {
      "type": "Feature",
      "id": 221,
      "geometry": {
        "type": "Point",
        "coordinates": [
          -113.62176887952734,
          37.090377762608554
        ]
      },
      "properties": {
        "OBJECTID": 221,
        "Last_Name": "Jonas",
        "First_Name": "Logan Gray",
        "Address": "1845 W Canyon View Dr, St. George, UT 84770",
        "lat": 37.0903778,
        "lon": -113.621765,
        "Apt_Number": 1428,
        "Age": 32,
        "Gender": "M",
        "BirthDate": 764380800000,
        "Notes": null,
        "Address_confidence": "high",
        "Emails": "lgjonas@live.com",
        "prospective_elder": "no",
        "Assigned_to_minister": "no",
        "Is_assigned_ministers": "yes",
        "ON_DO_NOT_CONTACT_LIST": "no",
        "Q_1_pct_att": 0,
        "Q_2_pct_att": 0,
        "Second_hr_pct_att": 0,
        "pct_att_drop": null,
        "_group": 2,
        "_outsideBoundary": false,
        "_cellId": "10621",
        "district_id": 0,
        "_district": 0,
        "district_color": "#e11d48",
        "district_label": 1,
        "group": 2,
        "cell_id": "10621"
      }
    },
    {
      "type": "Feature",
      "id": 60,
      "geometry": {
        "type": "Point",
        "coordinates": [
          -113.58873844726611,
          37.090926949197566
        ]
      },
      "properties": {
        "OBJECTID": 60,
        "Last_Name": "Buckner",
        "First_Name": "Casey Clair",
        "Address": "1039 S 250 W, St. George, UT 84770",
        "lat": 37.0909271,
        "lon": -113.588737,
        "Apt_Number": null,
        "Age": 28,
        "Gender": "M",
        "BirthDate": 885513600000,
        "Notes": null,
        "Address_confidence": "high",
        "Emails": "casey.buckner@hotmail.com",
        "prospective_elder": "no",
        "Assigned_to_minister": "no",
        "Is_assigned_ministers": "yes",
        "ON_DO_NOT_CONTACT_LIST": "no",
        "Q_1_pct_att": 0,
        "Q_2_pct_att": 0,
        "Second_hr_pct_att": 0,
        "pct_att_drop": null,
        "_group": 2,
        "_outsideBoundary": false,
        "_cellId": "10810",
        "district_id": 0,
        "_district": 0,
        "district_color": "#e11d48",
        "district_label": 1,
        "group": 2,
        "cell_id": "10810"
      }
    },
    {
      "type": "Feature",
      "id": 292,
      "geometry": {
        "type": "Point",
        "coordinates": [
          -113.59894533369638,
          37.091801232622096
        ]
      },
      "properties": {
        "OBJECTID": 292,
        "Last_Name": "Mortensen",
        "First_Name": "Geoffrey",
        "Address": "992 Capaldi Dr, St. George, UT 84770",
        "lat": 37.0918007,
        "lon": -113.598946,
        "Apt_Number": 614,
        "Age": 28,
        "Gender": "M",
        "BirthDate": 875145600000,
        "Notes": null,
        "Address_confidence": "high",
        "Emails": "geoffreyandmorty@gmail.com",
        "prospective_elder": "no",
        "Assigned_to_minister": "no",
        "Is_assigned_ministers": "yes",
        "ON_DO_NOT_CONTACT_LIST": "no",
        "Q_1_pct_att": 0,
        "Q_2_pct_att": 0,
        "Second_hr_pct_att": 0,
        "pct_att_drop": null,
        "_group": 2,
        "_outsideBoundary": false,
        "_cellId": "11096",
        "district_id": 0,
        "_district": 0,
        "district_color": "#e11d48",
        "district_label": 1,
        "group": 2,
        "cell_id": "11096"
      }
    },
    {
      "type": "Feature",
      "id": 778,
      "geometry": {
        "type": "Point",
        "coordinates": [
          -113.57520749155238,
          37.092558525320285
        ]
      },
      "properties": {
        "OBJECTID": 778,
        "Last_Name": "Freeman",
        "First_Name": "Tyler",
        "Address": "840 S 400 E, St. George, UT 84770",
        "lat": 37.0925598,
        "lon": -113.575211,
        "Apt_Number": 12,
        "Age": 25,
        "Gender": "M",
        "BirthDate": 984873600000,
        "Notes": "might be married.  And, not 26 till March of 2027.",
        "Address_confidence": "high",
        "Emails": null,
        "prospective_elder": "no",
        "Assigned_to_minister": "no",
        "Is_assigned_ministers": "yes",
        "ON_DO_NOT_CONTACT_LIST": null,
        "Q_1_pct_att": 0,
        "Q_2_pct_att": 0,
        "Second_hr_pct_att": 0,
        "pct_att_drop": null,
        "_group": 2,
        "_outsideBoundary": false,
        "_cellId": "11340",
        "district_id": 0,
        "_district": 0,
        "district_color": "#e11d48",
        "district_label": 1,
        "group": 2,
        "cell_id": "11340"
      }
    },
    {
      "type": "Feature",
      "id": 137,
      "geometry": {
        "type": "Point",
        "coordinates": [
          -113.62631790860023,
          37.093648198486925
        ]
      },
      "properties": {
        "OBJECTID": 137,
        "Last_Name": "Franco",
        "First_Name": "Gabriel Eladio",
        "Address": "2050 W Canyon View Dr, St. George, UT 84770",
        "lat": 37.093647,
        "lon": -113.62632,
        "Apt_Number": 12,
        "Age": 27,
        "Gender": "M",
        "BirthDate": 905817600000,
        "Notes": null,
        "Address_confidence": "high",
        "Emails": "17francgab@washk12.org",
        "prospective_elder": "no",
        "Assigned_to_minister": "no",
        "Is_assigned_ministers": "yes",
        "ON_DO_NOT_CONTACT_LIST": "no",
        "Q_1_pct_att": 0,
        "Q_2_pct_att": 0,
        "Second_hr_pct_att": 0,
        "pct_att_drop": null,
        "_group": 2,
        "_outsideBoundary": false,
        "_cellId": "11731",
        "district_id": 0,
        "_district": 0,
        "district_color": "#e11d48",
        "district_label": 1,
        "group": 2,
        "cell_id": "11731"
      }
    },
    {
      "type": "Feature",
      "id": 153,
      "geometry": {
        "type": "Point",
        "coordinates": [
          -113.57348902249868,
          37.0941231532148
        ]
      },
      "properties": {
        "OBJECTID": 153,
        "Last_Name": "Griffin",
        "First_Name": "Nicholas",
        "Address": "471 E 840 S Cir, St. George, UT 84770",
        "lat": 37.0941238,
        "lon": -113.573486,
        "Apt_Number": null,
        "Age": 27,
        "Gender": "M",
        "BirthDate": 907027200000,
        "Notes": null,
        "Address_confidence": "high",
        "Emails": "nickgriffin33@gmail.com",
        "prospective_elder": "no",
        "Assigned_to_minister": "no",
        "Is_assigned_ministers": "yes",
        "ON_DO_NOT_CONTACT_LIST": "no",
        "Q_1_pct_att": 0,
        "Q_2_pct_att": 0,
        "Second_hr_pct_att": 0,
        "pct_att_drop": null,
        "_group": 2,
        "_outsideBoundary": false,
        "_cellId": "11928",
        "district_id": 0,
        "_district": 0,
        "district_color": "#e11d48",
        "district_label": 1,
        "group": 2,
        "cell_id": "11928"
      }
    },
    {
      "type": "Feature",
      "id": 518,
      "geometry": {
        "type": "Point",
        "coordinates": [
          -113.57348702195054,
          37.09411773905796
        ]
      },
      "properties": {
        "OBJECTID": 518,
        "Last_Name": "Hafen",
        "First_Name": "Ryan",
        "Address": "471 E 840 S Cir, St. George, UT 84770",
        "lat": 37.0941162,
        "lon": -113.573486,
        "Apt_Number": null,
        "Age": 27,
        "Gender": "M",
        "BirthDate": 925516800000,
        "Notes": null,
        "Address_confidence": "high",
        "Emails": "ryanhaf22@gmail.com",
        "prospective_elder": "no",
        "Assigned_to_minister": "no",
        "Is_assigned_ministers": "yes",
        "ON_DO_NOT_CONTACT_LIST": "no",
        "Q_1_pct_att": 0,
        "Q_2_pct_att": 0,
        "Second_hr_pct_att": 0,
        "pct_att_drop": null,
        "_group": 2,
        "_outsideBoundary": false,
        "_cellId": "11928",
        "district_id": 0,
        "_district": 0,
        "district_color": "#e11d48",
        "district_label": 1,
        "group": 2,
        "cell_id": "11928"
      }
    },
    {
      "type": "Feature",
      "id": 14,
      "geometry": {
        "type": "Point",
        "coordinates": [
          -113.61242329689318,
          37.09476465784381
        ]
      },
      "properties": {
        "OBJECTID": 14,
        "Last_Name": "Arave",
        "First_Name": "Colin Todd",
        "Address": "710 S Indian Hills Dr, St. George, UT 84770",
        "lat": 37.0947647,
        "lon": -113.612427,
        "Apt_Number": 37,
        "Age": 30,
        "Gender": "M",
        "BirthDate": 819504000000,
        "Notes": null,
        "Address_confidence": "high",
        "Emails": "carave95@gmail.com",
        "prospective_elder": "no",
        "Assigned_to_minister": "no",
        "Is_assigned_ministers": "yes",
        "ON_DO_NOT_CONTACT_LIST": "no",
        "Q_1_pct_att": 0,
        "Q_2_pct_att": 0,
        "Second_hr_pct_att": 0,
        "pct_att_drop": null,
        "_group": 2,
        "_outsideBoundary": false,
        "_cellId": "12160",
        "district_id": 0,
        "_district": 0,
        "district_color": "#e11d48",
        "district_label": 1,
        "group": 2,
        "cell_id": "12160"
      }
    },
    {
      "type": "Feature",
      "id": 118,
      "geometry": {
        "type": "Point",
        "coordinates": [
          -113.622825106062,
          37.095029035235875
        ]
      },
      "properties": {
        "OBJECTID": 118,
        "Last_Name": "Edwards",
        "First_Name": "Corey Dean",
        "Address": "1843 W 740 S, St. George, UT 84770",
        "lat": 37.0950279,
        "lon": -113.622826,
        "Apt_Number": null,
        "Age": 33,
        "Gender": "M",
        "BirthDate": 736560000000,
        "Notes": "https://www.facebook.com/corey.edwards.94695",
        "Address_confidence": "low",
        "Emails": "corey.edwards03@gmail.com",
        "prospective_elder": "no",
        "Assigned_to_minister": "no",
        "Is_assigned_ministers": "yes",
        "ON_DO_NOT_CONTACT_LIST": "no",
        "Q_1_pct_att": 0,
        "Q_2_pct_att": 0,
        "Second_hr_pct_att": 0,
        "pct_att_drop": null,
        "_group": 2,
        "_outsideBoundary": false,
        "_cellId": "12305",
        "district_id": 0,
        "_district": 0,
        "district_color": "#e11d48",
        "district_label": 1,
        "group": 2,
        "cell_id": "12305"
      }
    },
    {
      "type": "Feature",
      "id": 682,
      "geometry": {
        "type": "Point",
        "coordinates": [
          -113.5708036850266,
          37.09513695730033
        ]
      },
      "properties": {
        "OBJECTID": 682,
        "Last_Name": "Wintch",
        "First_Name": "Simon",
        "Address": "598 E 760 S Cir, St. George, UT 84770",
        "lat": 37.0951385,
        "lon": -113.570801,
        "Apt_Number": null,
        "Age": 26,
        "Gender": "M",
        "BirthDate": 938304000000,
        "Notes": null,
        "Address_confidence": "high",
        "Emails": "sswintch@gmail.com",
        "prospective_elder": "no",
        "Assigned_to_minister": "no",
        "Is_assigned_ministers": "yes",
        "ON_DO_NOT_CONTACT_LIST": "no",
        "Q_1_pct_att": 0,
        "Q_2_pct_att": 0,
        "Second_hr_pct_att": 0,
        "pct_att_drop": null,
        "_group": 2,
        "_outsideBoundary": false,
        "_cellId": "12328",
        "district_id": 0,
        "_district": 0,
        "district_color": "#e11d48",
        "district_label": 1,
        "group": 2,
        "cell_id": "12328"
      }
    },
    {
      "type": "Feature",
      "id": 606,
      "geometry": {
        "type": "Point",
        "coordinates": [
          -113.58154400724224,
          37.09578193349251
        ]
      },
      "properties": {
        "OBJECTID": 606,
        "Last_Name": "Marx",
        "First_Name": "Michael",
        "Address": "740 S 100 E, St. George, UT 84770",
        "lat": 37.0957832,
        "lon": -113.581543,
        "Apt_Number": null,
        "Age": 34,
        "Gender": "M",
        "BirthDate": 687830400000,
        "Notes": null,
        "Address_confidence": "high",
        "Emails": "mikeymarx444@gmail.com",
        "prospective_elder": "yes",
        "Assigned_to_minister": "no",
        "Is_assigned_ministers": "yes",
        "ON_DO_NOT_CONTACT_LIST": "no",
        "Q_1_pct_att": 23.07692307692308,
        "Q_2_pct_att": 7.6923076923076925,
        "Second_hr_pct_att": 15.38461538461539,
        "pct_att_drop": 66.66666666666666,
        "_group": 2,
        "_outsideBoundary": false,
        "_cellId": "12624",
        "district_id": 0,
        "_district": 0,
        "district_color": "#e11d48",
        "district_label": 1,
        "group": 2,
        "cell_id": "12624"
      }
    },
    {
      "type": "Feature",
      "id": 127,
      "geometry": {
        "type": "Point",
        "coordinates": [
          -113.56766501723799,
          37.09664894919505
        ]
      },
      "properties": {
        "OBJECTID": 127,
        "Last_Name": "Farnsworth",
        "First_Name": "Caden",
        "Address": "669 S 700 E, St. George, UT 84770",
        "lat": 37.0966492,
        "lon": -113.567665,
        "Apt_Number": 7,
        "Age": 29,
        "Gender": "M",
        "BirthDate": 868060800000,
        "Notes": null,
        "Address_confidence": "low",
        "Emails": "cbcade@gmail.com",
        "prospective_elder": "no",
        "Assigned_to_minister": "no",
        "Is_assigned_ministers": "yes",
        "ON_DO_NOT_CONTACT_LIST": "no",
        "Q_1_pct_att": 0,
        "Q_2_pct_att": 0,
        "Second_hr_pct_att": 0,
        "pct_att_drop": null,
        "_group": 2,
        "_outsideBoundary": false,
        "_cellId": "12949",
        "district_id": 0,
        "_district": 0,
        "district_color": "#e11d48",
        "district_label": 1,
        "group": 2,
        "cell_id": "12949"
      }
    },
    {
      "type": "Feature",
      "id": 330,
      "geometry": {
        "type": "Point",
        "coordinates": [
          -113.56952346716912,
          37.09653558234037
        ]
      },
      "properties": {
        "OBJECTID": 330,
        "Last_Name": "Perez",
        "First_Name": "Jaylin",
        "Address": "655 E 700 S, St. George, UT 84770",
        "lat": 37.0965347,
        "lon": -113.569527,
        "Apt_Number": null,
        "Age": 30,
        "Gender": "M",
        "BirthDate": 822441600000,
        "Notes": "address appears incomplete",
        "Address_confidence": "low",
        "Emails": "superjaylandr@gmail.com",
        "prospective_elder": "no",
        "Assigned_to_minister": "no",
        "Is_assigned_ministers": "yes",
        "ON_DO_NOT_CONTACT_LIST": "no",
        "Q_1_pct_att": 0,
        "Q_2_pct_att": 0,
        "Second_hr_pct_att": 0,
        "pct_att_drop": null,
        "_group": 2,
        "_outsideBoundary": false,
        "_cellId": "13185",
        "district_id": 0,
        "_district": 0,
        "district_color": "#e11d48",
        "district_label": 1,
        "group": 2,
        "cell_id": "13185"
      }
    },
    {
      "type": "Feature",
      "id": 744,
      "geometry": {
        "type": "Point",
        "coordinates": [
          -113.56931041283487,
          37.09692297858055
        ]
      },
      "properties": {
        "OBJECTID": 744,
        "Last_Name": "Felsted",
        "First_Name": "Spencer Landon",
        "Address": "655 E 700 S, St. George, UT 84770",
        "lat": 37.0969238,
        "lon": -113.569313,
        "Apt_Number": 8,
        "Age": 29,
        "Gender": "M",
        "BirthDate": 848793600000,
        "Notes": null,
        "Address_confidence": "high",
        "Emails": "aileron565@gmail.com",
        "prospective_elder": "no",
        "Assigned_to_minister": "no",
        "Is_assigned_ministers": "yes",
        "ON_DO_NOT_CONTACT_LIST": "no",
        "Q_1_pct_att": 0,
        "Q_2_pct_att": 0,
        "Second_hr_pct_att": 0,
        "pct_att_drop": null,
        "_group": 2,
        "_outsideBoundary": false,
        "_cellId": "13185",
        "district_id": 0,
        "_district": 0,
        "district_color": "#e11d48",
        "district_label": 1,
        "group": 2,
        "cell_id": "13185"
      }
    },
    {
      "type": "Feature",
      "id": 258,
      "geometry": {
        "type": "Point",
        "coordinates": [
          -113.57159013221008,
          37.09713180970333
        ]
      },
      "properties": {
        "OBJECTID": 258,
        "Last_Name": "Lyman",
        "First_Name": "Chandler",
        "Address": "652 S 600 E, St. George, UT 84770",
        "lat": 37.0971336,
        "lon": -113.571587,
        "Apt_Number": 8,
        "Age": 27,
        "Gender": "M",
        "BirthDate": 910742400000,
        "Notes": null,
        "Address_confidence": "high",
        "Emails": "ChandlerLyman1@gmail.com",
        "prospective_elder": "no",
        "Assigned_to_minister": "no",
        "Is_assigned_ministers": "yes",
        "ON_DO_NOT_CONTACT_LIST": "no",
        "Q_1_pct_att": 0,
        "Q_2_pct_att": 0,
        "Second_hr_pct_att": 0,
        "pct_att_drop": null,
        "_group": 2,
        "_outsideBoundary": false,
        "_cellId": "13391",
        "district_id": 0,
        "_district": 0,
        "district_color": "#e11d48",
        "district_label": 1,
        "group": 2,
        "cell_id": "13391"
      }
    },
    {
      "type": "Feature",
      "id": 33,
      "geometry": {
        "type": "Point",
        "coordinates": [
          -113.57404216552479,
          37.097360477460285
        ]
      },
      "properties": {
        "OBJECTID": 33,
        "Last_Name": "Bellavance",
        "First_Name": "Andrew",
        "Address": "435 E 650 S, St. George, UT 84770",
        "lat": 37.0973587,
        "lon": -113.574043,
        "Apt_Number": null,
        "Age": 31,
        "Gender": "M",
        "BirthDate": 779414400000,
        "Notes": null,
        "Address_confidence": "high",
        "Emails": "andrew.bellavance@hotmail.com",
        "prospective_elder": "no",
        "Assigned_to_minister": "no",
        "Is_assigned_ministers": "yes",
        "ON_DO_NOT_CONTACT_LIST": "no",
        "Q_1_pct_att": 0,
        "Q_2_pct_att": 0,
        "Second_hr_pct_att": 0,
        "pct_att_drop": null,
        "_group": 2,
        "_outsideBoundary": false,
        "_cellId": "13416",
        "district_id": 0,
        "_district": 0,
        "district_color": "#e11d48",
        "district_label": 1,
        "group": 2,
        "cell_id": "13416"
      }
    },
    {
      "type": "Feature",
      "id": 577,
      "geometry": {
        "type": "Point",
        "coordinates": [
          -113.58057543921132,
          37.09915797536561
        ]
      },
      "properties": {
        "OBJECTID": 577,
        "Last_Name": "Acosta",
        "First_Name": "Joseph",
        "Address": "142 E 500 S, St. George, UT 84770",
        "lat": 37.0991592,
        "lon": -113.580574,
        "Apt_Number": 2,
        "Age": 33,
        "Gender": "M",
        "BirthDate": 733449600000,
        "Notes": null,
        "Address_confidence": "high",
        "Emails": "joey@ebpnet.com",
        "prospective_elder": "no",
        "Assigned_to_minister": "no",
        "Is_assigned_ministers": "yes",
        "ON_DO_NOT_CONTACT_LIST": "no",
        "Q_1_pct_att": 0,
        "Q_2_pct_att": 0,
        "Second_hr_pct_att": 0,
        "pct_att_drop": null,
        "_group": 2,
        "_outsideBoundary": false,
        "_cellId": "14270",
        "district_id": 0,
        "_district": 0,
        "district_color": "#e11d48",
        "district_label": 1,
        "group": 2,
        "cell_id": "14270"
      }
    },
    {
      "type": "Feature",
      "id": 498,
      "geometry": {
        "type": "Point",
        "coordinates": [
          -113.57950458451059,
          37.099322004779694
        ]
      },
      "properties": {
        "OBJECTID": 498,
        "Last_Name": "Hurst",
        "First_Name": "Ethan",
        "Address": "524 S 200 E, St. George, UT 84770",
        "lat": 37.0993233,
        "lon": -113.579506,
        "Apt_Number": 3,
        "Age": 27,
        "Gender": "M",
        "BirthDate": 921801600000,
        "Notes": null,
        "Address_confidence": "high",
        "Emails": null,
        "prospective_elder": "no",
        "Assigned_to_minister": "no",
        "Is_assigned_ministers": "yes",
        "ON_DO_NOT_CONTACT_LIST": "no",
        "Q_1_pct_att": 0,
        "Q_2_pct_att": 0,
        "Second_hr_pct_att": 0,
        "pct_att_drop": null,
        "_group": 2,
        "_outsideBoundary": false,
        "_cellId": "14336",
        "district_id": 0,
        "_district": 0,
        "district_color": "#e11d48",
        "district_label": 1,
        "group": 2,
        "cell_id": "14336"
      }
    },
    {
      "type": "Feature",
      "id": 449,
      "geometry": {
        "type": "Point",
        "coordinates": [
          -113.56959980869692,
          37.099377224508686
        ]
      },
      "properties": {
        "OBJECTID": 449,
        "Last_Name": "Vuki",
        "First_Name": "Micah Ifalemi Kealoha",
        "Address": "650 E 500 S, St. George, UT 84770",
        "lat": 37.0993767,
        "lon": -113.569603,
        "Apt_Number": null,
        "Age": 27,
        "Gender": "M",
        "BirthDate": 910396800000,
        "Notes": null,
        "Address_confidence": "high",
        "Emails": "micahvuki@gmail.com",
        "prospective_elder": "no",
        "Assigned_to_minister": "no",
        "Is_assigned_ministers": "yes",
        "ON_DO_NOT_CONTACT_LIST": "no",
        "Q_1_pct_att": 0,
        "Q_2_pct_att": 0,
        "Second_hr_pct_att": 0,
        "pct_att_drop": null,
        "_group": 2,
        "_outsideBoundary": false,
        "_cellId": "14412",
        "district_id": 0,
        "_district": 0,
        "district_color": "#e11d48",
        "district_label": 1,
        "group": 2,
        "cell_id": "14412"
      }
    },
    {
      "type": "Feature",
      "id": 727,
      "geometry": {
        "type": "Point",
        "coordinates": [
          -113.56959961555913,
          37.09937281524309
        ]
      },
      "properties": {
        "OBJECTID": 727,
        "Last_Name": "Brimhall",
        "First_Name": "Jarom",
        "Address": "650 E 500 S, St. George, UT 84770",
        "lat": 37.0993729,
        "lon": -113.569603,
        "Apt_Number": null,
        "Age": 27,
        "Gender": "M",
        "BirthDate": 928195200000,
        "Notes": null,
        "Address_confidence": "high",
        "Emails": null,
        "prospective_elder": "no",
        "Assigned_to_minister": "no",
        "Is_assigned_ministers": "yes",
        "ON_DO_NOT_CONTACT_LIST": "no",
        "Q_1_pct_att": 0,
        "Q_2_pct_att": 0,
        "Second_hr_pct_att": 0,
        "pct_att_drop": null,
        "_group": 2,
        "_outsideBoundary": false,
        "_cellId": "14412",
        "district_id": 0,
        "_district": 0,
        "district_color": "#e11d48",
        "district_label": 1,
        "group": 2,
        "cell_id": "14412"
      }
    },
    {
      "type": "Feature",
      "id": 363,
      "geometry": {
        "type": "Point",
        "coordinates": [
          -113.62005092880158,
          37.1000173512816
        ]
      },
      "properties": {
        "OBJECTID": 363,
        "Last_Name": "Romero",
        "First_Name": "Erik Alexis",
        "Address": "1732 W Green Valley Ln, St. George, UT 84770",
        "lat": 37.1000175,
        "lon": -113.620049,
        "Apt_Number": null,
        "Age": 27,
        "Gender": "M",
        "BirthDate": 905385600000,
        "Notes": "https://www.facebook.com/erik.romero3",
        "Address_confidence": "low",
        "Emails": "erikromero1335@gmail.com",
        "prospective_elder": "no",
        "Assigned_to_minister": "no",
        "Is_assigned_ministers": "yes",
        "ON_DO_NOT_CONTACT_LIST": "no",
        "Q_1_pct_att": 0,
        "Q_2_pct_att": 0,
        "Second_hr_pct_att": 0,
        "pct_att_drop": null,
        "_group": 2,
        "_outsideBoundary": false,
        "_cellId": "14720",
        "district_id": 0,
        "_district": 0,
        "district_color": "#e11d48",
        "district_label": 1,
        "group": 2,
        "cell_id": "14720"
      }
    },
    {
      "type": "Feature",
      "id": 387,
      "geometry": {
        "type": "Point",
        "coordinates": [
          -113.62005495864392,
          37.10001505854022
        ]
      },
      "properties": {
        "OBJECTID": 387,
        "Last_Name": "Shurtz",
        "First_Name": "Justin Kenneth",
        "Address": "1732 W Green Valley Ln, St. George, UT 84770",
        "lat": 37.1000137,
        "lon": -113.620056,
        "Apt_Number": null,
        "Age": 28,
        "Gender": "M",
        "BirthDate": 896054400000,
        "Notes": null,
        "Address_confidence": "high",
        "Emails": "Just.shurtz05@gmail.com",
        "prospective_elder": "no",
        "Assigned_to_minister": "no",
        "Is_assigned_ministers": "yes",
        "ON_DO_NOT_CONTACT_LIST": "no",
        "Q_1_pct_att": 0,
        "Q_2_pct_att": 0,
        "Second_hr_pct_att": 0,
        "pct_att_drop": null,
        "_group": 2,
        "_outsideBoundary": false,
        "_cellId": "14720",
        "district_id": 0,
        "_district": 0,
        "district_color": "#e11d48",
        "district_label": 1,
        "group": 2,
        "cell_id": "14720"
      }
    },
    {
      "type": "Feature",
      "id": 45,
      "geometry": {
        "type": "Point",
        "coordinates": [
          -113.58432375854899,
          37.10064322839278
        ]
      },
      "properties": {
        "OBJECTID": 45,
        "Last_Name": "Boone",
        "First_Name": "Jacob",
        "Address": "460 S Main St, St. George, UT 84770",
        "lat": 37.1006432,
        "lon": -113.58432,
        "Apt_Number": 18,
        "Age": 28,
        "Gender": "M",
        "BirthDate": 884217600000,
        "Notes": null,
        "Address_confidence": "high",
        "Emails": "Jacob.boone5656@gmail.com",
        "prospective_elder": "no",
        "Assigned_to_minister": "yes",
        "Is_assigned_ministers": "yes",
        "ON_DO_NOT_CONTACT_LIST": "no",
        "Q_1_pct_att": 23.07692307692308,
        "Q_2_pct_att": 15.38461538461539,
        "Second_hr_pct_att": 19.23076923076923,
        "pct_att_drop": 33.33333333333332,
        "_group": 1,
        "_outsideBoundary": false,
        "_cellId": "14963",
        "district_id": 1,
        "_district": 1,
        "district_color": "#2563eb",
        "district_label": 2,
        "group": 1,
        "cell_id": "14963"
      }
    },
    {
      "type": "Feature",
      "id": 415,
      "geometry": {
        "type": "Point",
        "coordinates": [
          -113.57449895974507,
          37.100945597034894
        ]
      },
      "properties": {
        "OBJECTID": 415,
        "Last_Name": "Stucki",
        "First_Name": "Bradley",
        "Address": "419 S 400 E, St. George, UT 84770",
        "lat": 37.1009445,
        "lon": -113.574501,
        "Apt_Number": null,
        "Age": 29,
        "Gender": "M",
        "BirthDate": 863481600000,
        "Notes": null,
        "Address_confidence": "high",
        "Emails": "bradley.stucki@gmail.com",
        "prospective_elder": "no",
        "Assigned_to_minister": "yes",
        "Is_assigned_ministers": "yes",
        "ON_DO_NOT_CONTACT_LIST": "no",
        "Q_1_pct_att": 30.76923076923077,
        "Q_2_pct_att": 30.76923076923077,
        "Second_hr_pct_att": 30.76923076923077,
        "pct_att_drop": 0,
        "_group": 1,
        "_outsideBoundary": false,
        "_cellId": "15116",
        "district_id": 1,
        "_district": 1,
        "district_color": "#2563eb",
        "district_label": 2,
        "group": 1,
        "cell_id": "15116"
      }
    },
    {
      "type": "Feature",
      "id": 282,
      "geometry": {
        "type": "Point",
        "coordinates": [
          -113.58174604463784,
          37.101145526381806
        ]
      },
      "properties": {
        "OBJECTID": 282,
        "Last_Name": "Miner",
        "First_Name": "Jens",
        "Address": "86 E 400 S, St. George, UT 84770",
        "lat": 37.1011467,
        "lon": -113.581749,
        "Apt_Number": null,
        "Age": 28,
        "Gender": "M",
        "BirthDate": 888451200000,
        "Notes": null,
        "Address_confidence": "high",
        "Emails": "miner.je15@gmail.com",
        "prospective_elder": "no",
        "Assigned_to_minister": "yes",
        "Is_assigned_ministers": "yes",
        "ON_DO_NOT_CONTACT_LIST": "no",
        "Q_1_pct_att": 15.38461538461539,
        "Q_2_pct_att": 0,
        "Second_hr_pct_att": 7.6923076923076925,
        "pct_att_drop": 100,
        "_group": 1,
        "_outsideBoundary": false,
        "_cellId": "15227",
        "district_id": 1,
        "_district": 1,
        "district_color": "#2563eb",
        "district_label": 2,
        "group": 1,
        "cell_id": "15227"
      }
    },
    {
      "type": "Feature",
      "id": 194,
      "geometry": {
        "type": "Point",
        "coordinates": [
          -113.56884138535705,
          37.10241875916142
        ]
      },
      "properties": {
        "OBJECTID": 194,
        "Last_Name": "Huefner",
        "First_Name": "Grant",
        "Address": "338 S 700 E, St. George, UT 84770",
        "lat": 37.102417,
        "lon": -113.56884,
        "Apt_Number": null,
        "Age": 29,
        "Gender": "M",
        "BirthDate": 848102400000,
        "Notes": null,
        "Address_confidence": "high",
        "Emails": "granthuefner@gmail.com",
        "prospective_elder": "no",
        "Assigned_to_minister": "yes",
        "Is_assigned_ministers": "yes",
        "ON_DO_NOT_CONTACT_LIST": "no",
        "Q_1_pct_att": 30.76923076923077,
        "Q_2_pct_att": 7.6923076923076925,
        "Second_hr_pct_att": 19.23076923076923,
        "pct_att_drop": 75,
        "_group": 1,
        "_outsideBoundary": false,
        "_cellId": "16025",
        "district_id": 1,
        "_district": 1,
        "district_color": "#2563eb",
        "district_label": 2,
        "group": 1,
        "cell_id": "16025"
      }
    },
    {
      "type": "Feature",
      "id": 667,
      "geometry": {
        "type": "Point",
        "coordinates": [
          -113.56881374060248,
          37.101990539745984
        ]
      },
      "properties": {
        "OBJECTID": 667,
        "Last_Name": "Kersey",
        "First_Name": "Jordan",
        "Address": "364 S 700 E d417, St. George, UT 84770",
        "lat": 37.1019897,
        "lon": -113.568817,
        "Apt_Number": 417,
        "Age": 32,
        "Gender": "M",
        "BirthDate": 749260800000,
        "Notes": null,
        "Address_confidence": "high",
        "Emails": "jordanmkersey@gmail.com",
        "prospective_elder": "no",
        "Assigned_to_minister": "yes",
        "Is_assigned_ministers": "yes",
        "ON_DO_NOT_CONTACT_LIST": "no",
        "Q_1_pct_att": 30.76923076923077,
        "Q_2_pct_att": 30.76923076923077,
        "Second_hr_pct_att": 30.76923076923077,
        "pct_att_drop": 0,
        "_group": 1,
        "_outsideBoundary": false,
        "_cellId": "15705",
        "district_id": 1,
        "_district": 1,
        "district_color": "#2563eb",
        "district_label": 2,
        "group": 1,
        "cell_id": "15705"
      }
    },
    {
      "type": "Feature",
      "id": 722,
      "geometry": {
        "type": "Point",
        "coordinates": [
          -113.56881241468913,
          37.101993397000406
        ]
      },
      "properties": {
        "OBJECTID": 722,
        "Last_Name": "Oakley",
        "First_Name": "Garren",
        "Address": "364 S 700 E, St. George, UT 84770",
        "lat": 37.1019936,
        "lon": -113.56881,
        "Apt_Number": null,
        "Age": 31,
        "Gender": "M",
        "BirthDate": 803174400000,
        "Notes": null,
        "Address_confidence": "high",
        "Emails": "garrenoakley@yahoo.com",
        "prospective_elder": "no",
        "Assigned_to_minister": "yes",
        "Is_assigned_ministers": "yes",
        "ON_DO_NOT_CONTACT_LIST": "no",
        "Q_1_pct_att": 66.66666666666666,
        "Q_2_pct_att": 46.15384615384616,
        "Second_hr_pct_att": 54.54545454545454,
        "pct_att_drop": 30.76923076923075,
        "_group": 1,
        "_outsideBoundary": false,
        "_cellId": "15705",
        "district_id": 1,
        "_district": 1,
        "district_color": "#2563eb",
        "district_label": 2,
        "group": 1,
        "cell_id": "15705"
      }
    },
    {
      "type": "Feature",
      "id": 530,
      "geometry": {
        "type": "Point",
        "coordinates": [
          -113.6172454461518,
          37.10234966812674
        ]
      },
      "properties": {
        "OBJECTID": 530,
        "Last_Name": "Graham",
        "First_Name": "Gabriel Demetrius",
        "Address": "1590 W Brook View Ln\r\nSaint George, Utah 84770-6857",
        "lat": 37.1023483,
        "lon": -113.617249,
        "Apt_Number": null,
        "Age": 27,
        "Gender": "M",
        "BirthDate": 927590400000,
        "Notes": null,
        "Address_confidence": "high",
        "Emails": "gabethegraham@gmail.com",
        "prospective_elder": "no",
        "Assigned_to_minister": "yes",
        "Is_assigned_ministers": "yes",
        "ON_DO_NOT_CONTACT_LIST": "no",
        "Q_1_pct_att": 15.38461538461539,
        "Q_2_pct_att": 23.07692307692308,
        "Second_hr_pct_att": 19.23076923076923,
        "pct_att_drop": 0,
        "_group": 1,
        "_outsideBoundary": false,
        "_cellId": "16140",
        "district_id": 1,
        "_district": 1,
        "district_color": "#2563eb",
        "district_label": 2,
        "group": 1,
        "cell_id": "16140"
      }
    },
    {
      "type": "Feature",
      "id": 269,
      "geometry": {
        "type": "Point",
        "coordinates": [
          -113.56176576819077,
          37.10272916221951
        ]
      },
      "properties": {
        "OBJECTID": 269,
        "Last_Name": "Maughan",
        "First_Name": "Landon Joshua",
        "Address": "333 S 1000 E f1, St. George, UT 84770",
        "lat": 37.1027298,
        "lon": -113.561768,
        "Apt_Number": 1,
        "Age": 31,
        "Gender": "M",
        "BirthDate": 801964800000,
        "Notes": null,
        "Address_confidence": "high",
        "Emails": "tubalandon@gmail.com",
        "prospective_elder": "no",
        "Assigned_to_minister": "yes",
        "Is_assigned_ministers": "yes",
        "ON_DO_NOT_CONTACT_LIST": "no",
        "Q_1_pct_att": 69.23076923076923,
        "Q_2_pct_att": 38.46153846153846,
        "Second_hr_pct_att": 53.84615384615385,
        "pct_att_drop": 44.44444444444444,
        "_group": 1,
        "_outsideBoundary": false,
        "_cellId": "16486",
        "district_id": 1,
        "_district": 1,
        "district_color": "#2563eb",
        "district_label": 2,
        "group": 1,
        "cell_id": "16486"
      }
    },
    {
      "type": "Feature",
      "id": 160,
      "geometry": {
        "type": "Point",
        "coordinates": [
          -113.572342481142,
          37.103842451468765
        ]
      },
      "properties": {
        "OBJECTID": 160,
        "Last_Name": "Hainsworth",
        "First_Name": "Ezra",
        "Address": "253 S 500 E, St. George, UT 84770",
        "lat": 37.1038437,
        "lon": -113.572342,
        "Apt_Number": null,
        "Age": 33,
        "Gender": "M",
        "BirthDate": 743385600000,
        "Notes": null,
        "Address_confidence": "high",
        "Emails": "ezrahainsworth@gmail.com",
        "prospective_elder": "no",
        "Assigned_to_minister": "yes",
        "Is_assigned_ministers": "yes",
        "ON_DO_NOT_CONTACT_LIST": "no",
        "Q_1_pct_att": 15.38461538461539,
        "Q_2_pct_att": 7.6923076923076925,
        "Second_hr_pct_att": 11.53846153846154,
        "pct_att_drop": 50.00000000000002,
        "_group": 1,
        "_outsideBoundary": false,
        "_cellId": "16928",
        "district_id": 1,
        "_district": 1,
        "district_color": "#2563eb",
        "district_label": 2,
        "group": 1,
        "cell_id": "16928"
      }
    },
    {
      "type": "Feature",
      "id": 244,
      "geometry": {
        "type": "Point",
        "coordinates": [
          -113.58154777118328,
          37.1045638950314
        ]
      },
      "properties": {
        "OBJECTID": 244,
        "Last_Name": "Larsen",
        "First_Name": "Jacob",
        "Address": "84 E 200 S, St. George, UT 84770",
        "lat": 37.1045647,
        "lon": -113.581551,
        "Apt_Number": null,
        "Age": 29,
        "Gender": "M",
        "BirthDate": 839894400000,
        "Notes": null,
        "Address_confidence": "high",
        "Emails": "larsenjacobc@gmail.com",
        "prospective_elder": "no",
        "Assigned_to_minister": "yes",
        "Is_assigned_ministers": "yes",
        "ON_DO_NOT_CONTACT_LIST": "no",
        "Q_1_pct_att": 15.38461538461539,
        "Q_2_pct_att": 0,
        "Second_hr_pct_att": 7.6923076923076925,
        "pct_att_drop": 100,
        "_group": 1,
        "_outsideBoundary": false,
        "_cellId": "17352",
        "district_id": 1,
        "_district": 1,
        "district_color": "#2563eb",
        "district_label": 2,
        "group": 1,
        "cell_id": "17352"
      }
    },
    {
      "type": "Feature",
      "id": 467,
      "geometry": {
        "type": "Point",
        "coordinates": [
          -113.58073248358761,
          37.105024575157444
        ]
      },
      "properties": {
        "OBJECTID": 467,
        "Last_Name": "Whitworth",
        "First_Name": "Richard",
        "Address": "121 E 200 S, St. George, UT 84770",
        "lat": 37.1050262,
        "lon": -113.580734,
        "Apt_Number": null,
        "Age": 30,
        "Gender": "M",
        "BirthDate": 828576000000,
        "Notes": "https://www.facebook.com/profile.php?id=100006878162959",
        "Address_confidence": "low",
        "Emails": "richardb.whitworth@gmail.com",
        "prospective_elder": "no",
        "Assigned_to_minister": "yes",
        "Is_assigned_ministers": "yes",
        "ON_DO_NOT_CONTACT_LIST": "no",
        "Q_1_pct_att": 0,
        "Q_2_pct_att": 7.6923076923076925,
        "Second_hr_pct_att": 3.846153846153846,
        "pct_att_drop": null,
        "_group": 1,
        "_outsideBoundary": false,
        "_cellId": "17561",
        "district_id": 1,
        "_district": 1,
        "district_color": "#2563eb",
        "district_label": 2,
        "group": 1,
        "cell_id": "17561"
      }
    },
    {
      "type": "Feature",
      "id": 797,
      "geometry": {
        "type": "Point",
        "coordinates": [
          -113.5610701290044,
          37.10549183503975
        ]
      },
      "properties": {
        "OBJECTID": 797,
        "Last_Name": "Abo",
        "First_Name": "Kai",
        "Address": "175 S 1000 E, St. George, UT 84770",
        "lat": 37.1054916,
        "lon": -113.561073,
        "Apt_Number": 9,
        "Age": 26,
        "Gender": "M",
        "BirthDate": 939600000000,
        "Notes": null,
        "Address_confidence": "high",
        "Emails": "kai.abo@hotmail.com",
        "prospective_elder": "no",
        "Assigned_to_minister": "yes",
        "Is_assigned_ministers": "yes",
        "ON_DO_NOT_CONTACT_LIST": null,
        "Q_1_pct_att": null,
        "Q_2_pct_att": 0,
        "Second_hr_pct_att": 0,
        "pct_att_drop": null,
        "_group": 1,
        "_outsideBoundary": false,
        "_cellId": "17778",
        "district_id": 1,
        "_district": 1,
        "district_color": "#2563eb",
        "district_label": 2,
        "group": 1,
        "cell_id": "17778"
      }
    },
    {
      "type": "Feature",
      "id": 718,
      "geometry": {
        "type": "Point",
        "coordinates": [
          -113.56885238343106,
          37.10550943986943
        ]
      },
      "properties": {
        "OBJECTID": 718,
        "Last_Name": "Fotheringham",
        "First_Name": "Tyson",
        "Address": "689 E 160 S, St. George, UT 84770",
        "lat": 37.1055107,
        "lon": -113.568855,
        "Apt_Number": null,
        "Age": 28,
        "Gender": "M",
        "BirthDate": 888796800000,
        "Notes": null,
        "Address_confidence": "high",
        "Emails": null,
        "prospective_elder": "no",
        "Assigned_to_minister": "yes",
        "Is_assigned_ministers": "yes",
        "ON_DO_NOT_CONTACT_LIST": "no",
        "Q_1_pct_att": 22.22222222222222,
        "Q_2_pct_att": 30.76923076923077,
        "Second_hr_pct_att": 27.27272727272727,
        "pct_att_drop": 0,
        "_group": 1,
        "_outsideBoundary": false,
        "_cellId": "17798",
        "district_id": 1,
        "_district": 1,
        "district_color": "#2563eb",
        "district_label": 2,
        "group": 1,
        "cell_id": "17798"
      }
    },
    {
      "type": "Feature",
      "id": 806,
      "geometry": {
        "type": "Point",
        "coordinates": [
          -113.5851318479443,
          37.105765941336756
        ]
      },
      "properties": {
        "OBJECTID": 806,
        "Last_Name": "Bryner",
        "First_Name": "Aaron",
        "Address": "143 S 100 W St, St. George, UT 84770",
        "lat": 37.1057663,
        "lon": -113.585129,
        "Apt_Number": null,
        "Age": 26,
        "Gender": "M",
        "BirthDate": 962409600000,
        "Notes": null,
        "Address_confidence": "high",
        "Emails": "abryner469@gmail.com",
        "prospective_elder": "no",
        "Assigned_to_minister": "yes",
        "Is_assigned_ministers": "yes",
        "ON_DO_NOT_CONTACT_LIST": null,
        "Q_1_pct_att": null,
        "Q_2_pct_att": null,
        "Second_hr_pct_att": null,
        "pct_att_drop": null,
        "_group": 1,
        "_outsideBoundary": false,
        "_cellId": "17986",
        "district_id": 1,
        "_district": 1,
        "district_color": "#2563eb",
        "district_label": 2,
        "group": 1,
        "cell_id": "17986"
      }
    },
    {
      "type": "Feature",
      "id": 592,
      "geometry": {
        "type": "Point",
        "coordinates": [
          -113.58043170247767,
          37.1067299311187
        ]
      },
      "properties": {
        "OBJECTID": 592,
        "Last_Name": "Gallegos Guevara",
        "First_Name": "Enrique Mosiah",
        "Address": "123 E 100 S, St. George, UT 84770",
        "lat": 37.1067314,
        "lon": -113.580429,
        "Apt_Number": null,
        "Age": 27,
        "Gender": "M",
        "BirthDate": 919382400000,
        "Notes": null,
        "Address_confidence": "high",
        "Emails": "enriquewankenobi1@gmail.com",
        "prospective_elder": "no",
        "Assigned_to_minister": "yes",
        "Is_assigned_ministers": "yes",
        "ON_DO_NOT_CONTACT_LIST": "no",
        "Q_1_pct_att": 7.6923076923076925,
        "Q_2_pct_att": 7.6923076923076925,
        "Second_hr_pct_att": 7.6923076923076925,
        "pct_att_drop": 0,
        "_group": 1,
        "_outsideBoundary": false,
        "_cellId": "18645",
        "district_id": 1,
        "_district": 1,
        "district_color": "#2563eb",
        "district_label": 2,
        "group": 1,
        "cell_id": "18645"
      }
    },
    {
      "type": "Feature",
      "id": 724,
      "geometry": {
        "type": "Point",
        "coordinates": [
          -113.5841793902997,
          37.10843438470233
        ]
      },
      "properties": {
        "OBJECTID": 724,
        "Last_Name": "Rees",
        "First_Name": "Tyler Michael",
        "Address": "38 W Tabernacle St, St. George, UT 84770",
        "lat": 37.1084328,
        "lon": -113.584183,
        "Apt_Number": 202,
        "Age": 26,
        "Gender": "M",
        "BirthDate": 956361600000,
        "Notes": null,
        "Address_confidence": "high",
        "Emails": "tylerrees007@gmail.com",
        "prospective_elder": "no",
        "Assigned_to_minister": "yes",
        "Is_assigned_ministers": "yes",
        "ON_DO_NOT_CONTACT_LIST": "no",
        "Q_1_pct_att": 44.44444444444444,
        "Q_2_pct_att": 15.38461538461539,
        "Second_hr_pct_att": 27.27272727272727,
        "pct_att_drop": 65.38461538461537,
        "_group": 1,
        "_outsideBoundary": false,
        "_cellId": "19672",
        "district_id": 1,
        "_district": 1,
        "district_color": "#2563eb",
        "district_label": 2,
        "group": 1,
        "cell_id": "19672"
      }
    },
    {
      "type": "Feature",
      "id": 480,
      "geometry": {
        "type": "Point",
        "coordinates": [
          -113.59658518995042,
          37.108657886053834
        ]
      },
      "properties": {
        "OBJECTID": 480,
        "Last_Name": "Zamacona",
        "First_Name": "Matthew Henry",
        "Address": "33 N 660 W, St. George, UT 84770",
        "lat": 37.1086578,
        "lon": -113.596588,
        "Apt_Number": null,
        "Age": 29,
        "Gender": "M",
        "BirthDate": 860716800000,
        "Notes": null,
        "Address_confidence": "high",
        "Emails": null,
        "prospective_elder": "no",
        "Assigned_to_minister": "yes",
        "Is_assigned_ministers": "yes",
        "ON_DO_NOT_CONTACT_LIST": "no",
        "Q_1_pct_att": 23.07692307692308,
        "Q_2_pct_att": 7.6923076923076925,
        "Second_hr_pct_att": 15.38461538461539,
        "pct_att_drop": 66.66666666666666,
        "_group": 1,
        "_outsideBoundary": false,
        "_cellId": "19491",
        "district_id": 1,
        "_district": 1,
        "district_color": "#2563eb",
        "district_label": 2,
        "group": 1,
        "cell_id": "19491"
      }
    },
    {
      "type": "Feature",
      "id": 239,
      "geometry": {
        "type": "Point",
        "coordinates": [
          -113.58813367087413,
          37.0999756040327
        ]
      },
      "properties": {
        "OBJECTID": 239,
        "Last_Name": "Kotter",
        "First_Name": "Lance",
        "Address": "480 S 200 W, St. George, UT 84770",
        "lat": 37.0999756,
        "lon": -113.588135,
        "Apt_Number": 25,
        "Age": 33,
        "Gender": "M",
        "BirthDate": 737164800000,
        "Notes": null,
        "Address_confidence": "high",
        "Emails": "lancekotter@gmail.com",
        "prospective_elder": "no",
        "Assigned_to_minister": "no",
        "Is_assigned_ministers": "yes",
        "ON_DO_NOT_CONTACT_LIST": "no",
        "Q_1_pct_att": 0,
        "Q_2_pct_att": 0,
        "Second_hr_pct_att": 0,
        "pct_att_drop": null,
        "_group": 2,
        "_outsideBoundary": false,
        "_cellId": "14621",
        "district_id": 1,
        "_district": 1,
        "district_color": "#2563eb",
        "district_label": 2,
        "group": 2,
        "cell_id": "14621"
      }
    },
    {
      "type": "Feature",
      "id": 549,
      "geometry": {
        "type": "Point",
        "coordinates": [
          -113.5881939541179,
          37.10010276587922
        ]
      },
      "properties": {
        "OBJECTID": 549,
        "Last_Name": "Sanders",
        "First_Name": "Dyson",
        "Address": "480 S 200 W, St. George, UT 84770",
        "lat": 37.1001015,
        "lon": -113.588196,
        "Apt_Number": null,
        "Age": 27,
        "Gender": "M",
        "BirthDate": 927676800000,
        "Notes": null,
        "Address_confidence": "high",
        "Emails": "dysonkay@gmail.com",
        "prospective_elder": "no",
        "Assigned_to_minister": "no",
        "Is_assigned_ministers": "yes",
        "ON_DO_NOT_CONTACT_LIST": "no",
        "Q_1_pct_att": 0,
        "Q_2_pct_att": 0,
        "Second_hr_pct_att": 0,
        "pct_att_drop": null,
        "_group": 2,
        "_outsideBoundary": false,
        "_cellId": "14658",
        "district_id": 1,
        "_district": 1,
        "district_color": "#2563eb",
        "district_label": 2,
        "group": 2,
        "cell_id": "14658"
      }
    },
    {
      "type": "Feature",
      "id": 618,
      "geometry": {
        "type": "Point",
        "coordinates": [
          -113.58818880407638,
          37.10009571785666
        ]
      },
      "properties": {
        "OBJECTID": 618,
        "Last_Name": "Moultrie",
        "First_Name": "Dallin",
        "Address": "480 S 200 W, St. George, UT 84770",
        "lat": 37.1000938,
        "lon": -113.588188,
        "Apt_Number": null,
        "Age": 27,
        "Gender": "M",
        "BirthDate": 929059200000,
        "Notes": null,
        "Address_confidence": "high",
        "Emails": "dallin691@gmail.com",
        "prospective_elder": "no",
        "Assigned_to_minister": "no",
        "Is_assigned_ministers": "yes",
        "ON_DO_NOT_CONTACT_LIST": "no",
        "Q_1_pct_att": 0,
        "Q_2_pct_att": 0,
        "Second_hr_pct_att": 0,
        "pct_att_drop": null,
        "_group": 2,
        "_outsideBoundary": false,
        "_cellId": "14658",
        "district_id": 1,
        "_district": 1,
        "district_color": "#2563eb",
        "district_label": 2,
        "group": 2,
        "cell_id": "14658"
      }
    },
    {
      "type": "Feature",
      "id": 58,
      "geometry": {
        "type": "Point",
        "coordinates": [
          -113.62627535450692,
          37.100097433828466
        ]
      },
      "properties": {
        "OBJECTID": 58,
        "Last_Name": "Brown",
        "First_Name": "Blake",
        "Address": "482 Whitney Dr, St. George, UT 84770",
        "lat": 37.1000977,
        "lon": -113.626274,
        "Apt_Number": null,
        "Age": 30,
        "Gender": "M",
        "BirthDate": 830476800000,
        "Notes": null,
        "Address_confidence": "high",
        "Emails": "Celibetic@gmail.com",
        "prospective_elder": "no",
        "Assigned_to_minister": "no",
        "Is_assigned_ministers": "yes",
        "ON_DO_NOT_CONTACT_LIST": "no",
        "Q_1_pct_att": 0,
        "Q_2_pct_att": 0,
        "Second_hr_pct_att": 0,
        "pct_att_drop": null,
        "_group": 2,
        "_outsideBoundary": false,
        "_cellId": "14770",
        "district_id": 1,
        "_district": 1,
        "district_color": "#2563eb",
        "district_label": 2,
        "group": 2,
        "cell_id": "14770"
      }
    },
    {
      "type": "Feature",
      "id": 697,
      "geometry": {
        "type": "Point",
        "coordinates": [
          -113.58663943748503,
          37.10032183818373
        ]
      },
      "properties": {
        "OBJECTID": 697,
        "Last_Name": "Anderson",
        "First_Name": "Ezra",
        "Address": "156 W 500 S, St. George, UT 84770",
        "lat": 37.1003227,
        "lon": -113.586639,
        "Apt_Number": 5,
        "Age": 26,
        "Gender": "M",
        "BirthDate": 938390400000,
        "Notes": null,
        "Address_confidence": "high",
        "Emails": "ezraliem@gmail.com",
        "prospective_elder": "no",
        "Assigned_to_minister": "no",
        "Is_assigned_ministers": "yes",
        "ON_DO_NOT_CONTACT_LIST": "no",
        "Q_1_pct_att": 0,
        "Q_2_pct_att": 0,
        "Second_hr_pct_att": 0,
        "pct_att_drop": null,
        "_group": 2,
        "_outsideBoundary": false,
        "_cellId": "15070",
        "district_id": 1,
        "_district": 1,
        "district_color": "#2563eb",
        "district_label": 2,
        "group": 2,
        "cell_id": "15070"
      }
    },
    {
      "type": "Feature",
      "id": 713,
      "geometry": {
        "type": "Point",
        "coordinates": [
          -113.58682707937821,
          37.099890265955395
        ]
      },
      "properties": {
        "OBJECTID": 713,
        "Last_Name": "Wallin",
        "First_Name": "Isaac John",
        "Address": "156 W 500 S, St. George, UT 84770",
        "lat": 37.0998917,
        "lon": -113.58683,
        "Apt_Number": null,
        "Age": 29,
        "Gender": "M",
        "BirthDate": 851904000000,
        "Notes": null,
        "Address_confidence": "high",
        "Emails": "isaacwallin2@gmail.com",
        "prospective_elder": "no",
        "Assigned_to_minister": "no",
        "Is_assigned_ministers": "yes",
        "ON_DO_NOT_CONTACT_LIST": "no",
        "Q_1_pct_att": 0,
        "Q_2_pct_att": 0,
        "Second_hr_pct_att": 0,
        "pct_att_drop": null,
        "_group": 2,
        "_outsideBoundary": false,
        "_cellId": "15085",
        "district_id": 1,
        "_district": 1,
        "district_color": "#2563eb",
        "district_label": 2,
        "group": 2,
        "cell_id": "15085"
      }
    },
    {
      "type": "Feature",
      "id": 646,
      "geometry": {
        "type": "Point",
        "coordinates": [
          -113.56365460004312,
          37.10022508124375
        ]
      },
      "properties": {
        "OBJECTID": 646,
        "Last_Name": "Richards",
        "First_Name": "Jensen",
        "Address": "423 S 900 E c 204, St. George, UT 84770",
        "lat": 37.1002235,
        "lon": -113.563652,
        "Apt_Number": 204,
        "Age": 26,
        "Gender": "M",
        "BirthDate": 936057600000,
        "Notes": null,
        "Address_confidence": "high",
        "Emails": "jensendr99@gmail.com",
        "prospective_elder": "no",
        "Assigned_to_minister": "no",
        "Is_assigned_ministers": "yes",
        "ON_DO_NOT_CONTACT_LIST": "no",
        "Q_1_pct_att": 0,
        "Q_2_pct_att": 0,
        "Second_hr_pct_att": 0,
        "pct_att_drop": null,
        "_group": 2,
        "_outsideBoundary": false,
        "_cellId": "14749",
        "district_id": 1,
        "_district": 1,
        "district_color": "#2563eb",
        "district_label": 2,
        "group": 2,
        "cell_id": "14749"
      }
    },
    {
      "type": "Feature",
      "id": 500,
      "geometry": {
        "type": "Point",
        "coordinates": [
          -113.58092347350185,
          37.10039458582271
        ]
      },
      "properties": {
        "OBJECTID": 500,
        "Last_Name": "Martinez",
        "First_Name": "Bryan",
        "Address": "465 S 100 E St, Apt C1, St. George, UT 84770",
        "lat": 37.1003952,
        "lon": -113.580925,
        "Apt_Number": 1,
        "Age": 27,
        "Gender": "M",
        "BirthDate": 922924800000,
        "Notes": "https://www.facebook.com/bryan.martinez.7393",
        "Address_confidence": "low",
        "Emails": "martibry007@gmail.com",
        "prospective_elder": "no",
        "Assigned_to_minister": "no",
        "Is_assigned_ministers": "yes",
        "ON_DO_NOT_CONTACT_LIST": "no",
        "Q_1_pct_att": 0,
        "Q_2_pct_att": 0,
        "Second_hr_pct_att": 0,
        "pct_att_drop": null,
        "_group": 2,
        "_outsideBoundary": false,
        "_cellId": "14828",
        "district_id": 1,
        "_district": 1,
        "district_color": "#2563eb",
        "district_label": 2,
        "group": 2,
        "cell_id": "14828"
      }
    },
    {
      "type": "Feature",
      "id": 169,
      "geometry": {
        "type": "Point",
        "coordinates": [
          -113.6440432483942,
          37.10075888611895
        ]
      },
      "properties": {
        "OBJECTID": 169,
        "Last_Name": "Harris",
        "First_Name": "Austin",
        "Address": "448 S Albano Wy, St. George, UT 84770",
        "lat": 37.1007576,
        "lon": -113.644043,
        "Apt_Number": null,
        "Age": 28,
        "Gender": "M",
        "BirthDate": 891302400000,
        "Notes": null,
        "Address_confidence": "high",
        "Emails": "austinmharris18@gmail.com",
        "prospective_elder": "no",
        "Assigned_to_minister": "no",
        "Is_assigned_ministers": "yes",
        "ON_DO_NOT_CONTACT_LIST": "no",
        "Q_1_pct_att": 0,
        "Q_2_pct_att": 0,
        "Second_hr_pct_att": 0,
        "pct_att_drop": null,
        "_group": 2,
        "_outsideBoundary": false,
        "_cellId": "15067",
        "district_id": 1,
        "_district": 1,
        "district_color": "#2563eb",
        "district_label": 2,
        "group": 2,
        "cell_id": "15067"
      }
    },
    {
      "type": "Feature",
      "id": 187,
      "geometry": {
        "type": "Point",
        "coordinates": [
          -113.56389814499474,
          37.100994337953495
        ]
      },
      "properties": {
        "OBJECTID": 187,
        "Last_Name": "Holden",
        "First_Name": "Patrick",
        "Address": "411 S 900 E e102, St. George, UT 84770",
        "lat": 37.1009941,
        "lon": -113.563896,
        "Apt_Number": 102,
        "Age": 29,
        "Gender": "M",
        "BirthDate": 864864000000,
        "Notes": null,
        "Address_confidence": "high",
        "Emails": "holdentheworld@gmail.com",
        "prospective_elder": "no",
        "Assigned_to_minister": "no",
        "Is_assigned_ministers": "yes",
        "ON_DO_NOT_CONTACT_LIST": "no",
        "Q_1_pct_att": 0,
        "Q_2_pct_att": 0,
        "Second_hr_pct_att": 0,
        "pct_att_drop": null,
        "_group": 2,
        "_outsideBoundary": false,
        "_cellId": "15163",
        "district_id": 1,
        "_district": 1,
        "district_color": "#2563eb",
        "district_label": 2,
        "group": 2,
        "cell_id": "15163"
      }
    },
    {
      "type": "Feature",
      "id": 739,
      "geometry": {
        "type": "Point",
        "coordinates": [
          -113.56376053566963,
          37.100716786772914
        ]
      },
      "properties": {
        "OBJECTID": 739,
        "Last_Name": "Pierce",
        "First_Name": "Zar",
        "Address": "423 S 900 E e 104, St. George, UT 84770",
        "lat": 37.1007156,
        "lon": -113.563759,
        "Apt_Number": 104,
        "Age": 26,
        "Gender": "M",
        "BirthDate": 949968000000,
        "Notes": null,
        "Address_confidence": "high",
        "Emails": "pierce.mckay@missionary.org",
        "prospective_elder": "no",
        "Assigned_to_minister": "no",
        "Is_assigned_ministers": "yes",
        "ON_DO_NOT_CONTACT_LIST": "no",
        "Q_1_pct_att": 0,
        "Q_2_pct_att": 0,
        "Second_hr_pct_att": 0,
        "pct_att_drop": null,
        "_group": 2,
        "_outsideBoundary": false,
        "_cellId": "15195",
        "district_id": 1,
        "_district": 1,
        "district_color": "#2563eb",
        "district_label": 2,
        "group": 2,
        "cell_id": "15195"
      }
    },
    {
      "type": "Feature",
      "id": 73,
      "geometry": {
        "type": "Point",
        "coordinates": [
          -113.57626450680785,
          37.10191478162613
        ]
      },
      "properties": {
        "OBJECTID": 73,
        "Last_Name": "Chambers",
        "First_Name": "Troy",
        "Address": "331 E 400 S, St. George, UT 84770",
        "lat": 37.1019135,
        "lon": -113.576263,
        "Apt_Number": null,
        "Age": 34,
        "Gender": "M",
        "BirthDate": 698457600000,
        "Notes": null,
        "Address_confidence": "high",
        "Emails": "troycasanb@gmail.com",
        "prospective_elder": "no",
        "Assigned_to_minister": "no",
        "Is_assigned_ministers": "yes",
        "ON_DO_NOT_CONTACT_LIST": "no",
        "Q_1_pct_att": 0,
        "Q_2_pct_att": 0,
        "Second_hr_pct_att": 0,
        "pct_att_drop": null,
        "_group": 2,
        "_outsideBoundary": false,
        "_cellId": "15729",
        "district_id": 1,
        "_district": 1,
        "district_color": "#2563eb",
        "district_label": 2,
        "group": 2,
        "cell_id": "15729"
      }
    },
    {
      "type": "Feature",
      "id": 338,
      "geometry": {
        "type": "Point",
        "coordinates": [
          -113.57576010636907,
          37.101915215803125
        ]
      },
      "properties": {
        "OBJECTID": 338,
        "Last_Name": "Price",
        "First_Name": "Tyson",
        "Address": "361 E 400 S, St. George, UT 84770",
        "lat": 37.1019135,
        "lon": -113.57576,
        "Apt_Number": 3,
        "Age": 30,
        "Gender": "M",
        "BirthDate": 836524800000,
        "Notes": null,
        "Address_confidence": "high",
        "Emails": "tysonprice@yahoo.com",
        "prospective_elder": "no",
        "Assigned_to_minister": "no",
        "Is_assigned_ministers": "yes",
        "ON_DO_NOT_CONTACT_LIST": "no",
        "Q_1_pct_att": 0,
        "Q_2_pct_att": 0,
        "Second_hr_pct_att": 0,
        "pct_att_drop": null,
        "_group": 2,
        "_outsideBoundary": false,
        "_cellId": "15602",
        "district_id": 1,
        "_district": 1,
        "district_color": "#2563eb",
        "district_label": 2,
        "group": 2,
        "cell_id": "15602"
      }
    },
    {
      "type": "Feature",
      "id": 733,
      "geometry": {
        "type": "Point",
        "coordinates": [
          -113.57626323659002,
          37.101616379628936
        ]
      },
      "properties": {
        "OBJECTID": 733,
        "Last_Name": "Urban",
        "First_Name": "Trey",
        "Address": "331 E 400 S, Apt A, St. George, UT 84770",
        "lat": 37.1016159,
        "lon": -113.576263,
        "Apt_Number": null,
        "Age": 26,
        "Gender": "M",
        "BirthDate": 949536000000,
        "Notes": null,
        "Address_confidence": "high",
        "Emails": "urbantrey14@gmail.com",
        "prospective_elder": "no",
        "Assigned_to_minister": "no",
        "Is_assigned_ministers": "yes",
        "ON_DO_NOT_CONTACT_LIST": "no",
        "Q_1_pct_att": 0,
        "Q_2_pct_att": 0,
        "Second_hr_pct_att": 0,
        "pct_att_drop": null,
        "_group": 2,
        "_outsideBoundary": false,
        "_cellId": "15729",
        "district_id": 1,
        "_district": 1,
        "district_color": "#2563eb",
        "district_label": 2,
        "group": 2,
        "cell_id": "15729"
      }
    },
    {
      "type": "Feature",
      "id": 42,
      "geometry": {
        "type": "Point",
        "coordinates": [
          -113.5784817636264,
          37.10282320131277
        ]
      },
      "properties": {
        "OBJECTID": 42,
        "Last_Name": "Blanchard",
        "First_Name": "Cody",
        "Address": "325 S 200 E, St. George, UT 84770",
        "lat": 37.1028214,
        "lon": -113.578484,
        "Apt_Number": 6,
        "Age": 28,
        "Gender": "M",
        "BirthDate": 872294400000,
        "Notes": null,
        "Address_confidence": "high",
        "Emails": "codyblanchard17@gmail.com",
        "prospective_elder": "no",
        "Assigned_to_minister": "no",
        "Is_assigned_ministers": "yes",
        "ON_DO_NOT_CONTACT_LIST": "no",
        "Q_1_pct_att": 0,
        "Q_2_pct_att": 0,
        "Second_hr_pct_att": 0,
        "pct_att_drop": null,
        "_group": 2,
        "_outsideBoundary": false,
        "_cellId": "16292",
        "district_id": 1,
        "_district": 1,
        "district_color": "#2563eb",
        "district_label": 2,
        "group": 2,
        "cell_id": "16292"
      }
    },
    {
      "type": "Feature",
      "id": 299,
      "geometry": {
        "type": "Point",
        "coordinates": [
          -113.5781354002023,
          37.102553880334504
        ]
      },
      "properties": {
        "OBJECTID": 299,
        "Last_Name": "Neilson",
        "First_Name": "Kade",
        "Address": "325 S 200 E, St. George, UT 84770",
        "lat": 37.1025543,
        "lon": -113.578133,
        "Apt_Number": 12,
        "Age": 27,
        "Gender": "M",
        "BirthDate": 908755200000,
        "Notes": null,
        "Address_confidence": "high",
        "Emails": "kadeneilson98@gmail.com",
        "prospective_elder": "no",
        "Assigned_to_minister": "no",
        "Is_assigned_ministers": "yes",
        "ON_DO_NOT_CONTACT_LIST": "no",
        "Q_1_pct_att": 0,
        "Q_2_pct_att": 0,
        "Second_hr_pct_att": 0,
        "pct_att_drop": null,
        "_group": 2,
        "_outsideBoundary": false,
        "_cellId": "16123",
        "district_id": 1,
        "_district": 1,
        "district_color": "#2563eb",
        "district_label": 2,
        "group": 2,
        "cell_id": "16123"
      }
    },
    {
      "type": "Feature",
      "id": 180,
      "geometry": {
        "type": "Point",
        "coordinates": [
          -113.561765672071,
          37.10272214954765
        ]
      },
      "properties": {
        "OBJECTID": 180,
        "Last_Name": "Henrie",
        "First_Name": "Gavin",
        "Address": "333 S 1000 E e5, St. George, UT 84770",
        "lat": 37.1027222,
        "lon": -113.561768,
        "Apt_Number": 5,
        "Age": 27,
        "Gender": "M",
        "BirthDate": 907632000000,
        "Notes": null,
        "Address_confidence": "low",
        "Emails": "glhenrie2@gmail.com",
        "prospective_elder": "no",
        "Assigned_to_minister": "no",
        "Is_assigned_ministers": "yes",
        "ON_DO_NOT_CONTACT_LIST": "no",
        "Q_1_pct_att": 0,
        "Q_2_pct_att": 0,
        "Second_hr_pct_att": 0,
        "pct_att_drop": null,
        "_group": 2,
        "_outsideBoundary": false,
        "_cellId": "16486",
        "district_id": 1,
        "_district": 1,
        "district_color": "#2563eb",
        "district_label": 2,
        "group": 2,
        "cell_id": "16486"
      }
    },
    {
      "type": "Feature",
      "id": 504,
      "geometry": {
        "type": "Point",
        "coordinates": [
          -113.56176352240256,
          37.10272721274264
        ]
      },
      "properties": {
        "OBJECTID": 504,
        "Last_Name": "Creighton",
        "First_Name": "David",
        "Address": "333 S 1000 E f1, St. George, UT 84770",
        "lat": 37.102726,
        "lon": -113.56176,
        "Apt_Number": 1,
        "Age": 33,
        "Gender": "M",
        "BirthDate": 737424000000,
        "Notes": null,
        "Address_confidence": "high",
        "Emails": "dave.ken.cr8on@gmail.com",
        "prospective_elder": "no",
        "Assigned_to_minister": "no",
        "Is_assigned_ministers": "yes",
        "ON_DO_NOT_CONTACT_LIST": "no",
        "Q_1_pct_att": 0,
        "Q_2_pct_att": 0,
        "Second_hr_pct_att": 0,
        "pct_att_drop": null,
        "_group": 2,
        "_outsideBoundary": false,
        "_cellId": "16486",
        "district_id": 1,
        "_district": 1,
        "district_color": "#2563eb",
        "district_label": 2,
        "group": 2,
        "cell_id": "16486"
      }
    },
    {
      "type": "Feature",
      "id": 524,
      "geometry": {
        "type": "Point",
        "coordinates": [
          -113.56176853500182,
          37.10272711673756
        ]
      },
      "properties": {
        "OBJECTID": 524,
        "Last_Name": "Williams",
        "First_Name": "Trevor",
        "Address": "333 S 1000 E f3, St. George, UT 84770",
        "lat": 37.102726,
        "lon": -113.561768,
        "Apt_Number": 3,
        "Age": 29,
        "Gender": "M",
        "BirthDate": 855273600000,
        "Notes": null,
        "Address_confidence": "high",
        "Emails": "trevordw245@gmail.com",
        "prospective_elder": "no",
        "Assigned_to_minister": "no",
        "Is_assigned_ministers": "yes",
        "ON_DO_NOT_CONTACT_LIST": "no",
        "Q_1_pct_att": 0,
        "Q_2_pct_att": 0,
        "Second_hr_pct_att": 0,
        "pct_att_drop": null,
        "_group": 2,
        "_outsideBoundary": false,
        "_cellId": "16486",
        "district_id": 1,
        "_district": 1,
        "district_color": "#2563eb",
        "district_label": 2,
        "group": 2,
        "cell_id": "16486"
      }
    },
    {
      "type": "Feature",
      "id": 706,
      "geometry": {
        "type": "Point",
        "coordinates": [
          -113.56177139164443,
          37.102732293848725
        ]
      },
      "properties": {
        "OBJECTID": 706,
        "Last_Name": "Kinnaird",
        "First_Name": "Christopher",
        "Address": "333 S 1000 E a6, St. George, UT 84770",
        "lat": 37.1027336,
        "lon": -113.561768,
        "Apt_Number": 6,
        "Age": 26,
        "Gender": "M",
        "BirthDate": 948067200000,
        "Notes": null,
        "Address_confidence": "high",
        "Emails": "chriskinnaird84@gmail.com",
        "prospective_elder": "no",
        "Assigned_to_minister": "no",
        "Is_assigned_ministers": "yes",
        "ON_DO_NOT_CONTACT_LIST": "no",
        "Q_1_pct_att": 0,
        "Q_2_pct_att": 0,
        "Second_hr_pct_att": 0,
        "pct_att_drop": null,
        "_group": 2,
        "_outsideBoundary": false,
        "_cellId": "16486",
        "district_id": 1,
        "_district": 1,
        "district_color": "#2563eb",
        "district_label": 2,
        "group": 2,
        "cell_id": "16486"
      }
    },
    {
      "type": "Feature",
      "id": 680,
      "geometry": {
        "type": "Point",
        "coordinates": [
          -113.57030644775392,
          37.1032822377405
        ]
      },
      "properties": {
        "OBJECTID": 680,
        "Last_Name": "Truman",
        "First_Name": "Chasen R",
        "Address": "611 E 300 S, St. George, UT 84770",
        "lat": 37.1032829,
        "lon": -113.570305,
        "Apt_Number": null,
        "Age": 26,
        "Gender": "M",
        "BirthDate": 944352000000,
        "Notes": null,
        "Address_confidence": "high",
        "Emails": "D00369960@dmail.Dixie.edu",
        "prospective_elder": "no",
        "Assigned_to_minister": "no",
        "Is_assigned_ministers": "yes",
        "ON_DO_NOT_CONTACT_LIST": "no",
        "Q_1_pct_att": 0,
        "Q_2_pct_att": 0,
        "Second_hr_pct_att": 0,
        "pct_att_drop": null,
        "_group": 2,
        "_outsideBoundary": false,
        "_cellId": "16563",
        "district_id": 1,
        "_district": 1,
        "district_color": "#2563eb",
        "district_label": 2,
        "group": 2,
        "cell_id": "16563"
      }
    },
    {
      "type": "Feature",
      "id": 1,
      "geometry": {
        "type": "Point",
        "coordinates": [
          -113.57179530113277,
          37.10328951688021
        ]
      },
      "properties": {
        "OBJECTID": 1,
        "Last_Name": "Abarca",
        "First_Name": "Jordan Austin",
        "Address": "545 E 300 S, St. George, UT 84770",
        "lat": 37.1032906,
        "lon": -113.571793,
        "Apt_Number": null,
        "Age": 31,
        "Gender": "M",
        "BirthDate": 802051200000,
        "Notes": null,
        "Address_confidence": "high",
        "Emails": "ja_abarca@hotmail.com",
        "prospective_elder": "no",
        "Assigned_to_minister": "no",
        "Is_assigned_ministers": "yes",
        "ON_DO_NOT_CONTACT_LIST": "no",
        "Q_1_pct_att": 0,
        "Q_2_pct_att": 0,
        "Second_hr_pct_att": 0,
        "pct_att_drop": null,
        "_group": 2,
        "_outsideBoundary": false,
        "_cellId": "16666",
        "district_id": 1,
        "_district": 1,
        "district_color": "#2563eb",
        "district_label": 2,
        "group": 2,
        "cell_id": "16666"
      }
    },
    {
      "type": "Feature",
      "id": 823,
      "geometry": {
        "type": "Point",
        "coordinates": [
          -113.57240149776122,
          37.103287871909295
        ]
      },
      "properties": {
        "OBJECTID": 823,
        "Last_Name": "Western",
        "First_Name": "Dallin",
        "Address": "513 E 300 S, St. George, UT 84770",
        "lat": 37.1032867,
        "lon": -113.572403,
        "Apt_Number": null,
        "Age": 26,
        "Gender": "M",
        "BirthDate": 963273600000,
        "Notes": null,
        "Address_confidence": "high",
        "Emails": "westedalt@gmail.com",
        "prospective_elder": "no",
        "Assigned_to_minister": "no",
        "Is_assigned_ministers": "yes",
        "ON_DO_NOT_CONTACT_LIST": null,
        "Q_1_pct_att": null,
        "Q_2_pct_att": null,
        "Second_hr_pct_att": null,
        "pct_att_drop": null,
        "_group": 2,
        "_outsideBoundary": false,
        "_cellId": "16573",
        "district_id": 1,
        "_district": 1,
        "district_color": "#2563eb",
        "district_label": 2,
        "group": 2,
        "cell_id": "16573"
      }
    },
    {
      "type": "Feature",
      "id": 236,
      "geometry": {
        "type": "Point",
        "coordinates": [
          -113.61219361025145,
          37.10376748042602
        ]
      },
      "properties": {
        "OBJECTID": 236,
        "Last_Name": "Knighton",
        "First_Name": "Kelson",
        "Address": "275 S Valley View Dr, St. George, UT 84770",
        "lat": 37.1037674,
        "lon": -113.61219,
        "Apt_Number": 57,
        "Age": 28,
        "Gender": "M",
        "BirthDate": 885945600000,
        "Notes": null,
        "Address_confidence": "high",
        "Emails": "knightonkelson@gmail.com",
        "prospective_elder": "no",
        "Assigned_to_minister": "no",
        "Is_assigned_ministers": "yes",
        "ON_DO_NOT_CONTACT_LIST": "no",
        "Q_1_pct_att": 0,
        "Q_2_pct_att": 0,
        "Second_hr_pct_att": 0,
        "pct_att_drop": null,
        "_group": 2,
        "_outsideBoundary": false,
        "_cellId": "16862",
        "district_id": 1,
        "_district": 1,
        "district_color": "#2563eb",
        "district_label": 2,
        "group": 2,
        "cell_id": "16862"
      }
    },
    {
      "type": "Feature",
      "id": 788,
      "geometry": {
        "type": "Point",
        "coordinates": [
          -113.59043843527945,
          37.10414423132143
        ]
      },
      "properties": {
        "OBJECTID": 788,
        "Last_Name": "Stephens",
        "First_Name": "Ben",
        "Address": "248 S 300 W, St. George, UT 84770",
        "lat": 37.1041451,
        "lon": -113.590439,
        "Apt_Number": 1,
        "Age": 26,
        "Gender": "M",
        "BirthDate": 958867200000,
        "Notes": null,
        "Address_confidence": "high",
        "Emails": "steveandben11@gmail.com",
        "prospective_elder": "no",
        "Assigned_to_minister": "no",
        "Is_assigned_ministers": "yes",
        "ON_DO_NOT_CONTACT_LIST": null,
        "Q_1_pct_att": null,
        "Q_2_pct_att": 0,
        "Second_hr_pct_att": 0,
        "pct_att_drop": null,
        "_group": 2,
        "_outsideBoundary": false,
        "_cellId": "17098",
        "district_id": 1,
        "_district": 1,
        "district_color": "#2563eb",
        "district_label": 2,
        "group": 2,
        "cell_id": "17098"
      }
    },
    {
      "type": "Feature",
      "id": 519,
      "geometry": {
        "type": "Point",
        "coordinates": [
          -113.56312190087625,
          37.10486713855391
        ]
      },
      "properties": {
        "OBJECTID": 519,
        "Last_Name": "Rojas Solis",
        "First_Name": "Franco Manuel",
        "Address": "180 S 1000 E, St. George, UT 84770",
        "lat": 37.104866,
        "lon": -113.563126,
        "Apt_Number": null,
        "Age": 27,
        "Gender": "M",
        "BirthDate": 921196800000,
        "Notes": null,
        "Address_confidence": "high",
        "Emails": "francors14@googlemail.com",
        "prospective_elder": "no",
        "Assigned_to_minister": "no",
        "Is_assigned_ministers": "yes",
        "ON_DO_NOT_CONTACT_LIST": "no",
        "Q_1_pct_att": 0,
        "Q_2_pct_att": 0,
        "Second_hr_pct_att": 0,
        "pct_att_drop": null,
        "_group": 2,
        "_outsideBoundary": false,
        "_cellId": "18192",
        "district_id": 1,
        "_district": 1,
        "district_color": "#2563eb",
        "district_label": 2,
        "group": 2,
        "cell_id": "18192"
      }
    },
    {
      "type": "Feature",
      "id": 230,
      "geometry": {
        "type": "Point",
        "coordinates": [
          -113.58815009836573,
          37.105110610988554
        ]
      },
      "properties": {
        "OBJECTID": 230,
        "Last_Name": "Kezos",
        "First_Name": "Chad Michael",
        "Address": "240 W 200 S, St. George, UT 84770",
        "lat": 37.1051102,
        "lon": -113.58815,
        "Apt_Number": 12,
        "Age": 31,
        "Gender": "M",
        "BirthDate": 780883200000,
        "Notes": null,
        "Address_confidence": "high",
        "Emails": "chadkezo@msn.com",
        "prospective_elder": "no",
        "Assigned_to_minister": "no",
        "Is_assigned_ministers": "yes",
        "ON_DO_NOT_CONTACT_LIST": "no",
        "Q_1_pct_att": 0,
        "Q_2_pct_att": 0,
        "Second_hr_pct_att": 0,
        "pct_att_drop": null,
        "_group": 2,
        "_outsideBoundary": false,
        "_cellId": "17541",
        "district_id": 1,
        "_district": 1,
        "district_color": "#2563eb",
        "district_label": 2,
        "group": 2,
        "cell_id": "17541"
      }
    },
    {
      "type": "Feature",
      "id": 816,
      "geometry": {
        "type": "Point",
        "coordinates": [
          -113.57029068681226,
          37.105383340968515
        ]
      },
      "properties": {
        "OBJECTID": 816,
        "Last_Name": "Darrington",
        "First_Name": "Kohlton",
        "Address": "612 E 160 S, St. George, UT 84770",
        "lat": 37.1053848,
        "lon": -113.57029,
        "Apt_Number": null,
        "Age": 29,
        "Gender": "M",
        "BirthDate": 844387200000,
        "Notes": null,
        "Address_confidence": "high",
        "Emails": "kohlton.darrington62@gmail.com",
        "prospective_elder": "no",
        "Assigned_to_minister": "no",
        "Is_assigned_ministers": "yes",
        "ON_DO_NOT_CONTACT_LIST": null,
        "Q_1_pct_att": null,
        "Q_2_pct_att": null,
        "Second_hr_pct_att": null,
        "pct_att_drop": null,
        "_group": 2,
        "_outsideBoundary": false,
        "_cellId": "17712",
        "district_id": 1,
        "_district": 1,
        "district_color": "#2563eb",
        "district_label": 2,
        "group": 2,
        "cell_id": "17712"
      }
    },
    {
      "type": "Feature",
      "id": 75,
      "geometry": {
        "type": "Point",
        "coordinates": [
          -113.62455525860426,
          37.10538744038612
        ]
      },
      "properties": {
        "OBJECTID": 75,
        "Last_Name": "Chormicle",
        "First_Name": "Clinton Jonathon",
        "Address": "1921 W Rivers Edge Ln, St. George, UT 84770",
        "lat": 37.1053886,
        "lon": -113.624557,
        "Apt_Number": null,
        "Age": 31,
        "Gender": "M",
        "BirthDate": 776390400000,
        "Notes": null,
        "Address_confidence": "high",
        "Emails": "olimar_louie@yahoo.com",
        "prospective_elder": "no",
        "Assigned_to_minister": "no",
        "Is_assigned_ministers": "yes",
        "ON_DO_NOT_CONTACT_LIST": "no",
        "Q_1_pct_att": 0,
        "Q_2_pct_att": 0,
        "Second_hr_pct_att": 0,
        "pct_att_drop": null,
        "_group": 2,
        "_outsideBoundary": false,
        "_cellId": "17816",
        "district_id": 1,
        "_district": 1,
        "district_color": "#2563eb",
        "district_label": 2,
        "group": 2,
        "cell_id": "17816"
      }
    },
    {
      "type": "Feature",
      "id": 275,
      "geometry": {
        "type": "Point",
        "coordinates": [
          -113.60855537585859,
          37.10573308740655
        ]
      },
      "properties": {
        "OBJECTID": 275,
        "Last_Name": "Mendenhall",
        "First_Name": "Teagan Lynn",
        "Address": "1185 W 120 S, St. George, UT 84770",
        "lat": 37.105732,
        "lon": -113.608559,
        "Apt_Number": null,
        "Age": 28,
        "Gender": "M",
        "BirthDate": 887587200000,
        "Notes": "https://www.facebook.com/teagan.mendenhall",
        "Address_confidence": "low",
        "Emails": "teagmende23@gmail.com",
        "prospective_elder": "not applicable",
        "Assigned_to_minister": "no",
        "Is_assigned_ministers": "yes",
        "ON_DO_NOT_CONTACT_LIST": "no",
        "Q_1_pct_att": 0,
        "Q_2_pct_att": 0,
        "Second_hr_pct_att": 0,
        "pct_att_drop": null,
        "_group": 2,
        "_outsideBoundary": false,
        "_cellId": "18009",
        "district_id": 1,
        "_district": 1,
        "district_color": "#2563eb",
        "district_label": 2,
        "group": 2,
        "cell_id": "18009"
      }
    },
    {
      "type": "Feature",
      "id": 225,
      "geometry": {
        "type": "Point",
        "coordinates": [
          -113.62159884551203,
          37.10575709130983
        ]
      },
      "properties": {
        "OBJECTID": 225,
        "Last_Name": "Kaye",
        "First_Name": "Zack",
        "Address": "137 S 1790 W Cir, St. George, UT 84770",
        "lat": 37.1057587,
        "lon": -113.621597,
        "Apt_Number": null,
        "Age": 32,
        "Gender": "M",
        "BirthDate": 769478400000,
        "Notes": null,
        "Address_confidence": "high",
        "Emails": null,
        "prospective_elder": "no",
        "Assigned_to_minister": "no",
        "Is_assigned_ministers": "yes",
        "ON_DO_NOT_CONTACT_LIST": "no",
        "Q_1_pct_att": 0,
        "Q_2_pct_att": 0,
        "Second_hr_pct_att": 0,
        "pct_att_drop": null,
        "_group": 2,
        "_outsideBoundary": false,
        "_cellId": "18020",
        "district_id": 1,
        "_district": 1,
        "district_color": "#2563eb",
        "district_label": 2,
        "group": 2,
        "cell_id": "18020"
      }
    },
    {
      "type": "Feature",
      "id": 450,
      "geometry": {
        "type": "Point",
        "coordinates": [
          -113.58512459943826,
          37.10576546921117
        ]
      },
      "properties": {
        "OBJECTID": 450,
        "Last_Name": "Wagner",
        "First_Name": "Darby",
        "Address": "143 S 100 W St, St. George, UT 84770",
        "lat": 37.1057663,
        "lon": -113.585121,
        "Apt_Number": null,
        "Age": 28,
        "Gender": "M",
        "BirthDate": 898732800000,
        "Notes": null,
        "Address_confidence": "high",
        "Emails": "darby.d.j@icloud.com",
        "prospective_elder": "no",
        "Assigned_to_minister": "no",
        "Is_assigned_ministers": "yes",
        "ON_DO_NOT_CONTACT_LIST": "no",
        "Q_1_pct_att": 0,
        "Q_2_pct_att": 0,
        "Second_hr_pct_att": 0,
        "pct_att_drop": null,
        "_group": 2,
        "_outsideBoundary": false,
        "_cellId": "17986",
        "district_id": 1,
        "_district": 1,
        "district_color": "#2563eb",
        "district_label": 2,
        "group": 2,
        "cell_id": "17986"
      }
    },
    {
      "type": "Feature",
      "id": 779,
      "geometry": {
        "type": "Point",
        "coordinates": [
          -113.56878774335817,
          37.10611707873634
        ]
      },
      "properties": {
        "OBJECTID": 779,
        "Last_Name": "Gardner",
        "First_Name": "Jaylon Cloyd",
        "Address": "112 S 700 E, St. George, UT 84770",
        "lat": 37.1061172,
        "lon": -113.568787,
        "Apt_Number": null,
        "Age": 26,
        "Gender": "M",
        "BirthDate": 959817600000,
        "Notes": null,
        "Address_confidence": "high",
        "Emails": "jayviper23@gmail.com",
        "prospective_elder": "no",
        "Assigned_to_minister": "no",
        "Is_assigned_ministers": "yes",
        "ON_DO_NOT_CONTACT_LIST": null,
        "Q_1_pct_att": null,
        "Q_2_pct_att": 0,
        "Second_hr_pct_att": 0,
        "pct_att_drop": null,
        "_group": 2,
        "_outsideBoundary": false,
        "_cellId": "18201",
        "district_id": 1,
        "_district": 1,
        "district_color": "#2563eb",
        "district_label": 2,
        "group": 2,
        "cell_id": "18201"
      }
    },
    {
      "type": "Feature",
      "id": 677,
      "geometry": {
        "type": "Point",
        "coordinates": [
          -113.617521379861,
          37.10719214552455
        ]
      },
      "properties": {
        "OBJECTID": 677,
        "Last_Name": "Rich",
        "First_Name": "Keston Scott",
        "Address": "55 Ville Franche Cir, St. George, UT 84770",
        "lat": 37.107193,
        "lon": -113.617523,
        "Apt_Number": null,
        "Age": 26,
        "Gender": "M",
        "BirthDate": 944611200000,
        "Notes": null,
        "Address_confidence": "high",
        "Emails": "keston@therichfamily.net",
        "prospective_elder": "no",
        "Assigned_to_minister": "no",
        "Is_assigned_ministers": "yes",
        "ON_DO_NOT_CONTACT_LIST": "no",
        "Q_1_pct_att": 0,
        "Q_2_pct_att": 0,
        "Second_hr_pct_att": 0,
        "pct_att_drop": null,
        "_group": 2,
        "_outsideBoundary": false,
        "_cellId": "18776",
        "district_id": 1,
        "_district": 1,
        "district_color": "#2563eb",
        "district_label": 2,
        "group": 2,
        "cell_id": "18776"
      }
    },
    {
      "type": "Feature",
      "id": 336,
      "geometry": {
        "type": "Point",
        "coordinates": [
          -113.57882399120692,
          37.107265547098606
        ]
      },
      "properties": {
        "OBJECTID": 336,
        "Last_Name": "Polatis",
        "First_Name": "Samuel",
        "Address": "55 S 200 E, St. George, UT 84770",
        "lat": 37.1072655,
        "lon": -113.578827,
        "Apt_Number": 1,
        "Age": 30,
        "Gender": "M",
        "BirthDate": 811987200000,
        "Notes": "https://www.facebook.com/sam.polatis/",
        "Address_confidence": "low",
        "Emails": "sampolatis78@gmail.com",
        "prospective_elder": "no",
        "Assigned_to_minister": "no",
        "Is_assigned_ministers": "yes",
        "ON_DO_NOT_CONTACT_LIST": "no",
        "Q_1_pct_att": 0,
        "Q_2_pct_att": 0,
        "Second_hr_pct_att": 0,
        "pct_att_drop": null,
        "_group": 2,
        "_outsideBoundary": false,
        "_cellId": "18734",
        "district_id": 1,
        "_district": 1,
        "district_color": "#2563eb",
        "district_label": 2,
        "group": 2,
        "cell_id": "18734"
      }
    },
    {
      "type": "Feature",
      "id": 140,
      "geometry": {
        "type": "Point",
        "coordinates": [
          -113.5882515415175,
          37.100140368218476
        ]
      },
      "properties": {
        "OBJECTID": 140,
        "Last_Name": "Gallagher",
        "First_Name": "Noah Wilson",
        "Address": "480 S 200 W, St. George, UT 84770",
        "lat": 37.1001396,
        "lon": -113.588249,
        "Apt_Number": 20,
        "Age": 29,
        "Gender": "M",
        "BirthDate": 847756800000,
        "Notes": "https://www.facebook.com/noahwilsongallagher",
        "Address_confidence": "low",
        "Emails": "noah.w.gallagher@gmail.com",
        "prospective_elder": "no",
        "Assigned_to_minister": "yes",
        "Is_assigned_ministers": "yes",
        "ON_DO_NOT_CONTACT_LIST": "no",
        "Q_1_pct_att": 46.15384615384616,
        "Q_2_pct_att": 30.76923076923077,
        "Second_hr_pct_att": 38.46153846153846,
        "pct_att_drop": 33.33333333333334,
        "_group": 1,
        "_outsideBoundary": false,
        "_cellId": "14696",
        "_district": 1,
        "district_id": 1,
        "district_label": 2,
        "district_color": "#2563eb",
        "group": 1,
        "cell_id": "14696"
      }
    },
    {
      "type": "Feature",
      "id": 591,
      "geometry": {
        "type": "Point",
        "coordinates": [
          -113.56373578259199,
          37.10053518807142
        ]
      },
      "properties": {
        "OBJECTID": 591,
        "Last_Name": "Valentine",
        "First_Name": "Seth",
        "Address": "423 S 900 E, St. George, UT 84770",
        "lat": 37.1005363,
        "lon": -113.563736,
        "Apt_Number": null,
        "Age": 27,
        "Gender": "M",
        "BirthDate": 929577600000,
        "Notes": null,
        "Address_confidence": "high",
        "Emails": "seththomasvalentine@gmail.com",
        "prospective_elder": "no",
        "Assigned_to_minister": "yes",
        "Is_assigned_ministers": "yes",
        "ON_DO_NOT_CONTACT_LIST": "no",
        "Q_1_pct_att": 30.76923076923077,
        "Q_2_pct_att": 7.6923076923076925,
        "Second_hr_pct_att": 19.23076923076923,
        "pct_att_drop": 75,
        "_group": 1,
        "_outsideBoundary": false,
        "_cellId": "15195",
        "_district": 1,
        "district_id": 1,
        "district_label": 2,
        "district_color": "#2563eb",
        "group": 1,
        "cell_id": "15195"
      }
    },
    {
      "type": "Feature",
      "id": 534,
      "geometry": {
        "type": "Point",
        "coordinates": [
          -113.60625447241235,
          37.115519941554105
        ]
      },
      "properties": {
        "OBJECTID": 534,
        "Last_Name": "Frei",
        "First_Name": "Lincoln",
        "Address": "438 N Stone Mountain Dr, St. George, UT 84770",
        "lat": 37.1155205,
        "lon": -113.606255,
        "Apt_Number": 55,
        "Age": 30,
        "Gender": "M",
        "BirthDate": 813888000000,
        "Notes": null,
        "Address_confidence": "high",
        "Emails": "lfrei95@gmail.com",
        "prospective_elder": "no",
        "Assigned_to_minister": "yes",
        "Is_assigned_ministers": "yes",
        "ON_DO_NOT_CONTACT_LIST": "no",
        "Q_1_pct_att": 53.84615384615385,
        "Q_2_pct_att": 15.38461538461539,
        "Second_hr_pct_att": 34.615384615384606,
        "pct_att_drop": 71.4285714285714,
        "_group": 1,
        "_outsideBoundary": false,
        "_cellId": "22942",
        "district_id": 2,
        "_district": 2,
        "district_color": "#16a34a",
        "district_label": 3,
        "group": 1,
        "cell_id": "22942"
      }
    },
    {
      "type": "Feature",
      "id": 700,
      "geometry": {
        "type": "Point",
        "coordinates": [
          -113.6057333642076,
          37.11572414618898
        ]
      },
      "properties": {
        "OBJECTID": 700,
        "Last_Name": "Sheffield",
        "First_Name": "Keltin",
        "Address": "438 N Stone Mountain Dr, St. George, UT 84770",
        "lat": 37.1157227,
        "lon": -113.605736,
        "Apt_Number": 21,
        "Age": 26,
        "Gender": "M",
        "BirthDate": 944870400000,
        "Notes": null,
        "Address_confidence": "high",
        "Emails": "keltinsheffield@gmail.com",
        "prospective_elder": "no",
        "Assigned_to_minister": "yes",
        "Is_assigned_ministers": "yes",
        "ON_DO_NOT_CONTACT_LIST": "no",
        "Q_1_pct_att": 25,
        "Q_2_pct_att": 15.38461538461539,
        "Second_hr_pct_att": 20,
        "pct_att_drop": 38.46153846153844,
        "_group": 1,
        "_outsideBoundary": false,
        "_cellId": "23054",
        "district_id": 2,
        "_district": 2,
        "district_color": "#16a34a",
        "district_label": 3,
        "group": 1,
        "cell_id": "23054"
      }
    },
    {
      "type": "Feature",
      "id": 659,
      "geometry": {
        "type": "Point",
        "coordinates": [
          -113.60587684312478,
          37.11594758519513
        ]
      },
      "properties": {
        "OBJECTID": 659,
        "Last_Name": "Roberts",
        "First_Name": "Ethan Dustin",
        "Address": "438 N Stone Mountain Dr, St. George, UT 84770",
        "lat": 37.1159477,
        "lon": -113.605873,
        "Apt_Number": null,
        "Age": 26,
        "Gender": "M",
        "BirthDate": 942796800000,
        "Notes": null,
        "Address_confidence": "high",
        "Emails": "ethanroberts151@gmail.com",
        "prospective_elder": "no",
        "Assigned_to_minister": "yes",
        "Is_assigned_ministers": "yes",
        "ON_DO_NOT_CONTACT_LIST": "no",
        "Q_1_pct_att": 15.38461538461539,
        "Q_2_pct_att": 0,
        "Second_hr_pct_att": 7.6923076923076925,
        "pct_att_drop": 100,
        "_group": 1,
        "_outsideBoundary": false,
        "_cellId": "23158",
        "district_id": 2,
        "_district": 2,
        "district_color": "#16a34a",
        "district_label": 3,
        "group": 1,
        "cell_id": "23158"
      }
    },
    {
      "type": "Feature",
      "id": 699,
      "geometry": {
        "type": "Point",
        "coordinates": [
          -113.61952665583208,
          37.11603126048729
        ]
      },
      "properties": {
        "OBJECTID": 699,
        "Last_Name": "Oakley",
        "First_Name": "Preston",
        "Address": "1735 W 540 N, St. George, UT 84770",
        "lat": 37.1160316,
        "lon": -113.61953,
        "Apt_Number": null,
        "Age": 26,
        "Gender": "M",
        "BirthDate": 947289600000,
        "Notes": null,
        "Address_confidence": "high",
        "Emails": "me.alma526@gmail.com",
        "prospective_elder": "no",
        "Assigned_to_minister": "yes",
        "Is_assigned_ministers": "yes",
        "ON_DO_NOT_CONTACT_LIST": "no",
        "Q_1_pct_att": 8.333333333333332,
        "Q_2_pct_att": 23.07692307692308,
        "Second_hr_pct_att": 16,
        "pct_att_drop": 0,
        "_group": 1,
        "_outsideBoundary": false,
        "_cellId": "23203",
        "district_id": 2,
        "_district": 2,
        "district_color": "#16a34a",
        "district_label": 3,
        "group": 1,
        "cell_id": "23203"
      }
    },
    {
      "type": "Feature",
      "id": 2,
      "geometry": {
        "type": "Point",
        "coordinates": [
          -113.6065271605084,
          37.11655692682824
        ]
      },
      "properties": {
        "OBJECTID": 2,
        "Last_Name": "Acevedo",
        "First_Name": "Harrison",
        "Address": "438 N Stone Mountain Dr, St. George, UT 84770",
        "lat": 37.1165581,
        "lon": -113.606529,
        "Apt_Number": null,
        "Age": 32,
        "Gender": "M",
        "BirthDate": 771033600000,
        "Notes": null,
        "Address_confidence": "high",
        "Emails": "Harrymormonkid@gmail.com",
        "prospective_elder": "no",
        "Assigned_to_minister": "yes",
        "Is_assigned_ministers": "yes",
        "ON_DO_NOT_CONTACT_LIST": "no",
        "Q_1_pct_att": 23.07692307692308,
        "Q_2_pct_att": 30.76923076923077,
        "Second_hr_pct_att": 26.923076923076923,
        "pct_att_drop": 0,
        "_group": 1,
        "_outsideBoundary": false,
        "_cellId": "23573",
        "district_id": 2,
        "_district": 2,
        "district_color": "#16a34a",
        "district_label": 3,
        "group": 1,
        "cell_id": "23573"
      }
    },
    {
      "type": "Feature",
      "id": 508,
      "geometry": {
        "type": "Point",
        "coordinates": [
          -113.62564367536879,
          37.11823266230596
        ]
      },
      "properties": {
        "OBJECTID": 508,
        "Last_Name": "Moody",
        "First_Name": "Dallen",
        "Address": "585 N Dusk Dr, St. George, UT 84770",
        "lat": 37.1182327,
        "lon": -113.625641,
        "Apt_Number": null,
        "Age": 28,
        "Gender": "M",
        "BirthDate": 893203200000,
        "Notes": null,
        "Address_confidence": "high",
        "Emails": "dallen.moody@icloud.com",
        "prospective_elder": "no",
        "Assigned_to_minister": "yes",
        "Is_assigned_ministers": "yes",
        "ON_DO_NOT_CONTACT_LIST": "no",
        "Q_1_pct_att": 15.38461538461539,
        "Q_2_pct_att": 38.46153846153846,
        "Second_hr_pct_att": 26.923076923076923,
        "pct_att_drop": 0,
        "_group": 1,
        "_outsideBoundary": false,
        "_cellId": "24536",
        "district_id": 2,
        "_district": 2,
        "district_color": "#16a34a",
        "district_label": 3,
        "group": 1,
        "cell_id": "24536"
      }
    },
    {
      "type": "Feature",
      "id": 748,
      "geometry": {
        "type": "Point",
        "coordinates": [
          -113.63778644830433,
          37.11884513083749
        ]
      },
      "properties": {
        "OBJECTID": 748,
        "Last_Name": "Stevens",
        "First_Name": "Brandon",
        "Address": "2494 Catawba Cir, Santa Clara, UT 84765",
        "lat": 37.1188469,
        "lon": -113.637787,
        "Apt_Number": null,
        "Age": 27,
        "Gender": "M",
        "BirthDate": 925862400000,
        "Notes": null,
        "Address_confidence": "high",
        "Emails": "vgbrandon@gmail.com",
        "prospective_elder": "no",
        "Assigned_to_minister": "yes",
        "Is_assigned_ministers": "yes",
        "ON_DO_NOT_CONTACT_LIST": "no",
        "Q_1_pct_att": 0,
        "Q_2_pct_att": 30.76923076923077,
        "Second_hr_pct_att": 26.66666666666667,
        "pct_att_drop": null,
        "_group": 1,
        "_outsideBoundary": false,
        "_cellId": "24835",
        "district_id": 2,
        "_district": 2,
        "district_color": "#16a34a",
        "district_label": 3,
        "group": 1,
        "cell_id": "24835"
      }
    },
    {
      "type": "Feature",
      "id": 256,
      "geometry": {
        "type": "Point",
        "coordinates": [
          -113.60520472901908,
          37.11895933246186
        ]
      },
      "properties": {
        "OBJECTID": 256,
        "Last_Name": "Lovell",
        "First_Name": "Tyson",
        "Address": "623 N 1000 W, St. George, UT 84770",
        "lat": 37.1189575,
        "lon": -113.605202,
        "Apt_Number": null,
        "Age": 34,
        "Gender": "M",
        "BirthDate": 711331200000,
        "Notes": null,
        "Address_confidence": "high",
        "Emails": "tyson.lovell3@icloud.com",
        "prospective_elder": "no",
        "Assigned_to_minister": "yes",
        "Is_assigned_ministers": "yes",
        "ON_DO_NOT_CONTACT_LIST": "no",
        "Q_1_pct_att": 38.46153846153846,
        "Q_2_pct_att": 15.38461538461539,
        "Second_hr_pct_att": 26.923076923076923,
        "pct_att_drop": 59.999999999999986,
        "_group": 1,
        "_outsideBoundary": false,
        "_cellId": "24881",
        "district_id": 2,
        "_district": 2,
        "district_color": "#16a34a",
        "district_label": 3,
        "group": 1,
        "cell_id": "24881"
      }
    },
    {
      "type": "Feature",
      "id": 193,
      "geometry": {
        "type": "Point",
        "coordinates": [
          -113.61889235002006,
          37.11921227349011
        ]
      },
      "properties": {
        "OBJECTID": 193,
        "Last_Name": "Horlacher",
        "First_Name": "Joe",
        "Address": "1732 W 540 N , St. George, UT 84770",
        "lat": 37.1192131,
        "lon": -113.618889,
        "Apt_Number": 145,
        "Age": 31,
        "Gender": "M",
        "BirthDate": 776563200000,
        "Notes": "https://www.facebook.com/joe.horlacher.73/friends",
        "Address_confidence": "low",
        "Emails": "joe.horlacher3@gmail.com",
        "prospective_elder": "no",
        "Assigned_to_minister": "yes",
        "Is_assigned_ministers": "yes",
        "ON_DO_NOT_CONTACT_LIST": "no",
        "Q_1_pct_att": 23.07692307692308,
        "Q_2_pct_att": 30.76923076923077,
        "Second_hr_pct_att": 26.923076923076923,
        "pct_att_drop": 0,
        "_group": 1,
        "_outsideBoundary": false,
        "_cellId": "24997",
        "district_id": 2,
        "_district": 2,
        "district_color": "#16a34a",
        "district_label": 3,
        "group": 1,
        "cell_id": "24997"
      }
    },
    {
      "type": "Feature",
      "id": 767,
      "geometry": {
        "type": "Point",
        "coordinates": [
          -113.59179424097822,
          37.119962765314966
        ]
      },
      "properties": {
        "OBJECTID": 767,
        "Last_Name": "Wilkes",
        "First_Name": "Taylor Jeffrey",
        "Address": "1115 N 400 W, St. George, UT 84770",
        "lat": 37.1199646,
        "lon": -113.591797,
        "Apt_Number": 7,
        "Age": 31,
        "Gender": "M",
        "BirthDate": 782956800000,
        "Notes": "address does not appear to be coming up in the right spot.  Other possible address.: 22 W 460 S, Ivins, UT 84738",
        "Address_confidence": "low",
        "Emails": "bigriverwilkes@gmail.com",
        "prospective_elder": "no",
        "Assigned_to_minister": "yes",
        "Is_assigned_ministers": "yes",
        "ON_DO_NOT_CONTACT_LIST": null,
        "Q_1_pct_att": null,
        "Q_2_pct_att": 10,
        "Second_hr_pct_att": 10,
        "pct_att_drop": null,
        "_group": 1,
        "_outsideBoundary": false,
        "_cellId": "25387",
        "district_id": 2,
        "_district": 2,
        "district_color": "#16a34a",
        "district_label": 3,
        "group": 1,
        "cell_id": "25387"
      }
    },
    {
      "type": "Feature",
      "id": 483,
      "geometry": {
        "type": "Point",
        "coordinates": [
          -113.59663528180727,
          37.12064094633477
        ]
      },
      "properties": {
        "OBJECTID": 483,
        "Last_Name": "Angell",
        "First_Name": "Rex",
        "Address": "625 Diagonal St, St. George, UT 84770",
        "lat": 37.1206398,
        "lon": -113.596634,
        "Apt_Number": null,
        "Age": 29,
        "Gender": "M",
        "BirthDate": 857088000000,
        "Notes": null,
        "Address_confidence": "high",
        "Emails": "Rexdangello@gmail.com",
        "prospective_elder": "no",
        "Assigned_to_minister": "yes",
        "Is_assigned_ministers": "yes",
        "ON_DO_NOT_CONTACT_LIST": "no",
        "Q_1_pct_att": 30.76923076923077,
        "Q_2_pct_att": 30.76923076923077,
        "Second_hr_pct_att": 30.76923076923077,
        "pct_att_drop": 0,
        "_group": 1,
        "_outsideBoundary": false,
        "_cellId": "25768",
        "district_id": 2,
        "_district": 2,
        "district_color": "#16a34a",
        "district_label": 3,
        "group": 1,
        "cell_id": "25768"
      }
    },
    {
      "type": "Feature",
      "id": 296,
      "geometry": {
        "type": "Point",
        "coordinates": [
          -113.62004165908616,
          37.12991974842866
        ]
      },
      "properties": {
        "OBJECTID": 296,
        "Last_Name": "Nash",
        "First_Name": "Cason",
        "Address": "1687 W 1280 N, St. George, UT 84770",
        "lat": 37.129921,
        "lon": -113.620041,
        "Apt_Number": null,
        "Age": 31,
        "Gender": "M",
        "BirthDate": 806198400000,
        "Notes": null,
        "Address_confidence": "high",
        "Emails": "casonnash@gmail.com",
        "prospective_elder": "no",
        "Assigned_to_minister": "yes",
        "Is_assigned_ministers": "yes",
        "ON_DO_NOT_CONTACT_LIST": "no",
        "Q_1_pct_att": 38.46153846153846,
        "Q_2_pct_att": 23.07692307692308,
        "Second_hr_pct_att": 30.76923076923077,
        "pct_att_drop": 39.99999999999999,
        "_group": 1,
        "_outsideBoundary": false,
        "_cellId": "29179",
        "district_id": 2,
        "_district": 2,
        "district_color": "#16a34a",
        "district_label": 3,
        "group": 1,
        "cell_id": "29179"
      }
    },
    {
      "type": "Feature",
      "id": 696,
      "geometry": {
        "type": "Point",
        "coordinates": [
          -113.65380571849045,
          37.129937027438295
        ]
      },
      "properties": {
        "OBJECTID": 696,
        "Last_Name": "Stapp",
        "First_Name": "Shane",
        "Address": "3278 W Bonneli Trail, Santa Clara, UT 84765",
        "lat": 37.1299362,
        "lon": -113.653809,
        "Apt_Number": null,
        "Age": 28,
        "Gender": "M",
        "BirthDate": 883785600000,
        "Notes": null,
        "Address_confidence": "high",
        "Emails": "shanestappalaskan@gmail.com",
        "prospective_elder": "no",
        "Assigned_to_minister": "yes",
        "Is_assigned_ministers": "yes",
        "ON_DO_NOT_CONTACT_LIST": "no",
        "Q_1_pct_att": 15.38461538461539,
        "Q_2_pct_att": 15.38461538461539,
        "Second_hr_pct_att": 15.38461538461539,
        "pct_att_drop": 0,
        "_group": 1,
        "_outsideBoundary": false,
        "_cellId": "29246",
        "district_id": 2,
        "_district": 2,
        "district_color": "#16a34a",
        "district_label": 3,
        "group": 1,
        "cell_id": "29246"
      }
    },
    {
      "type": "Feature",
      "id": 792,
      "geometry": {
        "type": "Point",
        "coordinates": [
          -113.64144305863464,
          37.13375889973145
        ]
      },
      "properties": {
        "OBJECTID": 792,
        "Last_Name": "Bradshaw",
        "First_Name": "Brendon",
        "Address": "2435 El Vista Dr, Santa Clara, UT 84765",
        "lat": 37.1337585,
        "lon": -113.641441,
        "Apt_Number": null,
        "Age": 30,
        "Gender": "M",
        "BirthDate": 820800000000,
        "Notes": null,
        "Address_confidence": "high",
        "Emails": null,
        "prospective_elder": "no",
        "Assigned_to_minister": "yes",
        "Is_assigned_ministers": "yes",
        "ON_DO_NOT_CONTACT_LIST": null,
        "Q_1_pct_att": 15.38461538461539,
        "Q_2_pct_att": 0,
        "Second_hr_pct_att": 7.6923076923076925,
        "pct_att_drop": 100,
        "_group": 1,
        "_outsideBoundary": false,
        "_cellId": "30930",
        "district_id": 2,
        "_district": 2,
        "district_color": "#16a34a",
        "district_label": 3,
        "group": 1,
        "cell_id": "30930"
      }
    },
    {
      "type": "Feature",
      "id": 596,
      "geometry": {
        "type": "Point",
        "coordinates": [
          -113.63641200525835,
          37.13718106684958
        ]
      },
      "properties": {
        "OBJECTID": 596,
        "Last_Name": "Dillard",
        "First_Name": "David",
        "Address": "1680 N 2500 W, St. George, UT 84770",
        "lat": 37.1371803,
        "lon": -113.636414,
        "Apt_Number": null,
        "Age": 26,
        "Gender": "M",
        "BirthDate": 937180800000,
        "Notes": null,
        "Address_confidence": "high",
        "Emails": null,
        "prospective_elder": "no",
        "Assigned_to_minister": "yes",
        "Is_assigned_ministers": "yes",
        "ON_DO_NOT_CONTACT_LIST": "no",
        "Q_1_pct_att": 0,
        "Q_2_pct_att": 7.6923076923076925,
        "Second_hr_pct_att": 3.846153846153846,
        "pct_att_drop": null,
        "_group": 1,
        "_outsideBoundary": false,
        "_cellId": "32408",
        "district_id": 2,
        "_district": 2,
        "district_color": "#16a34a",
        "district_label": 3,
        "group": 1,
        "cell_id": "32408"
      }
    },
    {
      "type": "Feature",
      "id": 761,
      "geometry": {
        "type": "Point",
        "coordinates": [
          -113.63858842556242,
          37.13739914818571
        ]
      },
      "properties": {
        "OBJECTID": 761,
        "Last_Name": "Champlin",
        "First_Name": "Luke",
        "Address": "1686 Lava Cove Dr, Santa Clara, UT 84765",
        "lat": 37.1373978,
        "lon": -113.638588,
        "Apt_Number": null,
        "Age": 33,
        "Gender": "M",
        "BirthDate": 727833600000,
        "Notes": null,
        "Address_confidence": "high",
        "Emails": "ljchamp213@gmail.com",
        "prospective_elder": "no",
        "Assigned_to_minister": "yes",
        "Is_assigned_ministers": "yes",
        "ON_DO_NOT_CONTACT_LIST": null,
        "Q_1_pct_att": null,
        "Q_2_pct_att": 36.36363636363636,
        "Second_hr_pct_att": 36.36363636363636,
        "pct_att_drop": null,
        "_group": 1,
        "_outsideBoundary": false,
        "_cellId": "32488",
        "district_id": 2,
        "_district": 2,
        "district_color": "#16a34a",
        "district_label": 3,
        "group": 1,
        "cell_id": "32488"
      }
    },
    {
      "type": "Feature",
      "id": 361,
      "geometry": {
        "type": "Point",
        "coordinates": [
          -113.66464834803715,
          37.14167190824428
        ]
      },
      "properties": {
        "OBJECTID": 361,
        "Last_Name": "Rogers",
        "First_Name": "Kyle",
        "Address": "3765 Windmill Dr, Santa Clara, UT 84765",
        "lat": 37.1416702,
        "lon": -113.66465,
        "Apt_Number": null,
        "Age": 28,
        "Gender": "M",
        "BirthDate": 882835200000,
        "Notes": null,
        "Address_confidence": "high",
        "Emails": "213kyro@gmail.com",
        "prospective_elder": "no",
        "Assigned_to_minister": "yes",
        "Is_assigned_ministers": "yes",
        "ON_DO_NOT_CONTACT_LIST": "no",
        "Q_1_pct_att": 7.6923076923076925,
        "Q_2_pct_att": 0,
        "Second_hr_pct_att": 3.846153846153846,
        "pct_att_drop": 100,
        "_group": 1,
        "_outsideBoundary": false,
        "_cellId": "33979",
        "district_id": 2,
        "_district": 2,
        "district_color": "#16a34a",
        "district_label": 3,
        "group": 1,
        "cell_id": "33979"
      }
    },
    {
      "type": "Feature",
      "id": 35,
      "geometry": {
        "type": "Point",
        "coordinates": [
          -113.56514187598033,
          37.10784709965923
        ]
      },
      "properties": {
        "OBJECTID": 35,
        "Last_Name": "Bentley",
        "First_Name": "Michael",
        "Address": "852 E Tabernacle St, St. George, UT 84770",
        "lat": 37.1078453,
        "lon": -113.56514,
        "Apt_Number": null,
        "Age": 33,
        "Gender": "M",
        "BirthDate": 731808000000,
        "Notes": "https://www.facebook.com/michael.bentley.7923030/about_overview ",
        "Address_confidence": "low",
        "Emails": "mihyearu@gmail.com",
        "prospective_elder": "no",
        "Assigned_to_minister": "no",
        "Is_assigned_ministers": "yes",
        "ON_DO_NOT_CONTACT_LIST": "no",
        "Q_1_pct_att": 0,
        "Q_2_pct_att": 0,
        "Second_hr_pct_att": 0,
        "pct_att_drop": null,
        "_group": 2,
        "_outsideBoundary": false,
        "_cellId": "19067",
        "district_id": 2,
        "_district": 2,
        "district_color": "#16a34a",
        "district_label": 3,
        "group": 2,
        "cell_id": "19067"
      }
    },
    {
      "type": "Feature",
      "id": 704,
      "geometry": {
        "type": "Point",
        "coordinates": [
          -113.56514628581007,
          37.10785372213093
        ]
      },
      "properties": {
        "OBJECTID": 704,
        "Last_Name": "Atkinson",
        "First_Name": "Nathan",
        "Address": "852 E Tabernacle St, St. George, UT 84770",
        "lat": 37.1078529,
        "lon": -113.565147,
        "Apt_Number": null,
        "Age": 26,
        "Gender": "M",
        "BirthDate": 944524800000,
        "Notes": null,
        "Address_confidence": "high",
        "Emails": "nratkinson1999@gmail.com",
        "prospective_elder": "no",
        "Assigned_to_minister": "no",
        "Is_assigned_ministers": "yes",
        "ON_DO_NOT_CONTACT_LIST": "no",
        "Q_1_pct_att": 0,
        "Q_2_pct_att": 0,
        "Second_hr_pct_att": 0,
        "pct_att_drop": null,
        "_group": 2,
        "_outsideBoundary": false,
        "_cellId": "19067",
        "district_id": 2,
        "_district": 2,
        "district_color": "#16a34a",
        "district_label": 3,
        "group": 2,
        "cell_id": "19067"
      }
    },
    {
      "type": "Feature",
      "id": 32,
      "geometry": {
        "type": "Point",
        "coordinates": [
          -113.56714287327571,
          37.10786560374924
        ]
      },
      "properties": {
        "OBJECTID": 32,
        "Last_Name": "Bell",
        "First_Name": "Jared",
        "Address": "760 E Tabernacle St, Apt T3, St. George, UT 84770",
        "lat": 37.1078644,
        "lon": -113.567146,
        "Apt_Number": 3,
        "Age": 31,
        "Gender": "M",
        "BirthDate": 798854400000,
        "Notes": null,
        "Address_confidence": "high",
        "Emails": "jaredbe2726@gmail.com",
        "prospective_elder": "no",
        "Assigned_to_minister": "no",
        "Is_assigned_ministers": "yes",
        "ON_DO_NOT_CONTACT_LIST": "no",
        "Q_1_pct_att": 0,
        "Q_2_pct_att": 0,
        "Second_hr_pct_att": 0,
        "pct_att_drop": null,
        "_group": 2,
        "_outsideBoundary": false,
        "_cellId": "19074",
        "district_id": 2,
        "_district": 2,
        "district_color": "#16a34a",
        "district_label": 3,
        "group": 2,
        "cell_id": "19074"
      }
    },
    {
      "type": "Feature",
      "id": 389,
      "geometry": {
        "type": "Point",
        "coordinates": [
          -113.56953515425096,
          37.10830124627756
        ]
      },
      "properties": {
        "OBJECTID": 389,
        "Last_Name": "Skinner",
        "First_Name": "Preston",
        "Address": "605 E Tabernacle St, St. George, UT 84770",
        "lat": 37.1083031,
        "lon": -113.569534,
        "Apt_Number": null,
        "Age": 30,
        "Gender": "M",
        "BirthDate": 823737600000,
        "Notes": "https://www.linkedin.com/in/preston-skinner-b98b4a276/",
        "Address_confidence": "low",
        "Emails": "prestoskinner@gmail.com",
        "prospective_elder": "no",
        "Assigned_to_minister": "no",
        "Is_assigned_ministers": "yes",
        "ON_DO_NOT_CONTACT_LIST": "no",
        "Q_1_pct_att": 0,
        "Q_2_pct_att": 0,
        "Second_hr_pct_att": 0,
        "pct_att_drop": null,
        "_group": 2,
        "_outsideBoundary": false,
        "_cellId": "19867",
        "district_id": 2,
        "_district": 2,
        "district_color": "#16a34a",
        "district_label": 3,
        "group": 2,
        "cell_id": "19867"
      }
    },
    {
      "type": "Feature",
      "id": 643,
      "geometry": {
        "type": "Point",
        "coordinates": [
          -113.56953370976,
          37.10830638217282
        ]
      },
      "properties": {
        "OBJECTID": 643,
        "Last_Name": "Christensen",
        "First_Name": "Carlin",
        "Address": "605 E Tabernacle St, Apt A 302, St. George, UT 84770",
        "lat": 37.1083069,
        "lon": -113.569534,
        "Apt_Number": 302,
        "Age": 26,
        "Gender": "M",
        "BirthDate": 939600000000,
        "Notes": null,
        "Address_confidence": "high",
        "Emails": "carlincchristensen@gmail.com",
        "prospective_elder": "no",
        "Assigned_to_minister": "no",
        "Is_assigned_ministers": "yes",
        "ON_DO_NOT_CONTACT_LIST": "no",
        "Q_1_pct_att": 0,
        "Q_2_pct_att": 0,
        "Second_hr_pct_att": 0,
        "pct_att_drop": null,
        "_group": 2,
        "_outsideBoundary": false,
        "_cellId": "19867",
        "district_id": 2,
        "_district": 2,
        "district_color": "#16a34a",
        "district_label": 3,
        "group": 2,
        "cell_id": "19867"
      }
    },
    {
      "type": "Feature",
      "id": 354,
      "geometry": {
        "type": "Point",
        "coordinates": [
          -113.58416137817991,
          37.10848069936484
        ]
      },
      "properties": {
        "OBJECTID": 354,
        "Last_Name": "Rhodes",
        "First_Name": "Rigby",
        "Address": "38 W Tabernacle St s 311, St. George, UT 84770",
        "lat": 37.1084824,
        "lon": -113.58416,
        "Apt_Number": 311,
        "Age": 29,
        "Gender": "M",
        "BirthDate": 861840000000,
        "Notes": null,
        "Address_confidence": "high",
        "Emails": "rhodesrigby@gmail.com",
        "prospective_elder": "no",
        "Assigned_to_minister": "no",
        "Is_assigned_ministers": "yes",
        "ON_DO_NOT_CONTACT_LIST": "no",
        "Q_1_pct_att": 0,
        "Q_2_pct_att": 0,
        "Second_hr_pct_att": 0,
        "pct_att_drop": null,
        "_group": 2,
        "_outsideBoundary": false,
        "_cellId": "19672",
        "district_id": 2,
        "_district": 2,
        "district_color": "#16a34a",
        "district_label": 3,
        "group": 2,
        "cell_id": "19672"
      }
    },
    {
      "type": "Feature",
      "id": 531,
      "geometry": {
        "type": "Point",
        "coordinates": [
          -113.6050984646092,
          37.10880219035714
        ]
      },
      "properties": {
        "OBJECTID": 531,
        "Last_Name": "Kint",
        "First_Name": "Kannon",
        "Address": "1009 W 50 N, St. George, UT 84770",
        "lat": 37.1088028,
        "lon": -113.605095,
        "Apt_Number": null,
        "Age": 27,
        "Gender": "M",
        "BirthDate": 922838400000,
        "Notes": null,
        "Address_confidence": "high",
        "Emails": "kannonallen@gmail.com",
        "prospective_elder": "no",
        "Assigned_to_minister": "no",
        "Is_assigned_ministers": "yes",
        "ON_DO_NOT_CONTACT_LIST": "no",
        "Q_1_pct_att": 0,
        "Q_2_pct_att": 0,
        "Second_hr_pct_att": 0,
        "pct_att_drop": null,
        "_group": 2,
        "_outsideBoundary": false,
        "_cellId": "19593",
        "district_id": 2,
        "_district": 2,
        "district_color": "#16a34a",
        "district_label": 3,
        "group": 2,
        "cell_id": "19593"
      }
    },
    {
      "type": "Feature",
      "id": 134,
      "geometry": {
        "type": "Point",
        "coordinates": [
          -113.57241566329495,
          37.109079944740884
        ]
      },
      "properties": {
        "OBJECTID": 134,
        "Last_Name": "Forrester",
        "First_Name": "Brandon",
        "Address": "56 N 500 E, St. George, UT 84770",
        "lat": 37.1090813,
        "lon": -113.572418,
        "Apt_Number": null,
        "Age": 29,
        "Gender": "M",
        "BirthDate": 845596800000,
        "Notes": null,
        "Address_confidence": "high",
        "Emails": "exinfinity1@gmail.com",
        "prospective_elder": "no",
        "Assigned_to_minister": "no",
        "Is_assigned_ministers": "yes",
        "ON_DO_NOT_CONTACT_LIST": "no",
        "Q_1_pct_att": 0,
        "Q_2_pct_att": 0,
        "Second_hr_pct_att": 0,
        "pct_att_drop": null,
        "_group": 2,
        "_outsideBoundary": false,
        "_cellId": "19721",
        "district_id": 2,
        "_district": 2,
        "district_color": "#16a34a",
        "district_label": 3,
        "group": 2,
        "cell_id": "19721"
      }
    },
    {
      "type": "Feature",
      "id": 141,
      "geometry": {
        "type": "Point",
        "coordinates": [
          -113.58608077790478,
          37.10948193851632
        ]
      },
      "properties": {
        "OBJECTID": 141,
        "Last_Name": "Garner",
        "First_Name": "Nathan",
        "Address": "125 W St George Blvd, St. George, UT 84770",
        "lat": 37.1094818,
        "lon": -113.586082,
        "Apt_Number": null,
        "Age": 27,
        "Gender": "M",
        "BirthDate": 910224000000,
        "Notes": null,
        "Address_confidence": "high",
        "Emails": "npgarner98@gmail.com",
        "prospective_elder": "no",
        "Assigned_to_minister": "no",
        "Is_assigned_ministers": "yes",
        "ON_DO_NOT_CONTACT_LIST": "no",
        "Q_1_pct_att": 0,
        "Q_2_pct_att": 0,
        "Second_hr_pct_att": 0,
        "pct_att_drop": null,
        "_group": 2,
        "_outsideBoundary": false,
        "_cellId": "20018",
        "district_id": 2,
        "_district": 2,
        "district_color": "#16a34a",
        "district_label": 3,
        "group": 2,
        "cell_id": "20018"
      }
    },
    {
      "type": "Feature",
      "id": 757,
      "geometry": {
        "type": "Point",
        "coordinates": [
          -113.60500131360784,
          37.11078356816524
        ]
      },
      "properties": {
        "OBJECTID": 757,
        "Last_Name": "Hall",
        "First_Name": "Dawsen",
        "Address": "146 N Eclipse Dr, St. George, UT 84770",
        "lat": 37.1107826,
        "lon": -113.605003,
        "Apt_Number": null,
        "Age": 26,
        "Gender": "M",
        "BirthDate": 953683200000,
        "Notes": null,
        "Address_confidence": "high",
        "Emails": "dawsenhall@gmail.com",
        "prospective_elder": "no",
        "Assigned_to_minister": "no",
        "Is_assigned_ministers": "yes",
        "ON_DO_NOT_CONTACT_LIST": null,
        "Q_1_pct_att": null,
        "Q_2_pct_att": 0,
        "Second_hr_pct_att": 0,
        "pct_att_drop": null,
        "_group": 2,
        "_outsideBoundary": false,
        "_cellId": "20601",
        "district_id": 2,
        "_district": 2,
        "district_color": "#16a34a",
        "district_label": 3,
        "group": 2,
        "cell_id": "20601"
      }
    },
    {
      "type": "Feature",
      "id": 580,
      "geometry": {
        "type": "Point",
        "coordinates": [
          -113.58076558560752,
          37.112717607123386
        ]
      },
      "properties": {
        "OBJECTID": 580,
        "Last_Name": "Hoy",
        "First_Name": "David",
        "Address": "266 N 100 E, St. George, UT 84770",
        "lat": 37.1127167,
        "lon": -113.580765,
        "Apt_Number": null,
        "Age": 34,
        "Gender": "M",
        "BirthDate": 704419200000,
        "Notes": null,
        "Address_confidence": "high",
        "Emails": "davidshoy@outlook.com",
        "prospective_elder": "no",
        "Assigned_to_minister": "no",
        "Is_assigned_ministers": "yes",
        "ON_DO_NOT_CONTACT_LIST": "no",
        "Q_1_pct_att": 0,
        "Q_2_pct_att": 0,
        "Second_hr_pct_att": 0,
        "pct_att_drop": null,
        "_group": 2,
        "_outsideBoundary": false,
        "_cellId": "21551",
        "district_id": 2,
        "_district": 2,
        "district_color": "#16a34a",
        "district_label": 3,
        "group": 2,
        "cell_id": "21551"
      }
    },
    {
      "type": "Feature",
      "id": 325,
      "geometry": {
        "type": "Point",
        "coordinates": [
          -113.60975260285853,
          37.11292224841528
        ]
      },
      "properties": {
        "OBJECTID": 325,
        "Last_Name": "Pastor",
        "First_Name": "Sam",
        "Address": "249 N 1210 W, St. George, UT 84770",
        "lat": 37.1129227,
        "lon": -113.609749,
        "Apt_Number": null,
        "Age": 28,
        "Gender": "M",
        "BirthDate": 870134400000,
        "Notes": null,
        "Address_confidence": "high",
        "Emails": "Elder.ReminderPastor@gmail.com",
        "prospective_elder": "no",
        "Assigned_to_minister": "no",
        "Is_assigned_ministers": "yes",
        "ON_DO_NOT_CONTACT_LIST": "no",
        "Q_1_pct_att": 0,
        "Q_2_pct_att": 0,
        "Second_hr_pct_att": 0,
        "pct_att_drop": null,
        "_group": 2,
        "_outsideBoundary": false,
        "_cellId": "21733",
        "district_id": 2,
        "_district": 2,
        "district_color": "#16a34a",
        "district_label": 3,
        "group": 2,
        "cell_id": "21733"
      }
    },
    {
      "type": "Feature",
      "id": 323,
      "geometry": {
        "type": "Point",
        "coordinates": [
          -113.61965635369448,
          37.112981015668936
        ]
      },
      "properties": {
        "OBJECTID": 323,
        "Last_Name": "Parrott",
        "First_Name": "Steven",
        "Address": "260 N Dixie Dr, St. George, UT 84770",
        "lat": 37.1129799,
        "lon": -113.619659,
        "Apt_Number": 421,
        "Age": 28,
        "Gender": "M",
        "BirthDate": 900460800000,
        "Notes": null,
        "Address_confidence": "high",
        "Emails": "s.parrott1146@gmail.com",
        "prospective_elder": "no",
        "Assigned_to_minister": "no",
        "Is_assigned_ministers": "yes",
        "ON_DO_NOT_CONTACT_LIST": "no",
        "Q_1_pct_att": 0,
        "Q_2_pct_att": 0,
        "Second_hr_pct_att": 0,
        "pct_att_drop": null,
        "_group": 2,
        "_outsideBoundary": false,
        "_cellId": "22533",
        "district_id": 2,
        "_district": 2,
        "district_color": "#16a34a",
        "district_label": 3,
        "group": 2,
        "cell_id": "22533"
      }
    },
    {
      "type": "Feature",
      "id": 799,
      "geometry": {
        "type": "Point",
        "coordinates": [
          -113.5839963962898,
          37.113217959649724
        ]
      },
      "properties": {
        "OBJECTID": 799,
        "Last_Name": "Cahoon",
        "First_Name": "Riley",
        "Address": "38 W 250 N, St. George, UT 84770",
        "lat": 37.1132164,
        "lon": -113.584,
        "Apt_Number": null,
        "Age": 26,
        "Gender": "M",
        "BirthDate": 954892800000,
        "Notes": null,
        "Address_confidence": "high",
        "Emails": "riley.cahoon@gmail.com",
        "prospective_elder": "no",
        "Assigned_to_minister": "no",
        "Is_assigned_ministers": "yes",
        "ON_DO_NOT_CONTACT_LIST": null,
        "Q_1_pct_att": null,
        "Q_2_pct_att": 0,
        "Second_hr_pct_att": 0,
        "pct_att_drop": null,
        "_group": 2,
        "_outsideBoundary": false,
        "_cellId": "21993",
        "district_id": 2,
        "_district": 2,
        "district_color": "#16a34a",
        "district_label": 3,
        "group": 2,
        "cell_id": "21993"
      }
    },
    {
      "type": "Feature",
      "id": 350,
      "geometry": {
        "type": "Point",
        "coordinates": [
          -113.59322064437681,
          37.11385223506966
        ]
      },
      "properties": {
        "OBJECTID": 350,
        "Last_Name": "Reed",
        "First_Name": "Evan",
        "Address": "462 W 300 N, St. George, UT 84770",
        "lat": 37.1138535,
        "lon": -113.593224,
        "Apt_Number": 13,
        "Age": 32,
        "Gender": "M",
        "BirthDate": 754617600000,
        "Notes": null,
        "Address_confidence": "high",
        "Emails": "Fiveflamefist@gmail.com",
        "prospective_elder": "no",
        "Assigned_to_minister": "no",
        "Is_assigned_ministers": "yes",
        "ON_DO_NOT_CONTACT_LIST": "no",
        "Q_1_pct_att": 0,
        "Q_2_pct_att": 0,
        "Second_hr_pct_att": 0,
        "pct_att_drop": null,
        "_group": 2,
        "_outsideBoundary": false,
        "_cellId": "22095",
        "district_id": 2,
        "_district": 2,
        "district_color": "#16a34a",
        "district_label": 3,
        "group": 2,
        "cell_id": "22095"
      }
    },
    {
      "type": "Feature",
      "id": 463,
      "geometry": {
        "type": "Point",
        "coordinates": [
          -113.61846625841956,
          37.115509468018935
        ]
      },
      "properties": {
        "OBJECTID": 463,
        "Last_Name": "Whimple",
        "First_Name": "Steven Robert",
        "Address": "394 N 1660 W Cir, St. George, UT 84770",
        "lat": 37.115509,
        "lon": -113.618469,
        "Apt_Number": null,
        "Age": 32,
        "Gender": "M",
        "BirthDate": 744336000000,
        "Notes": null,
        "Address_confidence": "high",
        "Emails": "steven.patriot@live.com",
        "prospective_elder": "no",
        "Assigned_to_minister": "no",
        "Is_assigned_ministers": "yes",
        "ON_DO_NOT_CONTACT_LIST": "no",
        "Q_1_pct_att": 0,
        "Q_2_pct_att": 0,
        "Second_hr_pct_att": 0,
        "pct_att_drop": null,
        "_group": 2,
        "_outsideBoundary": false,
        "_cellId": "22961",
        "district_id": 2,
        "_district": 2,
        "district_color": "#16a34a",
        "district_label": 3,
        "group": 2,
        "cell_id": "22961"
      }
    },
    {
      "type": "Feature",
      "id": 288,
      "geometry": {
        "type": "Point",
        "coordinates": [
          -113.60625056474085,
          37.11552032049534
        ]
      },
      "properties": {
        "OBJECTID": 288,
        "Last_Name": "Moody",
        "First_Name": "Kyle",
        "Address": "438 N Stone Mountain Dr, St. George, UT 84770",
        "lat": 37.1155205,
        "lon": -113.606247,
        "Apt_Number": null,
        "Age": 35,
        "Gender": "M",
        "BirthDate": 670723200000,
        "Notes": null,
        "Address_confidence": "high",
        "Emails": "moody4491@icloud.com",
        "prospective_elder": "no",
        "Assigned_to_minister": "no",
        "Is_assigned_ministers": "yes",
        "ON_DO_NOT_CONTACT_LIST": "no",
        "Q_1_pct_att": 0,
        "Q_2_pct_att": 0,
        "Second_hr_pct_att": 0,
        "pct_att_drop": null,
        "_group": 2,
        "_outsideBoundary": false,
        "_cellId": "22942",
        "district_id": 2,
        "_district": 2,
        "district_color": "#16a34a",
        "district_label": 3,
        "group": 2,
        "cell_id": "22942"
      }
    },
    {
      "type": "Feature",
      "id": 349,
      "geometry": {
        "type": "Point",
        "coordinates": [
          -113.60572811175814,
          37.115722384725885
        ]
      },
      "properties": {
        "OBJECTID": 349,
        "Last_Name": "Raymond",
        "First_Name": "Daniel",
        "Address": "438 N Stone Mountain Dr, St. George, UT 84770",
        "lat": 37.1157227,
        "lon": -113.605728,
        "Apt_Number": 21,
        "Age": 29,
        "Gender": "M",
        "BirthDate": 867888000000,
        "Notes": "https://www.facebook.com/daniel.raymond.73",
        "Address_confidence": "low",
        "Emails": "danraymo3@gmail.com",
        "prospective_elder": "no",
        "Assigned_to_minister": "no",
        "Is_assigned_ministers": "yes",
        "ON_DO_NOT_CONTACT_LIST": "no",
        "Q_1_pct_att": 0,
        "Q_2_pct_att": 0,
        "Second_hr_pct_att": 0,
        "pct_att_drop": null,
        "_group": 2,
        "_outsideBoundary": false,
        "_cellId": "23054",
        "district_id": 2,
        "_district": 2,
        "district_color": "#16a34a",
        "district_label": 3,
        "group": 2,
        "cell_id": "23054"
      }
    },
    {
      "type": "Feature",
      "id": 742,
      "geometry": {
        "type": "Point",
        "coordinates": [
          -113.60587573460373,
          37.11595336097162
        ]
      },
      "properties": {
        "OBJECTID": 742,
        "Last_Name": "Stout",
        "First_Name": "Nash",
        "Address": "438 N Stone Mountain Dr, St. George, UT 84770",
        "lat": 37.1159515,
        "lon": -113.605873,
        "Apt_Number": 26,
        "Age": 26,
        "Gender": "M",
        "BirthDate": 951264000000,
        "Notes": null,
        "Address_confidence": "high",
        "Emails": "nashstout@gmail.com",
        "prospective_elder": "no",
        "Assigned_to_minister": "no",
        "Is_assigned_ministers": "yes",
        "ON_DO_NOT_CONTACT_LIST": "no",
        "Q_1_pct_att": 0,
        "Q_2_pct_att": 0,
        "Second_hr_pct_att": 0,
        "pct_att_drop": null,
        "_group": 2,
        "_outsideBoundary": false,
        "_cellId": "23158",
        "district_id": 2,
        "_district": 2,
        "district_color": "#16a34a",
        "district_label": 3,
        "group": 2,
        "cell_id": "23158"
      }
    },
    {
      "type": "Feature",
      "id": 593,
      "geometry": {
        "type": "Point",
        "coordinates": [
          -113.60816232519255,
          37.11590568411899
        ]
      },
      "properties": {
        "OBJECTID": 593,
        "Last_Name": "Flores",
        "First_Name": "Michael",
        "Address": "1180 W 425 N, St. George, UT 84770",
        "lat": 37.1159058,
        "lon": -113.608162,
        "Apt_Number": 17,
        "Age": 26,
        "Gender": "M",
        "BirthDate": 936057600000,
        "Notes": null,
        "Address_confidence": "high",
        "Emails": null,
        "prospective_elder": "no",
        "Assigned_to_minister": "no",
        "Is_assigned_ministers": "yes",
        "ON_DO_NOT_CONTACT_LIST": "no",
        "Q_1_pct_att": 0,
        "Q_2_pct_att": 0,
        "Second_hr_pct_att": 0,
        "pct_att_drop": null,
        "_group": 2,
        "_outsideBoundary": false,
        "_cellId": "23235",
        "district_id": 2,
        "_district": 2,
        "district_color": "#16a34a",
        "district_label": 3,
        "group": 2,
        "cell_id": "23235"
      }
    },
    {
      "type": "Feature",
      "id": 233,
      "geometry": {
        "type": "Point",
        "coordinates": [
          -113.62123090006322,
          37.117266459390834
        ]
      },
      "properties": {
        "OBJECTID": 233,
        "Last_Name": "Kist",
        "First_Name": "Taylor",
        "Address": "1735 540 N St, St. George, UT 84770",
        "lat": 37.1172676,
        "lon": -113.621231,
        "Apt_Number": 202,
        "Age": 33,
        "Gender": "M",
        "BirthDate": 739584000000,
        "Notes": "https://www.facebook.com/taylor.kist",
        "Address_confidence": "low",
        "Emails": "taylor.kist@gmail.com",
        "prospective_elder": "no",
        "Assigned_to_minister": "no",
        "Is_assigned_ministers": "yes",
        "ON_DO_NOT_CONTACT_LIST": "no",
        "Q_1_pct_att": 0,
        "Q_2_pct_att": 0,
        "Second_hr_pct_att": 0,
        "pct_att_drop": null,
        "_group": 2,
        "_outsideBoundary": false,
        "_cellId": "23932",
        "district_id": 2,
        "_district": 2,
        "district_color": "#16a34a",
        "district_label": 3,
        "group": 2,
        "cell_id": "23932"
      }
    },
    {
      "type": "Feature",
      "id": 147,
      "geometry": {
        "type": "Point",
        "coordinates": [
          -113.61185004148619,
          37.11743738998478
        ]
      },
      "properties": {
        "OBJECTID": 147,
        "Last_Name": "Glover",
        "First_Name": "Monte",
        "Address": "1325 W 540 N, St. George, UT 84770",
        "lat": 37.1174393,
        "lon": -113.611847,
        "Apt_Number": null,
        "Age": 28,
        "Gender": "M",
        "BirthDate": 896832000000,
        "Notes": "https://www.linkedin.com/in/monte-glover-b946a01a3/",
        "Address_confidence": "low",
        "Emails": "Monte.glover11@gmail.com",
        "prospective_elder": "no",
        "Assigned_to_minister": "no",
        "Is_assigned_ministers": "yes",
        "ON_DO_NOT_CONTACT_LIST": "no",
        "Q_1_pct_att": 0,
        "Q_2_pct_att": 0,
        "Second_hr_pct_att": 0,
        "pct_att_drop": null,
        "_group": 2,
        "_outsideBoundary": false,
        "_cellId": "24066",
        "district_id": 2,
        "_district": 2,
        "district_color": "#16a34a",
        "district_label": 3,
        "group": 2,
        "cell_id": "24066"
      }
    },
    {
      "type": "Feature",
      "id": 675,
      "geometry": {
        "type": "Point",
        "coordinates": [
          -113.6118554780903,
          37.117434604228315
        ]
      },
      "properties": {
        "OBJECTID": 675,
        "Last_Name": "Leech",
        "First_Name": "Taten",
        "Address": "1325 W 540 N, St. George, UT 84770",
        "lat": 37.1174355,
        "lon": -113.611855,
        "Apt_Number": null,
        "Age": 26,
        "Gender": "M",
        "BirthDate": 943228800000,
        "Notes": null,
        "Address_confidence": "high",
        "Emails": "tatetl0@gmail.com",
        "prospective_elder": "no",
        "Assigned_to_minister": "no",
        "Is_assigned_ministers": "yes",
        "ON_DO_NOT_CONTACT_LIST": "no",
        "Q_1_pct_att": 0,
        "Q_2_pct_att": 0,
        "Second_hr_pct_att": 0,
        "pct_att_drop": null,
        "_group": 2,
        "_outsideBoundary": false,
        "_cellId": "24066",
        "district_id": 2,
        "_district": 2,
        "district_color": "#16a34a",
        "district_label": 3,
        "group": 2,
        "cell_id": "24066"
      }
    },
    {
      "type": "Feature",
      "id": 304,
      "geometry": {
        "type": "Point",
        "coordinates": [
          -113.6065976836481,
          37.11779191802078
        ]
      },
      "properties": {
        "OBJECTID": 304,
        "Last_Name": "Nielsen",
        "First_Name": "Michael",
        "Address": "1083 W 560 N, St. George, UT 84770",
        "lat": 37.1177902,
        "lon": -113.606598,
        "Apt_Number": null,
        "Age": 31,
        "Gender": "M",
        "BirthDate": 795657600000,
        "Notes": null,
        "Address_confidence": "low",
        "Emails": "mikbod.n@gmail.com",
        "prospective_elder": "no",
        "Assigned_to_minister": "no",
        "Is_assigned_ministers": "yes",
        "ON_DO_NOT_CONTACT_LIST": "no",
        "Q_1_pct_att": 0,
        "Q_2_pct_att": 0,
        "Second_hr_pct_att": 0,
        "pct_att_drop": null,
        "_group": 2,
        "_outsideBoundary": false,
        "_cellId": "24252",
        "district_id": 2,
        "_district": 2,
        "district_color": "#16a34a",
        "district_label": 3,
        "group": 2,
        "cell_id": "24252"
      }
    },
    {
      "type": "Feature",
      "id": 586,
      "geometry": {
        "type": "Point",
        "coordinates": [
          -113.60784581009038,
          37.118673883233434
        ]
      },
      "properties": {
        "OBJECTID": 586,
        "Last_Name": "Chamberlain",
        "First_Name": "Garrett Joseph",
        "Address": "1150 W 610 N Cir, St. George, UT 84770",
        "lat": 37.1186752,
        "lon": -113.607849,
        "Apt_Number": null,
        "Age": 27,
        "Gender": "M",
        "BirthDate": 924566400000,
        "Notes": null,
        "Address_confidence": "high",
        "Emails": "garrettjchamberlain@gmail.com",
        "prospective_elder": "no",
        "Assigned_to_minister": "no",
        "Is_assigned_ministers": "yes",
        "ON_DO_NOT_CONTACT_LIST": "no",
        "Q_1_pct_att": 0,
        "Q_2_pct_att": 0,
        "Second_hr_pct_att": 0,
        "pct_att_drop": null,
        "_group": 2,
        "_outsideBoundary": false,
        "_cellId": "24728",
        "district_id": 2,
        "_district": 2,
        "district_color": "#16a34a",
        "district_label": 3,
        "group": 2,
        "cell_id": "24728"
      }
    },
    {
      "type": "Feature",
      "id": 135,
      "geometry": {
        "type": "Point",
        "coordinates": [
          -113.60027162973805,
          37.11971085682694
        ]
      },
      "properties": {
        "OBJECTID": 135,
        "Last_Name": "Foster",
        "First_Name": "Brandt",
        "Address": "664 Ridge Rim Way, St. George, UT 84770",
        "lat": 37.119709,
        "lon": -113.600273,
        "Apt_Number": null,
        "Age": 29,
        "Gender": "M",
        "BirthDate": 867974400000,
        "Notes": null,
        "Address_confidence": "high",
        "Emails": "xolani3713@gmail.com",
        "prospective_elder": "no",
        "Assigned_to_minister": "no",
        "Is_assigned_ministers": "yes",
        "ON_DO_NOT_CONTACT_LIST": "no",
        "Q_1_pct_att": 0,
        "Q_2_pct_att": 0,
        "Second_hr_pct_att": 0,
        "pct_att_drop": null,
        "_group": 2,
        "_outsideBoundary": false,
        "_cellId": "25268",
        "district_id": 2,
        "_district": 2,
        "district_color": "#16a34a",
        "district_label": 3,
        "group": 2,
        "cell_id": "25268"
      }
    },
    {
      "type": "Feature",
      "id": 120,
      "geometry": {
        "type": "Point",
        "coordinates": [
          -113.59490033136306,
          37.12001680315542
        ]
      },
      "properties": {
        "OBJECTID": 120,
        "Last_Name": "Enfield",
        "First_Name": "Vincent",
        "Address": "550 Diagonal St, St. George, UT 84770",
        "lat": 37.120018,
        "lon": -113.594902,
        "Apt_Number": 4,
        "Age": 30,
        "Gender": "M",
        "BirthDate": 838339200000,
        "Notes": null,
        "Address_confidence": "high",
        "Emails": "fez72696@icloud.com",
        "prospective_elder": "no",
        "Assigned_to_minister": "no",
        "Is_assigned_ministers": "yes",
        "ON_DO_NOT_CONTACT_LIST": "no",
        "Q_1_pct_att": 0,
        "Q_2_pct_att": 0,
        "Second_hr_pct_att": 0,
        "pct_att_drop": null,
        "_group": 2,
        "_outsideBoundary": false,
        "_cellId": "25414",
        "district_id": 2,
        "_district": 2,
        "district_color": "#16a34a",
        "district_label": 3,
        "group": 2,
        "cell_id": "25414"
      }
    },
    {
      "type": "Feature",
      "id": 811,
      "geometry": {
        "type": "Point",
        "coordinates": [
          -113.63509246724257,
          37.120842924554225
        ]
      },
      "properties": {
        "OBJECTID": 811,
        "Last_Name": "Burgess",
        "First_Name": "Conner Robert",
        "Address": "2412 Concord Ave, Santa Clara, UT 84765",
        "lat": 37.120842,
        "lon": -113.635094,
        "Apt_Number": null,
        "Age": 25,
        "Gender": "M",
        "BirthDate": 974419200000,
        "Notes": "Not 26 till November 17th 2025.",
        "Address_confidence": "high",
        "Emails": "connerburgess2464@gmail.com",
        "prospective_elder": "no",
        "Assigned_to_minister": "no",
        "Is_assigned_ministers": "yes",
        "ON_DO_NOT_CONTACT_LIST": "no",
        "Q_1_pct_att": null,
        "Q_2_pct_att": null,
        "Second_hr_pct_att": null,
        "pct_att_drop": null,
        "_group": 2,
        "_outsideBoundary": false,
        "_cellId": "25878",
        "district_id": 2,
        "_district": 2,
        "district_color": "#16a34a",
        "district_label": 3,
        "group": 2,
        "cell_id": "25878"
      }
    },
    {
      "type": "Feature",
      "id": 738,
      "geometry": {
        "type": "Point",
        "coordinates": [
          -113.60599030124348,
          37.121675676823855
        ]
      },
      "properties": {
        "OBJECTID": 738,
        "Last_Name": "Duff",
        "First_Name": "Cody",
        "Address": "781 N Valley View Dr, St. George, UT 84770",
        "lat": 37.1216774,
        "lon": -113.605988,
        "Apt_Number": 63,
        "Age": 26,
        "Gender": "M",
        "BirthDate": 949968000000,
        "Notes": null,
        "Address_confidence": "high",
        "Emails": null,
        "prospective_elder": "no",
        "Assigned_to_minister": "no",
        "Is_assigned_ministers": "yes",
        "ON_DO_NOT_CONTACT_LIST": "no",
        "Q_1_pct_att": 0,
        "Q_2_pct_att": 0,
        "Second_hr_pct_att": 0,
        "pct_att_drop": null,
        "_group": 2,
        "_outsideBoundary": false,
        "_cellId": "26164",
        "district_id": 2,
        "_district": 2,
        "district_color": "#16a34a",
        "district_label": 3,
        "group": 2,
        "cell_id": "26164"
      }
    },
    {
      "type": "Feature",
      "id": 25,
      "geometry": {
        "type": "Point",
        "coordinates": [
          -113.60621187160663,
          37.12231025600128
        ]
      },
      "properties": {
        "OBJECTID": 25,
        "Last_Name": "Barton",
        "First_Name": "Benjamin Joseph",
        "Address": "781 N Valley View Dr, St. George, UT 84770",
        "lat": 37.1223106,
        "lon": -113.606209,
        "Apt_Number": 63,
        "Age": 28,
        "Gender": "M",
        "BirthDate": 888019200000,
        "Notes": "address is not certain.  No address provided in lds tools",
        "Address_confidence": "low",
        "Emails": "xeonparkour@gmail.com",
        "prospective_elder": "no",
        "Assigned_to_minister": "no",
        "Is_assigned_ministers": "yes",
        "ON_DO_NOT_CONTACT_LIST": "no",
        "Q_1_pct_att": 0,
        "Q_2_pct_att": 0,
        "Second_hr_pct_att": 0,
        "pct_att_drop": null,
        "_group": 2,
        "_outsideBoundary": false,
        "_cellId": "26331",
        "district_id": 2,
        "_district": 2,
        "district_color": "#16a34a",
        "district_label": 3,
        "group": 2,
        "cell_id": "26331"
      }
    },
    {
      "type": "Feature",
      "id": 4,
      "geometry": {
        "type": "Point",
        "coordinates": [
          -113.55727497959265,
          37.12395801899972
        ]
      },
      "properties": {
        "OBJECTID": 4,
        "Last_Name": "Ahlstrom",
        "First_Name": "Jacob",
        "Address": "861 Redrock Rd, St. George, UT 84770",
        "lat": 37.1239586,
        "lon": -113.557274,
        "Apt_Number": 18,
        "Age": 31,
        "Gender": "M",
        "BirthDate": 792028800000,
        "Notes": null,
        "Address_confidence": "high",
        "Emails": "cubbyj95@gmail.com",
        "prospective_elder": "no",
        "Assigned_to_minister": "no",
        "Is_assigned_ministers": "yes",
        "ON_DO_NOT_CONTACT_LIST": "no",
        "Q_1_pct_att": 0,
        "Q_2_pct_att": 0,
        "Second_hr_pct_att": 0,
        "pct_att_drop": null,
        "_group": 2,
        "_outsideBoundary": false,
        "_cellId": "26822",
        "district_id": 2,
        "_district": 2,
        "district_color": "#16a34a",
        "district_label": 3,
        "group": 2,
        "cell_id": "26822"
      }
    },
    {
      "type": "Feature",
      "id": 470,
      "geometry": {
        "type": "Point",
        "coordinates": [
          -113.59938519377525,
          37.124699527147854
        ]
      },
      "properties": {
        "OBJECTID": 470,
        "Last_Name": "Williams",
        "First_Name": "Seth",
        "Address": "776 Diagonal St, St. George, UT 84770",
        "lat": 37.1246986,
        "lon": -113.599388,
        "Apt_Number": 61,
        "Age": 27,
        "Gender": "M",
        "BirthDate": 912643200000,
        "Notes": null,
        "Address_confidence": "high",
        "Emails": "odst1203@gmail.com",
        "prospective_elder": "no",
        "Assigned_to_minister": "no",
        "Is_assigned_ministers": "yes",
        "ON_DO_NOT_CONTACT_LIST": "no",
        "Q_1_pct_att": 0,
        "Q_2_pct_att": 0,
        "Second_hr_pct_att": 0,
        "pct_att_drop": null,
        "_group": 2,
        "_outsideBoundary": false,
        "_cellId": "27054",
        "district_id": 2,
        "_district": 2,
        "district_color": "#16a34a",
        "district_label": 3,
        "group": 2,
        "cell_id": "27054"
      }
    },
    {
      "type": "Feature",
      "id": 289,
      "geometry": {
        "type": "Point",
        "coordinates": [
          -113.6188610554105,
          37.12487379872266
        ]
      },
      "properties": {
        "OBJECTID": 289,
        "Last_Name": "Morin",
        "First_Name": "Ethan",
        "Address": "1660 W Sunset Blvd, Apt D 18, St. George, UT 84770",
        "lat": 37.1248741,
        "lon": -113.618858,
        "Apt_Number": 18,
        "Age": 30,
        "Gender": "M",
        "BirthDate": 818726400000,
        "Notes": null,
        "Address_confidence": "high",
        "Emails": "ethanamorin@gmail.com",
        "prospective_elder": "no",
        "Assigned_to_minister": "no",
        "Is_assigned_ministers": "yes",
        "ON_DO_NOT_CONTACT_LIST": "no",
        "Q_1_pct_att": 0,
        "Q_2_pct_att": 0,
        "Second_hr_pct_att": 0,
        "pct_att_drop": null,
        "_group": 2,
        "_outsideBoundary": false,
        "_cellId": "27279",
        "district_id": 2,
        "_district": 2,
        "district_color": "#16a34a",
        "district_label": 3,
        "group": 2,
        "cell_id": "27279"
      }
    },
    {
      "type": "Feature",
      "id": 455,
      "geometry": {
        "type": "Point",
        "coordinates": [
          -113.62184391490469,
          37.1268258683544
        ]
      },
      "properties": {
        "OBJECTID": 455,
        "Last_Name": "Wardell",
        "First_Name": "Dalton",
        "Address": "1090 N 1800 W Cir, St. George, UT 84770",
        "lat": 37.1268272,
        "lon": -113.621841,
        "Apt_Number": 3,
        "Age": 28,
        "Gender": "M",
        "BirthDate": 890870400000,
        "Notes": "https://www.facebook.com/dalton.wardell.1",
        "Address_confidence": "low",
        "Emails": "daltonvwardell@gmail.com",
        "prospective_elder": "no",
        "Assigned_to_minister": "no",
        "Is_assigned_ministers": "yes",
        "ON_DO_NOT_CONTACT_LIST": "no",
        "Q_1_pct_att": 0,
        "Q_2_pct_att": 0,
        "Second_hr_pct_att": 0,
        "pct_att_drop": null,
        "_group": 2,
        "_outsideBoundary": false,
        "_cellId": "27964",
        "district_id": 2,
        "_district": 2,
        "district_color": "#16a34a",
        "district_label": 3,
        "group": 2,
        "cell_id": "27964"
      }
    },
    {
      "type": "Feature",
      "id": 462,
      "geometry": {
        "type": "Point",
        "coordinates": [
          -113.61281403260075,
          37.1287003457374
        ]
      },
      "properties": {
        "OBJECTID": 462,
        "Last_Name": "Whetten",
        "First_Name": "Christopher",
        "Address": "1351 W 1200 N, St. George, UT 84770",
        "lat": 37.1287003,
        "lon": -113.612816,
        "Apt_Number": null,
        "Age": 31,
        "Gender": "M",
        "BirthDate": 782697600000,
        "Notes": null,
        "Address_confidence": "high",
        "Emails": "chriswhetten@icloud.com",
        "prospective_elder": "no",
        "Assigned_to_minister": "no",
        "Is_assigned_ministers": "yes",
        "ON_DO_NOT_CONTACT_LIST": "no",
        "Q_1_pct_att": 0,
        "Q_2_pct_att": 0,
        "Second_hr_pct_att": 0,
        "pct_att_drop": null,
        "_group": 2,
        "_outsideBoundary": false,
        "_cellId": "28649",
        "district_id": 2,
        "_district": 2,
        "district_color": "#16a34a",
        "district_label": 3,
        "group": 2,
        "cell_id": "28649"
      }
    },
    {
      "type": "Feature",
      "id": 554,
      "geometry": {
        "type": "Point",
        "coordinates": [
          -113.5656095766465,
          37.10866655019431
        ]
      },
      "properties": {
        "OBJECTID": 554,
        "Last_Name": "Lutz",
        "First_Name": "Hyrum David",
        "Address": "833 E Tabernacle St, St. George, UT 84770",
        "lat": 37.1086655,
        "lon": -113.565613,
        "Apt_Number": 9,
        "Age": 27,
        "Gender": "M",
        "BirthDate": 931651200000,
        "Notes": null,
        "Address_confidence": "high",
        "Emails": "hlutz07@gmail.com",
        "prospective_elder": "no",
        "Assigned_to_minister": "yes",
        "Is_assigned_ministers": "yes",
        "ON_DO_NOT_CONTACT_LIST": "no",
        "Q_1_pct_att": 0,
        "Q_2_pct_att": 7.6923076923076925,
        "Second_hr_pct_att": 3.846153846153846,
        "pct_att_drop": null,
        "_group": 1,
        "_outsideBoundary": false,
        "_cellId": "19506",
        "_district": 2,
        "district_id": 2,
        "district_label": 3,
        "district_color": "#16a34a",
        "group": 1,
        "cell_id": "19506"
      }
    },
    {
      "type": "Feature",
      "id": 755,
      "geometry": {
        "type": "Point",
        "coordinates": [
          -113.56592580788102,
          37.10857249614718
        ]
      },
      "properties": {
        "OBJECTID": 755,
        "Last_Name": "Watson",
        "First_Name": "Bailey",
        "Address": "833 E Tabernacle St, St. George, UT 84770",
        "lat": 37.1085739,
        "lon": -113.565926,
        "Apt_Number": 10,
        "Age": 26,
        "Gender": "M",
        "BirthDate": 951609600000,
        "Notes": null,
        "Address_confidence": "high",
        "Emails": "beetleboy00@gmail.com",
        "prospective_elder": "no",
        "Assigned_to_minister": "yes",
        "Is_assigned_ministers": "yes",
        "ON_DO_NOT_CONTACT_LIST": null,
        "Q_1_pct_att": null,
        "Q_2_pct_att": 25,
        "Second_hr_pct_att": 25,
        "pct_att_drop": null,
        "_group": 1,
        "_outsideBoundary": false,
        "_cellId": "19507",
        "_district": 2,
        "district_id": 2,
        "district_label": 3,
        "district_color": "#16a34a",
        "group": 1,
        "cell_id": "19507"
      }
    },
    {
      "type": "Feature",
      "id": 579,
      "geometry": {
        "type": "Point",
        "coordinates": [
          -113.66246211992683,
          37.142792095731174
        ]
      },
      "properties": {
        "OBJECTID": 579,
        "Last_Name": "Fisher",
        "First_Name": "Samson",
        "Address": "3677 Rachel Dr, Santa Clara, UT 84765",
        "lat": 37.1427917,
        "lon": -113.66246,
        "Apt_Number": null,
        "Age": 31,
        "Gender": "M",
        "BirthDate": 785376000000,
        "Notes": null,
        "Address_confidence": "high",
        "Emails": "thefishmaster75@gmail.com",
        "prospective_elder": "no",
        "Assigned_to_minister": "yes",
        "Is_assigned_ministers": "yes",
        "ON_DO_NOT_CONTACT_LIST": "no",
        "Q_1_pct_att": 30.76923076923077,
        "Q_2_pct_att": 0,
        "Second_hr_pct_att": 15.38461538461539,
        "pct_att_drop": 100,
        "_group": 1,
        "_outsideBoundary": false,
        "_cellId": "34411",
        "district_id": 3,
        "_district": 3,
        "district_color": "#d97706",
        "district_label": 4,
        "group": 1,
        "cell_id": "34411"
      }
    },
    {
      "type": "Feature",
      "id": 65,
      "geometry": {
        "type": "Point",
        "coordinates": [
          -113.6555555126964,
          37.14342042914564
        ]
      },
      "properties": {
        "OBJECTID": 65,
        "Last_Name": "Burningham",
        "First_Name": "Alex",
        "Address": "3360 Red Butte Dr, Santa Clara, UT 84765",
        "lat": 37.1434212,
        "lon": -113.655556,
        "Apt_Number": null,
        "Age": 33,
        "Gender": "M",
        "BirthDate": 740448000000,
        "Notes": null,
        "Address_confidence": "high",
        "Emails": "alex.burningham@yahoo.com",
        "prospective_elder": "no",
        "Assigned_to_minister": "yes",
        "Is_assigned_ministers": "yes",
        "ON_DO_NOT_CONTACT_LIST": "no",
        "Q_1_pct_att": 30.76923076923077,
        "Q_2_pct_att": 15.38461538461539,
        "Second_hr_pct_att": 23.07692307692308,
        "pct_att_drop": 49.999999999999986,
        "_group": 1,
        "_outsideBoundary": false,
        "_cellId": "34607",
        "district_id": 3,
        "_district": 3,
        "district_color": "#d97706",
        "district_label": 4,
        "group": 1,
        "cell_id": "34607"
      }
    },
    {
      "type": "Feature",
      "id": 513,
      "geometry": {
        "type": "Point",
        "coordinates": [
          -113.6569661048477,
          37.1457198420476
        ]
      },
      "properties": {
        "OBJECTID": 513,
        "Last_Name": "Phillips",
        "First_Name": "Shane",
        "Address": "3437 Robbin Ct, Santa Clara, UT 84765",
        "lat": 37.1457214,
        "lon": -113.656967,
        "Apt_Number": null,
        "Age": 30,
        "Gender": "M",
        "BirthDate": 823824000000,
        "Notes": null,
        "Address_confidence": "high",
        "Emails": "shanequeen14@gmail.com",
        "prospective_elder": "no",
        "Assigned_to_minister": "yes",
        "Is_assigned_ministers": "yes",
        "ON_DO_NOT_CONTACT_LIST": "no",
        "Q_1_pct_att": 7.6923076923076925,
        "Q_2_pct_att": 0,
        "Second_hr_pct_att": 3.846153846153846,
        "pct_att_drop": 100,
        "_group": 1,
        "_outsideBoundary": false,
        "_cellId": "35277",
        "district_id": 3,
        "_district": 3,
        "district_color": "#d97706",
        "district_label": 4,
        "group": 1,
        "cell_id": "35277"
      }
    },
    {
      "type": "Feature",
      "id": 533,
      "geometry": {
        "type": "Point",
        "coordinates": [
          -113.67261685286661,
          37.14649168545742
        ]
      },
      "properties": {
        "OBJECTID": 533,
        "Last_Name": "Evans",
        "First_Name": "Trystan",
        "Address": "284 1175 S, Ivins, UT 84738",
        "lat": 37.146492,
        "lon": -113.672615,
        "Apt_Number": null,
        "Age": 27,
        "Gender": "M",
        "BirthDate": 928540800000,
        "Notes": null,
        "Address_confidence": "high",
        "Emails": "Trystan.evansj@gmail.com",
        "prospective_elder": "no",
        "Assigned_to_minister": "yes",
        "Is_assigned_ministers": "yes",
        "ON_DO_NOT_CONTACT_LIST": "no",
        "Q_1_pct_att": 46.15384615384616,
        "Q_2_pct_att": 23.07692307692308,
        "Second_hr_pct_att": 34.615384615384606,
        "pct_att_drop": 50,
        "_group": 1,
        "_outsideBoundary": false,
        "_cellId": "35497",
        "district_id": 3,
        "_district": 3,
        "district_color": "#d97706",
        "district_label": 4,
        "group": 1,
        "cell_id": "35497"
      }
    },
    {
      "type": "Feature",
      "id": 813,
      "geometry": {
        "type": "Point",
        "coordinates": [
          -113.6690344802097,
          37.15085032675903
        ]
      },
      "properties": {
        "OBJECTID": 813,
        "Last_Name": "Willmore",
        "First_Name": "Elliot",
        "Address": "4295 Bella Vista Dr, Santa Clara, UT 84765",
        "lat": 37.1508522,
        "lon": -113.669037,
        "Apt_Number": null,
        "Age": 28,
        "Gender": "M",
        "BirthDate": 877824000000,
        "Notes": null,
        "Address_confidence": "high",
        "Emails": "elliot1026@gmail.com",
        "prospective_elder": "no",
        "Assigned_to_minister": "yes",
        "Is_assigned_ministers": "yes",
        "ON_DO_NOT_CONTACT_LIST": "no",
        "Q_1_pct_att": null,
        "Q_2_pct_att": null,
        "Second_hr_pct_att": null,
        "pct_att_drop": null,
        "_group": 1,
        "_outsideBoundary": false,
        "_cellId": "36464",
        "district_id": 3,
        "_district": 3,
        "district_color": "#d97706",
        "district_label": 4,
        "group": 1,
        "cell_id": "36464"
      }
    },
    {
      "type": "Feature",
      "id": 607,
      "geometry": {
        "type": "Point",
        "coordinates": [
          -113.67695692302465,
          37.159636445775995
        ]
      },
      "properties": {
        "OBJECTID": 607,
        "Last_Name": "Munoz",
        "First_Name": "Tito",
        "Address": "468 100 E, Ivins, UT 84738",
        "lat": 37.1596375,
        "lon": -113.676956,
        "Apt_Number": null,
        "Age": 29,
        "Gender": "M",
        "BirthDate": 851644800000,
        "Notes": null,
        "Address_confidence": "high",
        "Emails": "munozman231@gmail.com",
        "prospective_elder": "no",
        "Assigned_to_minister": "yes",
        "Is_assigned_ministers": "yes",
        "ON_DO_NOT_CONTACT_LIST": "no",
        "Q_1_pct_att": 53.84615384615385,
        "Q_2_pct_att": 23.07692307692308,
        "Second_hr_pct_att": 38.46153846153846,
        "pct_att_drop": 57.14285714285714,
        "_group": 1,
        "_outsideBoundary": false,
        "_cellId": "40278",
        "district_id": 3,
        "_district": 3,
        "district_color": "#d97706",
        "district_label": 4,
        "group": 1,
        "cell_id": "40278"
      }
    },
    {
      "type": "Feature",
      "id": 441,
      "geometry": {
        "type": "Point",
        "coordinates": [
          -113.6762129940019,
          37.16071193010805
        ]
      },
      "properties": {
        "OBJECTID": 441,
        "Last_Name": "Twitchell",
        "First_Name": "Craig",
        "Address": "414 S 150 E, Ivins, UT 84738",
        "lat": 37.1607132,
        "lon": -113.676216,
        "Apt_Number": null,
        "Age": 31,
        "Gender": "M",
        "BirthDate": 803692800000,
        "Notes": null,
        "Address_confidence": "high",
        "Emails": "cyresstheman@gmail.com",
        "prospective_elder": "no",
        "Assigned_to_minister": "yes",
        "Is_assigned_ministers": "yes",
        "ON_DO_NOT_CONTACT_LIST": "no",
        "Q_1_pct_att": 38.46153846153846,
        "Q_2_pct_att": 38.46153846153846,
        "Second_hr_pct_att": 38.46153846153846,
        "pct_att_drop": 0,
        "_group": 1,
        "_outsideBoundary": false,
        "_cellId": "40876",
        "district_id": 3,
        "_district": 3,
        "district_color": "#d97706",
        "district_label": 4,
        "group": 1,
        "cell_id": "40876"
      }
    },
    {
      "type": "Feature",
      "id": 613,
      "geometry": {
        "type": "Point",
        "coordinates": [
          -113.68215444410454,
          37.16562986537441
        ]
      },
      "properties": {
        "OBJECTID": 613,
        "Last_Name": "Hutchings",
        "First_Name": "Samuel",
        "Address": "160 S 100 W, Ivins, UT 84738",
        "lat": 37.1656303,
        "lon": -113.682152,
        "Apt_Number": null,
        "Age": 26,
        "Gender": "M",
        "BirthDate": 939081600000,
        "Notes": null,
        "Address_confidence": "high",
        "Emails": "samsfoundry@gmail.com",
        "prospective_elder": "no",
        "Assigned_to_minister": "yes",
        "Is_assigned_ministers": "yes",
        "ON_DO_NOT_CONTACT_LIST": "no",
        "Q_1_pct_att": 0,
        "Q_2_pct_att": 7.6923076923076925,
        "Second_hr_pct_att": 3.846153846153846,
        "pct_att_drop": null,
        "_group": 1,
        "_outsideBoundary": false,
        "_cellId": "42457",
        "district_id": 3,
        "_district": 3,
        "district_color": "#d97706",
        "district_label": 4,
        "group": 1,
        "cell_id": "42457"
      }
    },
    {
      "type": "Feature",
      "id": 293,
      "geometry": {
        "type": "Point",
        "coordinates": [
          -113.67165418137724,
          37.16967130551942
        ]
      },
      "properties": {
        "OBJECTID": 293,
        "Last_Name": "Munson",
        "First_Name": "Reed Howard",
        "Address": "95 N 400 E a209, Ivins, UT 84738",
        "lat": 37.1696701,
        "lon": -113.671654,
        "Apt_Number": 209,
        "Age": 27,
        "Gender": "M",
        "BirthDate": 908841600000,
        "Notes": null,
        "Address_confidence": "high",
        "Emails": "munsreed@isu.edu",
        "prospective_elder": "no",
        "Assigned_to_minister": "yes",
        "Is_assigned_ministers": "yes",
        "ON_DO_NOT_CONTACT_LIST": "no",
        "Q_1_pct_att": 7.6923076923076925,
        "Q_2_pct_att": 0,
        "Second_hr_pct_att": 3.846153846153846,
        "pct_att_drop": 100,
        "_group": 1,
        "_outsideBoundary": false,
        "_cellId": "44239",
        "district_id": 3,
        "_district": 3,
        "district_color": "#d97706",
        "district_label": 4,
        "group": 1,
        "cell_id": "44239"
      }
    },
    {
      "type": "Feature",
      "id": 568,
      "geometry": {
        "type": "Point",
        "coordinates": [
          -113.67164792640791,
          37.169668659123985
        ]
      },
      "properties": {
        "OBJECTID": 568,
        "Last_Name": "Roberts",
        "First_Name": "Brayden",
        "Address": "95 N 400 E, Ivins, UT 84738",
        "lat": 37.1696701,
        "lon": -113.671646,
        "Apt_Number": null,
        "Age": 28,
        "Gender": "M",
        "BirthDate": 870652800000,
        "Notes": null,
        "Address_confidence": "high",
        "Emails": "braydenrobertsdawg@gmail.com",
        "prospective_elder": "no",
        "Assigned_to_minister": "yes",
        "Is_assigned_ministers": "yes",
        "ON_DO_NOT_CONTACT_LIST": "no",
        "Q_1_pct_att": 30.76923076923077,
        "Q_2_pct_att": 30.76923076923077,
        "Second_hr_pct_att": 30.76923076923077,
        "pct_att_drop": 0,
        "_group": 1,
        "_outsideBoundary": false,
        "_cellId": "44239",
        "district_id": 3,
        "_district": 3,
        "district_color": "#d97706",
        "district_label": 4,
        "group": 1,
        "cell_id": "44239"
      }
    },
    {
      "type": "Feature",
      "id": 396,
      "geometry": {
        "type": "Point",
        "coordinates": [
          -113.6829241987934,
          37.169730476091004
        ]
      },
      "properties": {
        "OBJECTID": 396,
        "Last_Name": "Sorensen",
        "First_Name": "Christian",
        "Address": "137 W 100 N, Ivins, UT 84738",
        "lat": 37.1697311,
        "lon": -113.682922,
        "Apt_Number": null,
        "Age": 27,
        "Gender": "M",
        "BirthDate": 919728000000,
        "Notes": null,
        "Address_confidence": "high",
        "Emails": "chrishans.sor@gmail.com",
        "prospective_elder": "no",
        "Assigned_to_minister": "yes",
        "Is_assigned_ministers": "yes",
        "ON_DO_NOT_CONTACT_LIST": "no",
        "Q_1_pct_att": 46.15384615384616,
        "Q_2_pct_att": 23.07692307692308,
        "Second_hr_pct_att": 34.615384615384606,
        "pct_att_drop": 50,
        "_group": 1,
        "_outsideBoundary": false,
        "_cellId": "43652",
        "district_id": 3,
        "_district": 3,
        "district_color": "#d97706",
        "district_label": 4,
        "group": 1,
        "cell_id": "43652"
      }
    },
    {
      "type": "Feature",
      "id": 106,
      "geometry": {
        "type": "Point",
        "coordinates": [
          -113.67567320982242,
          37.169794280127256
        ]
      },
      "properties": {
        "OBJECTID": 106,
        "Last_Name": "Dennett",
        "First_Name": "Logan",
        "Address": "172 E 100 N, Ivins, UT 84738",
        "lat": 37.169796,
        "lon": -113.675674,
        "Apt_Number": null,
        "Age": 31,
        "Gender": "M",
        "BirthDate": 804643200000,
        "Notes": null,
        "Address_confidence": "high",
        "Emails": "13dennelog@gmail.com",
        "prospective_elder": "no",
        "Assigned_to_minister": "yes",
        "Is_assigned_ministers": "yes",
        "ON_DO_NOT_CONTACT_LIST": "no",
        "Q_1_pct_att": 23.07692307692308,
        "Q_2_pct_att": 30.76923076923077,
        "Second_hr_pct_att": 26.923076923076923,
        "pct_att_drop": 0,
        "_group": 1,
        "_outsideBoundary": false,
        "_cellId": "43676",
        "district_id": 3,
        "_district": 3,
        "district_color": "#d97706",
        "district_label": 4,
        "group": 1,
        "cell_id": "43676"
      }
    },
    {
      "type": "Feature",
      "id": 82,
      "geometry": {
        "type": "Point",
        "coordinates": [
          -113.68967238093695,
          37.17114205353782
        ]
      },
      "properties": {
        "OBJECTID": 82,
        "Last_Name": "Clark",
        "First_Name": "Cameron Ray",
        "Address": "445 W Cantera Ct, Ivins, UT 84738",
        "lat": 37.1711426,
        "lon": -113.689674,
        "Apt_Number": null,
        "Age": 31,
        "Gender": "M",
        "BirthDate": 801792000000,
        "Notes": null,
        "Address_confidence": "high",
        "Emails": "crclark95@gmail.com",
        "prospective_elder": "no",
        "Assigned_to_minister": "yes",
        "Is_assigned_ministers": "yes",
        "ON_DO_NOT_CONTACT_LIST": "no",
        "Q_1_pct_att": 53.84615384615385,
        "Q_2_pct_att": 30.76923076923077,
        "Second_hr_pct_att": 42.30769230769231,
        "pct_att_drop": 42.857142857142854,
        "_group": 1,
        "_outsideBoundary": false,
        "_cellId": "44013",
        "district_id": 3,
        "_district": 3,
        "district_color": "#d97706",
        "district_label": 4,
        "group": 1,
        "cell_id": "44013"
      }
    },
    {
      "type": "Feature",
      "id": 313,
      "geometry": {
        "type": "Point",
        "coordinates": [
          -113.65309389166268,
          37.17370271327078
        ]
      },
      "properties": {
        "OBJECTID": 313,
        "Last_Name": "Olsen",
        "First_Name": "Russell",
        "Address": "250 Snow Canyon Dr, Ivins, UT 84738",
        "lat": 37.1737022,
        "lon": -113.653091,
        "Apt_Number": 12,
        "Age": 34,
        "Gender": "M",
        "BirthDate": 707961600000,
        "Notes": null,
        "Address_confidence": "high",
        "Emails": "mathman196@gmail.com",
        "prospective_elder": "no",
        "Assigned_to_minister": "yes",
        "Is_assigned_ministers": "yes",
        "ON_DO_NOT_CONTACT_LIST": "no",
        "Q_1_pct_att": 46.15384615384616,
        "Q_2_pct_att": 0,
        "Second_hr_pct_att": 23.07692307692308,
        "pct_att_drop": 100,
        "_group": 1,
        "_outsideBoundary": false,
        "_cellId": "44687",
        "district_id": 3,
        "_district": 3,
        "district_color": "#d97706",
        "district_label": 4,
        "group": 1,
        "cell_id": "44687"
      }
    },
    {
      "type": "Feature",
      "id": 807,
      "geometry": {
        "type": "Point",
        "coordinates": [
          -113.68258089952275,
          37.17480526270694
        ]
      },
      "properties": {
        "OBJECTID": 807,
        "Last_Name": "Stout",
        "First_Name": "Lucas Hal",
        "Address": "135 W 400 N, Ivins, UT 84738",
        "lat": 37.1748047,
        "lon": -113.682579,
        "Apt_Number": null,
        "Age": 28,
        "Gender": "M",
        "BirthDate": 876873600000,
        "Notes": null,
        "Address_confidence": "high",
        "Emails": "lucas.stout97@gmail.com",
        "prospective_elder": "no",
        "Assigned_to_minister": "yes",
        "Is_assigned_ministers": "yes",
        "ON_DO_NOT_CONTACT_LIST": null,
        "Q_1_pct_att": null,
        "Q_2_pct_att": null,
        "Second_hr_pct_att": null,
        "pct_att_drop": null,
        "_group": 1,
        "_outsideBoundary": false,
        "_cellId": "45049",
        "district_id": 3,
        "_district": 3,
        "district_color": "#d97706",
        "district_label": 4,
        "group": 1,
        "cell_id": "45049"
      }
    },
    {
      "type": "Feature",
      "id": 189,
      "geometry": {
        "type": "Point",
        "coordinates": [
          -113.61946841356064,
          37.20612186970182
        ]
      },
      "properties": {
        "OBJECTID": 189,
        "Last_Name": "Holmes",
        "First_Name": "Colton",
        "Address": "1652 Serene Dr, St. George, UT 84770",
        "lat": 37.2061234,
        "lon": -113.619469,
        "Apt_Number": null,
        "Age": 32,
        "Gender": "M",
        "BirthDate": 773712000000,
        "Notes": null,
        "Address_confidence": "high",
        "Emails": "coltonholmes5@gmail.com",
        "prospective_elder": "no",
        "Assigned_to_minister": "yes",
        "Is_assigned_ministers": "yes",
        "ON_DO_NOT_CONTACT_LIST": "no",
        "Q_1_pct_att": 53.84615384615385,
        "Q_2_pct_att": 15.38461538461539,
        "Second_hr_pct_att": 34.615384615384606,
        "pct_att_drop": 71.4285714285714,
        "_group": 1,
        "_outsideBoundary": false,
        "_cellId": "48661",
        "district_id": 3,
        "_district": 3,
        "district_color": "#d97706",
        "district_label": 4,
        "group": 1,
        "cell_id": "48661"
      }
    },
    {
      "type": "Feature",
      "id": 19,
      "geometry": {
        "type": "Point",
        "coordinates": [
          -113.66633019008175,
          37.303656460996365
        ]
      },
      "properties": {
        "OBJECTID": 19,
        "Last_Name": "Ballif",
        "First_Name": "Zack",
        "Address": "920 N Horsemans Pk Dr, Dammeron Valley, UT 84783",
        "lat": 37.3036575,
        "lon": -113.666328,
        "Apt_Number": null,
        "Age": 31,
        "Gender": "M",
        "BirthDate": 800496000000,
        "Notes": null,
        "Address_confidence": "high",
        "Emails": "zballif@hotmail.com",
        "prospective_elder": "no",
        "Assigned_to_minister": "yes",
        "Is_assigned_ministers": "yes",
        "ON_DO_NOT_CONTACT_LIST": "no",
        "Q_1_pct_att": 15.38461538461539,
        "Q_2_pct_att": 7.6923076923076925,
        "Second_hr_pct_att": 11.53846153846154,
        "pct_att_drop": 50.00000000000002,
        "_group": 1,
        "_outsideBoundary": false,
        "_cellId": "50335",
        "district_id": 3,
        "_district": 3,
        "district_color": "#d97706",
        "district_label": 4,
        "group": 1,
        "cell_id": "50335"
      }
    },
    {
      "type": "Feature",
      "id": 616,
      "geometry": {
        "type": "Point",
        "coordinates": [
          -113.68133594413342,
          37.34456285365141
        ]
      },
      "properties": {
        "OBJECTID": 616,
        "Last_Name": "Jensen",
        "First_Name": "Seth",
        "Address": "544 Chad Ranch Rd, Veyo, UT 84782",
        "lat": 37.3445625,
        "lon": -113.681335,
        "Apt_Number": null,
        "Age": 29,
        "Gender": "M",
        "BirthDate": 868492800000,
        "Notes": null,
        "Address_confidence": "high",
        "Emails": "sharpiefumesart@gmail.com",
        "prospective_elder": "no",
        "Assigned_to_minister": "yes",
        "Is_assigned_ministers": "yes",
        "ON_DO_NOT_CONTACT_LIST": "no",
        "Q_1_pct_att": 23.07692307692308,
        "Q_2_pct_att": 7.6923076923076925,
        "Second_hr_pct_att": 15.38461538461539,
        "pct_att_drop": 66.66666666666666,
        "_group": 1,
        "_outsideBoundary": false,
        "_cellId": "51330",
        "district_id": 3,
        "_district": 3,
        "district_color": "#d97706",
        "district_label": 4,
        "group": 1,
        "cell_id": "51330"
      }
    },
    {
      "type": "Feature",
      "id": 381,
      "geometry": {
        "type": "Point",
        "coordinates": [
          -113.6503151734185,
          37.13084332050021
        ]
      },
      "properties": {
        "OBJECTID": 381,
        "Last_Name": "Shipp",
        "First_Name": "Britton",
        "Address": "1323 Old Farm Rd, Santa Clara, UT 84765",
        "lat": 37.1308441,
        "lon": -113.650314,
        "Apt_Number": null,
        "Age": 28,
        "Gender": "M",
        "BirthDate": 897177600000,
        "Notes": null,
        "Address_confidence": "high",
        "Emails": "brittonshipp7@gmail.com",
        "prospective_elder": "no",
        "Assigned_to_minister": "no",
        "Is_assigned_ministers": "yes",
        "ON_DO_NOT_CONTACT_LIST": "no",
        "Q_1_pct_att": 0,
        "Q_2_pct_att": 0,
        "Second_hr_pct_att": 0,
        "pct_att_drop": null,
        "_group": 2,
        "_outsideBoundary": false,
        "_cellId": "29635",
        "district_id": 3,
        "_district": 3,
        "district_color": "#d97706",
        "district_label": 4,
        "group": 2,
        "cell_id": "29635"
      }
    },
    {
      "type": "Feature",
      "id": 789,
      "geometry": {
        "type": "Point",
        "coordinates": [
          -113.62937517824436,
          37.131512634366295
        ]
      },
      "properties": {
        "OBJECTID": 789,
        "Last_Name": "Swann",
        "First_Name": "Brandon",
        "Address": "2152 W 1350 N, St. George, UT 84770",
        "lat": 37.1315117,
        "lon": -113.629372,
        "Apt_Number": null,
        "Age": 32,
        "Gender": "M",
        "BirthDate": 756259200000,
        "Notes": null,
        "Address_confidence": "high",
        "Emails": "brandonjswann@gmail.com",
        "prospective_elder": "no",
        "Assigned_to_minister": "no",
        "Is_assigned_ministers": "yes",
        "ON_DO_NOT_CONTACT_LIST": null,
        "Q_1_pct_att": null,
        "Q_2_pct_att": 0,
        "Second_hr_pct_att": 0,
        "pct_att_drop": null,
        "_group": 2,
        "_outsideBoundary": false,
        "_cellId": "29868",
        "district_id": 3,
        "_district": 3,
        "district_color": "#d97706",
        "district_label": 4,
        "group": 2,
        "cell_id": "29868"
      }
    },
    {
      "type": "Feature",
      "id": 621,
      "geometry": {
        "type": "Point",
        "coordinates": [
          -113.6417564646676,
          37.13300348209297
        ]
      },
      "properties": {
        "OBJECTID": 621,
        "Last_Name": "Quinn",
        "First_Name": "Jared",
        "Address": "2457 Scenic Dr, Santa Clara, UT 84765",
        "lat": 37.1330032,
        "lon": -113.641754,
        "Apt_Number": null,
        "Age": 30,
        "Gender": "M",
        "BirthDate": 835833600000,
        "Notes": null,
        "Address_confidence": "high",
        "Emails": "Jaredm.quinn96@gmail.com",
        "prospective_elder": "no",
        "Assigned_to_minister": "no",
        "Is_assigned_ministers": "yes",
        "ON_DO_NOT_CONTACT_LIST": "no",
        "Q_1_pct_att": 0,
        "Q_2_pct_att": 0,
        "Second_hr_pct_att": 0,
        "pct_att_drop": null,
        "_group": 2,
        "_outsideBoundary": false,
        "_cellId": "30562",
        "district_id": 3,
        "_district": 3,
        "district_color": "#d97706",
        "district_label": 4,
        "group": 2,
        "cell_id": "30562"
      }
    },
    {
      "type": "Feature",
      "id": 561,
      "geometry": {
        "type": "Point",
        "coordinates": [
          -113.66180035620982,
          37.13464349267317
        ]
      },
      "properties": {
        "OBJECTID": 561,
        "Last_Name": "Gubler",
        "First_Name": "Stephen",
        "Address": "3213 Truman Dr, Santa Clara, UT 84765",
        "lat": 37.1346436,
        "lon": -113.661797,
        "Apt_Number": null,
        "Age": 27,
        "Gender": "M",
        "BirthDate": 932515200000,
        "Notes": null,
        "Address_confidence": "high",
        "Emails": "sgubler4@gmail.com",
        "prospective_elder": "no",
        "Assigned_to_minister": "no",
        "Is_assigned_ministers": "yes",
        "ON_DO_NOT_CONTACT_LIST": "no",
        "Q_1_pct_att": 0,
        "Q_2_pct_att": 0,
        "Second_hr_pct_att": 0,
        "pct_att_drop": null,
        "_group": 2,
        "_outsideBoundary": false,
        "_cellId": "31412",
        "district_id": 3,
        "_district": 3,
        "district_color": "#d97706",
        "district_label": 4,
        "group": 2,
        "cell_id": "31412"
      }
    },
    {
      "type": "Feature",
      "id": 768,
      "geometry": {
        "type": "Point",
        "coordinates": [
          -113.65786991153317,
          37.134747837680706
        ]
      },
      "properties": {
        "OBJECTID": 768,
        "Last_Name": "Puriri",
        "First_Name": "Mikaera",
        "Address": "3179 Truman Dr, Santa Clara, UT 84765",
        "lat": 37.1347466,
        "lon": -113.657867,
        "Apt_Number": null,
        "Age": 26,
        "Gender": "M",
        "BirthDate": 956966400000,
        "Notes": null,
        "Address_confidence": "high",
        "Emails": "mikaeradpuriri@gmail.com",
        "prospective_elder": "no",
        "Assigned_to_minister": "no",
        "Is_assigned_ministers": "yes",
        "ON_DO_NOT_CONTACT_LIST": null,
        "Q_1_pct_att": null,
        "Q_2_pct_att": 0,
        "Second_hr_pct_att": 0,
        "pct_att_drop": null,
        "_group": 2,
        "_outsideBoundary": false,
        "_cellId": "31414",
        "district_id": 3,
        "_district": 3,
        "district_color": "#d97706",
        "district_label": 4,
        "group": 2,
        "cell_id": "31414"
      }
    },
    {
      "type": "Feature",
      "id": 777,
      "geometry": {
        "type": "Point",
        "coordinates": [
          -113.66000693262717,
          37.13624754475676
        ]
      },
      "properties": {
        "OBJECTID": 777,
        "Last_Name": "Esplin",
        "First_Name": "Braden",
        "Address": "1689 Desert Dawn Cir, Santa Clara, UT 84765",
        "lat": 37.1362457,
        "lon": -113.660004,
        "Apt_Number": null,
        "Age": 26,
        "Gender": "M",
        "BirthDate": 953769600000,
        "Notes": null,
        "Address_confidence": "high",
        "Emails": "braden33esplin@gmail.com",
        "prospective_elder": "no",
        "Assigned_to_minister": "no",
        "Is_assigned_ministers": "yes",
        "ON_DO_NOT_CONTACT_LIST": null,
        "Q_1_pct_att": null,
        "Q_2_pct_att": 0,
        "Second_hr_pct_att": 0,
        "pct_att_drop": null,
        "_group": 2,
        "_outsideBoundary": false,
        "_cellId": "32061",
        "district_id": 3,
        "_district": 3,
        "district_color": "#d97706",
        "district_label": 4,
        "group": 2,
        "cell_id": "32061"
      }
    },
    {
      "type": "Feature",
      "id": 90,
      "geometry": {
        "type": "Point",
        "coordinates": [
          -113.65125879703061,
          37.13654451550991
        ]
      },
      "properties": {
        "OBJECTID": 90,
        "Last_Name": "Condie",
        "First_Name": "Lance",
        "Address": "1665 Red Mountain Dr, Santa Clara, UT 84765",
        "lat": 37.1365433,
        "lon": -113.65126,
        "Apt_Number": null,
        "Age": 28,
        "Gender": "M",
        "BirthDate": 886377600000,
        "Notes": null,
        "Address_confidence": "high",
        "Emails": "condielj@gmail.com",
        "prospective_elder": "no",
        "Assigned_to_minister": "no",
        "Is_assigned_ministers": "yes",
        "ON_DO_NOT_CONTACT_LIST": "no",
        "Q_1_pct_att": 0,
        "Q_2_pct_att": 0,
        "Second_hr_pct_att": 0,
        "pct_att_drop": null,
        "_group": 2,
        "_outsideBoundary": false,
        "_cellId": "32172",
        "district_id": 3,
        "_district": 3,
        "district_color": "#d97706",
        "district_label": 4,
        "group": 2,
        "cell_id": "32172"
      }
    },
    {
      "type": "Feature",
      "id": 307,
      "geometry": {
        "type": "Point",
        "coordinates": [
          -113.65082533924475,
          37.136757656639965
        ]
      },
      "properties": {
        "OBJECTID": 307,
        "Last_Name": "Nielson",
        "First_Name": "Tyler",
        "Address": "1674 Red Mountain Dr, Santa Clara, UT 84765",
        "lat": 37.1367569,
        "lon": -113.650826,
        "Apt_Number": null,
        "Age": 34,
        "Gender": "M",
        "BirthDate": 704246400000,
        "Notes": null,
        "Address_confidence": "high",
        "Emails": "tniels38@gmail.com",
        "prospective_elder": "no",
        "Assigned_to_minister": "no",
        "Is_assigned_ministers": "yes",
        "ON_DO_NOT_CONTACT_LIST": "no",
        "Q_1_pct_att": 0,
        "Q_2_pct_att": 0,
        "Second_hr_pct_att": 0,
        "pct_att_drop": null,
        "_group": 2,
        "_outsideBoundary": false,
        "_cellId": "32234",
        "district_id": 3,
        "_district": 3,
        "district_color": "#d97706",
        "district_label": 4,
        "group": 2,
        "cell_id": "32234"
      }
    },
    {
      "type": "Feature",
      "id": 457,
      "geometry": {
        "type": "Point",
        "coordinates": [
          -113.6508056050546,
          37.13701528829148
        ]
      },
      "properties": {
        "OBJECTID": 457,
        "Last_Name": "Watters",
        "First_Name": "Kalvin",
        "Address": "1692 Red Mountain Dr, Santa Clara, UT 84765",
        "lat": 37.1370163,
        "lon": -113.650803,
        "Apt_Number": null,
        "Age": 29,
        "Gender": "M",
        "BirthDate": 868492800000,
        "Notes": null,
        "Address_confidence": "high",
        "Emails": "Watterskalvin2@gmail.com",
        "prospective_elder": "no",
        "Assigned_to_minister": "no",
        "Is_assigned_ministers": "yes",
        "ON_DO_NOT_CONTACT_LIST": "no",
        "Q_1_pct_att": 0,
        "Q_2_pct_att": 0,
        "Second_hr_pct_att": 0,
        "pct_att_drop": null,
        "_group": 2,
        "_outsideBoundary": false,
        "_cellId": "32362",
        "district_id": 3,
        "_district": 3,
        "district_color": "#d97706",
        "district_label": 4,
        "group": 2,
        "cell_id": "32362"
      }
    },
    {
      "type": "Feature",
      "id": 173,
      "geometry": {
        "type": "Point",
        "coordinates": [
          -113.65967323634689,
          37.137372431594386
        ]
      },
      "properties": {
        "OBJECTID": 173,
        "Last_Name": "Hatch",
        "First_Name": "Blake",
        "Address": "3192 Red Rock Rd, Santa Clara, UT 84765",
        "lat": 37.1373711,
        "lon": -113.659676,
        "Apt_Number": null,
        "Age": 28,
        "Gender": "M",
        "BirthDate": 886204800000,
        "Notes": null,
        "Address_confidence": "high",
        "Emails": null,
        "prospective_elder": "no",
        "Assigned_to_minister": "no",
        "Is_assigned_ministers": "yes",
        "ON_DO_NOT_CONTACT_LIST": "no",
        "Q_1_pct_att": 0,
        "Q_2_pct_att": 0,
        "Second_hr_pct_att": 0,
        "pct_att_drop": null,
        "_group": 2,
        "_outsideBoundary": false,
        "_cellId": "32496",
        "district_id": 3,
        "_district": 3,
        "district_color": "#d97706",
        "district_label": 4,
        "group": 2,
        "cell_id": "32496"
      }
    },
    {
      "type": "Feature",
      "id": 547,
      "geometry": {
        "type": "Point",
        "coordinates": [
          -113.65869139121608,
          37.13753192034532
        ]
      },
      "properties": {
        "OBJECTID": 547,
        "Last_Name": "Jensen",
        "First_Name": "Zach",
        "Address": "1699 Rainbow Rd, Santa Clara, UT 84765",
        "lat": 37.1375313,
        "lon": -113.658691,
        "Apt_Number": null,
        "Age": 27,
        "Gender": "M",
        "BirthDate": 929750400000,
        "Notes": null,
        "Address_confidence": "high",
        "Emails": "ZakRJensen1@gmail.com",
        "prospective_elder": "no",
        "Assigned_to_minister": "no",
        "Is_assigned_ministers": "yes",
        "ON_DO_NOT_CONTACT_LIST": "no",
        "Q_1_pct_att": 0,
        "Q_2_pct_att": 0,
        "Second_hr_pct_att": 0,
        "pct_att_drop": null,
        "_group": 2,
        "_outsideBoundary": false,
        "_cellId": "32559",
        "district_id": 3,
        "_district": 3,
        "district_color": "#d97706",
        "district_label": 4,
        "group": 2,
        "cell_id": "32559"
      }
    },
    {
      "type": "Feature",
      "id": 262,
      "geometry": {
        "type": "Point",
        "coordinates": [
          -113.62917781298653,
          37.13760359671903
        ]
      },
      "properties": {
        "OBJECTID": 262,
        "Last_Name": "Mancilla",
        "First_Name": "Daniel Hiram",
        "Address": "2136 W 1710 N, St. George, UT 84770",
        "lat": 37.1376038,
        "lon": -113.629181,
        "Apt_Number": null,
        "Age": 29,
        "Gender": "M",
        "BirthDate": 845683200000,
        "Notes": null,
        "Address_confidence": "high",
        "Emails": "galvafall.89@gmail.com",
        "prospective_elder": "no",
        "Assigned_to_minister": "no",
        "Is_assigned_ministers": "yes",
        "ON_DO_NOT_CONTACT_LIST": "no",
        "Q_1_pct_att": 0,
        "Q_2_pct_att": 0,
        "Second_hr_pct_att": 0,
        "pct_att_drop": null,
        "_group": 2,
        "_outsideBoundary": false,
        "_cellId": "32590",
        "district_id": 3,
        "_district": 3,
        "district_color": "#d97706",
        "district_label": 4,
        "group": 2,
        "cell_id": "32590"
      }
    },
    {
      "type": "Feature",
      "id": 493,
      "geometry": {
        "type": "Point",
        "coordinates": [
          -113.61433443481238,
          37.137939413257186
        ]
      },
      "properties": {
        "OBJECTID": 493,
        "Last_Name": "Dickson",
        "First_Name": "Devon",
        "Address": "1764 N Palo Verde Dr, St. George, UT 84770",
        "lat": 37.1379395,
        "lon": -113.614334,
        "Apt_Number": null,
        "Age": 30,
        "Gender": "M",
        "BirthDate": 837734400000,
        "Notes": null,
        "Address_confidence": "high",
        "Emails": "audiporsche09@gmail.com",
        "prospective_elder": "no",
        "Assigned_to_minister": "no",
        "Is_assigned_ministers": "yes",
        "ON_DO_NOT_CONTACT_LIST": "no",
        "Q_1_pct_att": 0,
        "Q_2_pct_att": 0,
        "Second_hr_pct_att": 0,
        "pct_att_drop": null,
        "_group": 2,
        "_outsideBoundary": false,
        "_cellId": "32708",
        "district_id": 3,
        "_district": 3,
        "district_color": "#d97706",
        "district_label": 4,
        "group": 2,
        "cell_id": "32708"
      }
    },
    {
      "type": "Feature",
      "id": 746,
      "geometry": {
        "type": "Point",
        "coordinates": [
          -113.6147164227257,
          37.138155403482955
        ]
      },
      "properties": {
        "OBJECTID": 746,
        "Last_Name": "Tuite",
        "First_Name": "Thomas",
        "Address": "1765 N Palo Verde Dr, St. George, UT 84770",
        "lat": 37.1381569,
        "lon": -113.614716,
        "Apt_Number": null,
        "Age": 27,
        "Gender": "M",
        "BirthDate": 930787200000,
        "Notes": null,
        "Address_confidence": "high",
        "Emails": "thtuite@icloud.com",
        "prospective_elder": "no",
        "Assigned_to_minister": "no",
        "Is_assigned_ministers": "yes",
        "ON_DO_NOT_CONTACT_LIST": "no",
        "Q_1_pct_att": 0,
        "Q_2_pct_att": 0,
        "Second_hr_pct_att": 0,
        "pct_att_drop": null,
        "_group": 2,
        "_outsideBoundary": false,
        "_cellId": "32802",
        "district_id": 3,
        "_district": 3,
        "district_color": "#d97706",
        "district_label": 4,
        "group": 2,
        "cell_id": "32802"
      }
    },
    {
      "type": "Feature",
      "id": 802,
      "geometry": {
        "type": "Point",
        "coordinates": [
          -113.65499933156802,
          37.13949811094871
        ]
      },
      "properties": {
        "OBJECTID": 802,
        "Last_Name": "Kata",
        "First_Name": "Nephi",
        "Address": "3084 Canyon View Dr, Santa Clara, UT 84765",
        "lat": 37.1394997,
        "lon": -113.654999,
        "Apt_Number": null,
        "Age": 28,
        "Gender": "M",
        "BirthDate": 894672000000,
        "Notes": null,
        "Address_confidence": "high",
        "Emails": "katanephi@gmail.com",
        "prospective_elder": "no",
        "Assigned_to_minister": "no",
        "Is_assigned_ministers": "yes",
        "ON_DO_NOT_CONTACT_LIST": null,
        "Q_1_pct_att": null,
        "Q_2_pct_att": 0,
        "Second_hr_pct_att": 0,
        "pct_att_drop": null,
        "_group": 2,
        "_outsideBoundary": false,
        "_cellId": "33273",
        "district_id": 3,
        "_district": 3,
        "district_color": "#d97706",
        "district_label": 4,
        "group": 2,
        "cell_id": "33273"
      }
    },
    {
      "type": "Feature",
      "id": 810,
      "geometry": {
        "type": "Point",
        "coordinates": [
          -113.66417690498953,
          37.141377022822624
        ]
      },
      "properties": {
        "OBJECTID": 810,
        "Last_Name": "Wallace",
        "First_Name": "Henry",
        "Address": "1975 Rim View Dr, Santa Clara, UT 84765",
        "lat": 37.1413765,
        "lon": -113.664177,
        "Apt_Number": null,
        "Age": 26,
        "Gender": "M",
        "BirthDate": 963964800000,
        "Notes": null,
        "Address_confidence": "high",
        "Emails": "henryjosephwallace@gmail.com",
        "prospective_elder": "no",
        "Assigned_to_minister": "no",
        "Is_assigned_ministers": "yes",
        "ON_DO_NOT_CONTACT_LIST": null,
        "Q_1_pct_att": null,
        "Q_2_pct_att": null,
        "Second_hr_pct_att": null,
        "pct_att_drop": null,
        "_group": 2,
        "_outsideBoundary": false,
        "_cellId": "33887",
        "district_id": 3,
        "_district": 3,
        "district_color": "#d97706",
        "district_label": 4,
        "group": 2,
        "cell_id": "33887"
      }
    },
    {
      "type": "Feature",
      "id": 69,
      "geometry": {
        "type": "Point",
        "coordinates": [
          -113.63408127594803,
          37.142266881554505
        ]
      },
      "properties": {
        "OBJECTID": 69,
        "Last_Name": "Calegory",
        "First_Name": "Toma",
        "Address": "1961 N 2320 W, St. George, UT 84770",
        "lat": 37.1422653,
        "lon": -113.634079,
        "Apt_Number": null,
        "Age": 29,
        "Gender": "M",
        "BirthDate": 848102400000,
        "Notes": null,
        "Address_confidence": "high",
        "Emails": null,
        "prospective_elder": "no",
        "Assigned_to_minister": "no",
        "Is_assigned_ministers": "yes",
        "ON_DO_NOT_CONTACT_LIST": "no",
        "Q_1_pct_att": 0,
        "Q_2_pct_att": 0,
        "Second_hr_pct_att": 0,
        "pct_att_drop": null,
        "_group": 2,
        "_outsideBoundary": false,
        "_cellId": "34159",
        "district_id": 3,
        "_district": 3,
        "district_color": "#d97706",
        "district_label": 4,
        "group": 2,
        "cell_id": "34159"
      }
    },
    {
      "type": "Feature",
      "id": 805,
      "geometry": {
        "type": "Point",
        "coordinates": [
          -113.65597767596417,
          37.14338302015618
        ]
      },
      "properties": {
        "OBJECTID": 805,
        "Last_Name": "Ward",
        "First_Name": "Tanner",
        "Address": "3380 Red Butte Dr, Santa Clara, UT 84765",
        "lat": 37.143383,
        "lon": -113.655975,
        "Apt_Number": null,
        "Age": 26,
        "Gender": "M",
        "BirthDate": 959731200000,
        "Notes": null,
        "Address_confidence": "high",
        "Emails": "mr.tannerjward@gmail.com",
        "prospective_elder": "no",
        "Assigned_to_minister": "no",
        "Is_assigned_ministers": "yes",
        "ON_DO_NOT_CONTACT_LIST": null,
        "Q_1_pct_att": null,
        "Q_2_pct_att": 0,
        "Second_hr_pct_att": 0,
        "pct_att_drop": null,
        "_group": 2,
        "_outsideBoundary": false,
        "_cellId": "34603",
        "district_id": 3,
        "_district": 3,
        "district_color": "#d97706",
        "district_label": 4,
        "group": 2,
        "cell_id": "34603"
      }
    },
    {
      "type": "Feature",
      "id": 98,
      "geometry": {
        "type": "Point",
        "coordinates": [
          -113.66165170389495,
          37.14352642547853
        ]
      },
      "properties": {
        "OBJECTID": 98,
        "Last_Name": "David",
        "First_Name": "Cutter Noel",
        "Address": "3630 Rachel Dr, Santa Clara, UT 84765",
        "lat": 37.143528,
        "lon": -113.661652,
        "Apt_Number": null,
        "Age": 30,
        "Gender": "M",
        "BirthDate": 818726400000,
        "Notes": null,
        "Address_confidence": "high",
        "Emails": null,
        "prospective_elder": "no",
        "Assigned_to_minister": "no",
        "Is_assigned_ministers": "yes",
        "ON_DO_NOT_CONTACT_LIST": "no",
        "Q_1_pct_att": 0,
        "Q_2_pct_att": 0,
        "Second_hr_pct_att": 0,
        "pct_att_drop": null,
        "_group": 2,
        "_outsideBoundary": false,
        "_cellId": "34631",
        "district_id": 3,
        "_district": 3,
        "district_color": "#d97706",
        "district_label": 4,
        "group": 2,
        "cell_id": "34631"
      }
    },
    {
      "type": "Feature",
      "id": 598,
      "geometry": {
        "type": "Point",
        "coordinates": [
          -113.66567994725828,
          37.14815782143504
        ]
      },
      "properties": {
        "OBJECTID": 598,
        "Last_Name": "Ferguson",
        "First_Name": "Zach",
        "Address": "3790 Nicholas Dr, Santa Clara, UT 84765",
        "lat": 37.148159,
        "lon": -113.66568,
        "Apt_Number": null,
        "Age": 26,
        "Gender": "M",
        "BirthDate": 938044800000,
        "Notes": null,
        "Address_confidence": "high",
        "Emails": "zachferguson1999@gmail.com",
        "prospective_elder": "no",
        "Assigned_to_minister": "no",
        "Is_assigned_ministers": "yes",
        "ON_DO_NOT_CONTACT_LIST": "no",
        "Q_1_pct_att": 0,
        "Q_2_pct_att": 0,
        "Second_hr_pct_att": 0,
        "pct_att_drop": null,
        "_group": 2,
        "_outsideBoundary": false,
        "_cellId": "35817",
        "district_id": 3,
        "_district": 3,
        "district_color": "#d97706",
        "district_label": 4,
        "group": 2,
        "cell_id": "35817"
      }
    },
    {
      "type": "Feature",
      "id": 558,
      "geometry": {
        "type": "Point",
        "coordinates": [
          -113.67150061887097,
          37.148533844487154
        ]
      },
      "properties": {
        "OBJECTID": 558,
        "Last_Name": "Mehr",
        "First_Name": "Joseph",
        "Address": "336 E 1060 S, Ivins, UT 84738",
        "lat": 37.1485329,
        "lon": -113.671501,
        "Apt_Number": null,
        "Age": 27,
        "Gender": "M",
        "BirthDate": 924652800000,
        "Notes": null,
        "Address_confidence": "high",
        "Emails": "gandalfandaragornrule@gmail.com",
        "prospective_elder": "no",
        "Assigned_to_minister": "no",
        "Is_assigned_ministers": "yes",
        "ON_DO_NOT_CONTACT_LIST": "no",
        "Q_1_pct_att": 0,
        "Q_2_pct_att": 0,
        "Second_hr_pct_att": 0,
        "pct_att_drop": null,
        "_group": 2,
        "_outsideBoundary": false,
        "_cellId": "35878",
        "district_id": 3,
        "_district": 3,
        "district_color": "#d97706",
        "district_label": 4,
        "group": 2,
        "cell_id": "35878"
      }
    },
    {
      "type": "Feature",
      "id": 334,
      "geometry": {
        "type": "Point",
        "coordinates": [
          -113.65939617884528,
          37.14966603023404
        ]
      },
      "properties": {
        "OBJECTID": 334,
        "Last_Name": "Peterson",
        "First_Name": "Joshua David",
        "Address": "2520 School Wy, Santa Clara, UT 84765",
        "lat": 37.1496658,
        "lon": -113.659393,
        "Apt_Number": 113,
        "Age": 28,
        "Gender": "M",
        "BirthDate": 891388800000,
        "Notes": null,
        "Address_confidence": "high",
        "Emails": "Thatguywhotrains@gmail.com",
        "prospective_elder": "no",
        "Assigned_to_minister": "no",
        "Is_assigned_ministers": "yes",
        "ON_DO_NOT_CONTACT_LIST": "no",
        "Q_1_pct_att": 0,
        "Q_2_pct_att": 0,
        "Second_hr_pct_att": 0,
        "pct_att_drop": null,
        "_group": 2,
        "_outsideBoundary": false,
        "_cellId": "36077",
        "district_id": 3,
        "_district": 3,
        "district_color": "#d97706",
        "district_label": 4,
        "group": 2,
        "cell_id": "36077"
      }
    },
    {
      "type": "Feature",
      "id": 235,
      "geometry": {
        "type": "Point",
        "coordinates": [
          -113.67361289317554,
          37.15278664836462
        ]
      },
      "properties": {
        "OBJECTID": 235,
        "Last_Name": "Kleiner",
        "First_Name": "Stephen",
        "Address": "846 S 255 E, Ivins, UT 84738",
        "lat": 37.1527863,
        "lon": -113.673615,
        "Apt_Number": null,
        "Age": 30,
        "Gender": "M",
        "BirthDate": 809049600000,
        "Notes": null,
        "Address_confidence": "high",
        "Emails": "stevekleiner777@gmail.com",
        "prospective_elder": "no",
        "Assigned_to_minister": "no",
        "Is_assigned_ministers": "yes",
        "ON_DO_NOT_CONTACT_LIST": "no",
        "Q_1_pct_att": 0,
        "Q_2_pct_att": 0,
        "Second_hr_pct_att": 0,
        "pct_att_drop": null,
        "_group": 2,
        "_outsideBoundary": false,
        "_cellId": "37089",
        "district_id": 3,
        "_district": 3,
        "district_color": "#d97706",
        "district_label": 4,
        "group": 2,
        "cell_id": "37089"
      }
    },
    {
      "type": "Feature",
      "id": 821,
      "geometry": {
        "type": "Point",
        "coordinates": [
          -113.6784550982212,
          37.15795547370422
        ]
      },
      "properties": {
        "OBJECTID": 821,
        "Last_Name": "Peterson",
        "First_Name": "Josh",
        "Address": "36 E 550 S, Ivins, UT 84738",
        "lat": 37.1579552,
        "lon": -113.678452,
        "Apt_Number": null,
        "Age": 26,
        "Gender": "M",
        "BirthDate": 952646400000,
        "Notes": null,
        "Address_confidence": "high",
        "Emails": "Peterson.jm@outlook.com",
        "prospective_elder": "no",
        "Assigned_to_minister": "no",
        "Is_assigned_ministers": "yes",
        "ON_DO_NOT_CONTACT_LIST": null,
        "Q_1_pct_att": null,
        "Q_2_pct_att": null,
        "Second_hr_pct_att": null,
        "pct_att_drop": null,
        "_group": 2,
        "_outsideBoundary": false,
        "_cellId": "39326",
        "district_id": 3,
        "_district": 3,
        "district_color": "#d97706",
        "district_label": 4,
        "group": 2,
        "cell_id": "39326"
      }
    },
    {
      "type": "Feature",
      "id": 184,
      "geometry": {
        "type": "Point",
        "coordinates": [
          -113.66486552474022,
          37.15862563375559
        ]
      },
      "properties": {
        "OBJECTID": 184,
        "Last_Name": "Heward",
        "First_Name": "Cade",
        "Address": "535 S 625 E, Ivins, UT 84738",
        "lat": 37.1586266,
        "lon": -113.664864,
        "Apt_Number": null,
        "Age": 31,
        "Gender": "M",
        "BirthDate": 796608000000,
        "Notes": "https://www.facebook.com/21Hewy21",
        "Address_confidence": "high",
        "Emails": "littlecade_2020@hotmail.com",
        "prospective_elder": "no",
        "Assigned_to_minister": "no",
        "Is_assigned_ministers": "yes",
        "ON_DO_NOT_CONTACT_LIST": "no",
        "Q_1_pct_att": 0,
        "Q_2_pct_att": 0,
        "Second_hr_pct_att": 0,
        "pct_att_drop": null,
        "_group": 2,
        "_outsideBoundary": false,
        "_cellId": "39703",
        "district_id": 3,
        "_district": 3,
        "district_color": "#d97706",
        "district_label": 4,
        "group": 2,
        "cell_id": "39703"
      }
    },
    {
      "type": "Feature",
      "id": 773,
      "geometry": {
        "type": "Point",
        "coordinates": [
          -113.69149503839392,
          37.16426856458337
        ]
      },
      "properties": {
        "OBJECTID": 773,
        "Last_Name": "Andersen",
        "First_Name": "Vaughn",
        "Address": "524 W 235 St S, Ivins, UT 84738",
        "lat": 37.1642685,
        "lon": -113.691498,
        "Apt_Number": null,
        "Age": 26,
        "Gender": "M",
        "BirthDate": 958521600000,
        "Notes": "no addres given on lds tools.  Listed as likely address in Been Verified",
        "Address_confidence": "low",
        "Emails": "vandersen07@gmail.com",
        "prospective_elder": "no",
        "Assigned_to_minister": "no",
        "Is_assigned_ministers": "yes",
        "ON_DO_NOT_CONTACT_LIST": "no",
        "Q_1_pct_att": null,
        "Q_2_pct_att": 0,
        "Second_hr_pct_att": 0,
        "pct_att_drop": null,
        "_group": 2,
        "_outsideBoundary": false,
        "_cellId": "41992",
        "district_id": 3,
        "_district": 3,
        "district_color": "#d97706",
        "district_label": 4,
        "group": 2,
        "cell_id": "41992"
      }
    },
    {
      "type": "Feature",
      "id": 516,
      "geometry": {
        "type": "Point",
        "coordinates": [
          -113.6837782504902,
          37.165275383223005
        ]
      },
      "properties": {
        "OBJECTID": 516,
        "Last_Name": "McDonald",
        "First_Name": "Joshua",
        "Address": "181 200 W, Ivins, UT 84738",
        "lat": 37.1652756,
        "lon": -113.683777,
        "Apt_Number": null,
        "Age": 27,
        "Gender": "M",
        "BirthDate": 925948800000,
        "Notes": null,
        "Address_confidence": "high",
        "Emails": "joshua050699@gmail.com",
        "prospective_elder": "no",
        "Assigned_to_minister": "no",
        "Is_assigned_ministers": "yes",
        "ON_DO_NOT_CONTACT_LIST": "no",
        "Q_1_pct_att": 0,
        "Q_2_pct_att": 0,
        "Second_hr_pct_att": 0,
        "pct_att_drop": null,
        "_group": 2,
        "_outsideBoundary": false,
        "_cellId": "42339",
        "district_id": 3,
        "_district": 3,
        "district_color": "#d97706",
        "district_label": 4,
        "group": 2,
        "cell_id": "42339"
      }
    },
    {
      "type": "Feature",
      "id": 625,
      "geometry": {
        "type": "Point",
        "coordinates": [
          -113.6541235442346,
          37.167147348776645
        ]
      },
      "properties": {
        "OBJECTID": 625,
        "Last_Name": "Gates",
        "First_Name": "Jaxon Don",
        "Address": "87 S Docena Dr, Ivins, UT 84738",
        "lat": 37.1671486,
        "lon": -113.654121,
        "Apt_Number": null,
        "Age": 26,
        "Gender": "M",
        "BirthDate": 940809600000,
        "Notes": null,
        "Address_confidence": "high",
        "Emails": "jaxgates17@gmail.com",
        "prospective_elder": "no",
        "Assigned_to_minister": "no",
        "Is_assigned_ministers": "yes",
        "ON_DO_NOT_CONTACT_LIST": "no",
        "Q_1_pct_att": 0,
        "Q_2_pct_att": 0,
        "Second_hr_pct_att": 0,
        "pct_att_drop": null,
        "_group": 2,
        "_outsideBoundary": false,
        "_cellId": "42950",
        "district_id": 3,
        "_district": 3,
        "district_color": "#d97706",
        "district_label": 4,
        "group": 2,
        "cell_id": "42950"
      }
    },
    {
      "type": "Feature",
      "id": 85,
      "geometry": {
        "type": "Point",
        "coordinates": [
          -113.68238354145146,
          37.167372525769245
        ]
      },
      "properties": {
        "OBJECTID": 85,
        "Last_Name": "Clark",
        "First_Name": "Sam",
        "Address": "140 W Center St #4a, Ivins, UT 84738",
        "lat": 37.1673737,
        "lon": -113.682381,
        "Apt_Number": 4,
        "Age": 30,
        "Gender": "M",
        "BirthDate": 831513600000,
        "Notes": null,
        "Address_confidence": "high",
        "Emails": "samuelclark310@gmail.com",
        "prospective_elder": "no",
        "Assigned_to_minister": "no",
        "Is_assigned_ministers": "yes",
        "ON_DO_NOT_CONTACT_LIST": "no",
        "Q_1_pct_att": 0,
        "Q_2_pct_att": 0,
        "Second_hr_pct_att": 0,
        "pct_att_drop": null,
        "_group": 2,
        "_outsideBoundary": false,
        "_cellId": "42980",
        "district_id": 3,
        "_district": 3,
        "district_color": "#d97706",
        "district_label": 4,
        "group": 2,
        "cell_id": "42980"
      }
    },
    {
      "type": "Feature",
      "id": 404,
      "geometry": {
        "type": "Point",
        "coordinates": [
          -113.67933728784767,
          37.17314562424581
        ]
      },
      "properties": {
        "OBJECTID": 404,
        "Last_Name": "Stanley",
        "First_Name": "Davey Alexander",
        "Address": "20 E 300 N, Ivins, UT 84738",
        "lat": 37.1731453,
        "lon": -113.679337,
        "Apt_Number": null,
        "Age": 29,
        "Gender": "M",
        "BirthDate": 865036800000,
        "Notes": "https://www.facebook.com/davey.stanley.9",
        "Address_confidence": "low",
        "Emails": "dastanley97@yahoo.com",
        "prospective_elder": "no",
        "Assigned_to_minister": "no",
        "Is_assigned_ministers": "yes",
        "ON_DO_NOT_CONTACT_LIST": "no",
        "Q_1_pct_att": 0,
        "Q_2_pct_att": 0,
        "Second_hr_pct_att": 0,
        "pct_att_drop": null,
        "_group": 2,
        "_outsideBoundary": false,
        "_cellId": "44540",
        "district_id": 3,
        "_district": 3,
        "district_color": "#d97706",
        "district_label": 4,
        "group": 2,
        "cell_id": "44540"
      }
    },
    {
      "type": "Feature",
      "id": 214,
      "geometry": {
        "type": "Point",
        "coordinates": [
          -113.6740960331865,
          37.17545129729674
        ]
      },
      "properties": {
        "OBJECTID": 214,
        "Last_Name": "Jezak",
        "First_Name": "Zach",
        "Address": "249 E 400 N, Ivins, UT 84738",
        "lat": 37.1754532,
        "lon": -113.674095,
        "Apt_Number": null,
        "Age": 29,
        "Gender": "M",
        "BirthDate": 859161600000,
        "Notes": null,
        "Address_confidence": "high",
        "Emails": "therealzach24-7@hotmail.com",
        "prospective_elder": "no",
        "Assigned_to_minister": "no",
        "Is_assigned_ministers": "yes",
        "ON_DO_NOT_CONTACT_LIST": "no",
        "Q_1_pct_att": 0,
        "Q_2_pct_att": 0,
        "Second_hr_pct_att": 0,
        "pct_att_drop": null,
        "_group": 2,
        "_outsideBoundary": false,
        "_cellId": "45183",
        "district_id": 3,
        "_district": 3,
        "district_color": "#d97706",
        "district_label": 4,
        "group": 2,
        "cell_id": "45183"
      }
    },
    {
      "type": "Feature",
      "id": 763,
      "geometry": {
        "type": "Point",
        "coordinates": [
          -113.6105816068303,
          37.25272007401739
        ]
      },
      "properties": {
        "OBJECTID": 763,
        "Last_Name": "Wilson",
        "First_Name": "Kade Benjamin",
        "Address": "8044 N Diamond Valley Ct, St. George, UT 84770",
        "lat": 37.2527199,
        "lon": -113.61058,
        "Apt_Number": null,
        "Age": 26,
        "Gender": "M",
        "BirthDate": 952992000000,
        "Notes": null,
        "Address_confidence": "high",
        "Emails": "kbwbookboy@gmail.com",
        "prospective_elder": "no",
        "Assigned_to_minister": "no",
        "Is_assigned_ministers": "yes",
        "ON_DO_NOT_CONTACT_LIST": null,
        "Q_1_pct_att": null,
        "Q_2_pct_att": 0,
        "Second_hr_pct_att": 0,
        "pct_att_drop": null,
        "_group": 2,
        "_outsideBoundary": false,
        "_cellId": "49305",
        "district_id": 3,
        "_district": 3,
        "district_color": "#d97706",
        "district_label": 4,
        "group": 2,
        "cell_id": "49305"
      }
    },
    {
      "type": "Feature",
      "id": 809,
      "geometry": {
        "type": "Point",
        "coordinates": [
          -113.74737820544462,
          37.301959941434106
        ]
      },
      "properties": {
        "OBJECTID": 809,
        "Last_Name": "Williams",
        "First_Name": "Elijah Grant",
        "Address": "150 W 1400 N, Gunlock, UT 84733",
        "lat": 37.30196,
        "lon": -113.747375,
        "Apt_Number": null,
        "Age": 27,
        "Gender": "M",
        "BirthDate": 926294400000,
        "Notes": null,
        "Address_confidence": "high",
        "Emails": "elijahwil61@gmail.com",
        "prospective_elder": "no",
        "Assigned_to_minister": "no",
        "Is_assigned_ministers": "yes",
        "ON_DO_NOT_CONTACT_LIST": "no",
        "Q_1_pct_att": null,
        "Q_2_pct_att": null,
        "Second_hr_pct_att": null,
        "pct_att_drop": null,
        "_group": 2,
        "_outsideBoundary": false,
        "_cellId": "50291",
        "district_id": 3,
        "_district": 3,
        "district_color": "#d97706",
        "district_label": 4,
        "group": 2,
        "cell_id": "50291"
      }
    },
    {
      "type": "Feature",
      "id": 167,
      "geometry": {
        "type": "Point",
        "coordinates": [
          -113.66771788776973,
          37.30490145976925
        ]
      },
      "properties": {
        "OBJECTID": 167,
        "Last_Name": "Hansen",
        "First_Name": "Tyson",
        "Address": "1027 N Horsemans Pk Dr, Dammeron Valley, UT 84783",
        "lat": 37.3049011,
        "lon": -113.667717,
        "Apt_Number": null,
        "Age": 30,
        "Gender": "M",
        "BirthDate": 807926400000,
        "Notes": null,
        "Address_confidence": "high",
        "Emails": "Tysonrhansen@gmail.com",
        "prospective_elder": "no",
        "Assigned_to_minister": "no",
        "Is_assigned_ministers": "yes",
        "ON_DO_NOT_CONTACT_LIST": "no",
        "Q_1_pct_att": 0,
        "Q_2_pct_att": 0,
        "Second_hr_pct_att": 0,
        "pct_att_drop": null,
        "_group": 2,
        "_outsideBoundary": false,
        "_cellId": "50400",
        "district_id": 3,
        "_district": 3,
        "district_color": "#d97706",
        "district_label": 4,
        "group": 2,
        "cell_id": "50400"
      }
    },
    {
      "type": "Feature",
      "id": 719,
      "geometry": {
        "type": "Point",
        "coordinates": [
          -113.70701997825562,
          37.33559082426385
        ]
      },
      "properties": {
        "OBJECTID": 719,
        "Last_Name": "Goodrich",
        "First_Name": "John",
        "Address": "120 S 600 W, Veyo, UT 84782",
        "lat": 37.3355904,
        "lon": -113.707024,
        "Apt_Number": null,
        "Age": 30,
        "Gender": "M",
        "BirthDate": 820800000000,
        "Notes": null,
        "Address_confidence": "high",
        "Emails": "johnathan.ml.goodrich@gmail.com",
        "prospective_elder": "no",
        "Assigned_to_minister": "no",
        "Is_assigned_ministers": "yes",
        "ON_DO_NOT_CONTACT_LIST": "no",
        "Q_1_pct_att": 11.11111111111111,
        "Q_2_pct_att": 15.38461538461539,
        "Second_hr_pct_att": 13.63636363636364,
        "pct_att_drop": 0,
        "_group": 2,
        "_outsideBoundary": false,
        "_cellId": "51033",
        "district_id": 3,
        "_district": 3,
        "district_color": "#d97706",
        "district_label": 4,
        "group": 2,
        "cell_id": "51033"
      }
    },
    {
      "type": "Feature",
      "id": 343,
      "geometry": {
        "type": "Point",
        "coordinates": [
          -113.64175430332102,
          37.13300386524372
        ]
      },
      "properties": {
        "OBJECTID": 343,
        "Last_Name": "Quinn",
        "First_Name": "Dominic",
        "Address": "2457 Scenic Dr, Santa Clara, UT 84765",
        "lat": 37.1330032,
        "lon": -113.641754,
        "Apt_Number": null,
        "Age": 31,
        "Gender": "M",
        "BirthDate": 791510400000,
        "Notes": null,
        "Address_confidence": "high",
        "Emails": "dominicquinn951@gmail.com",
        "prospective_elder": "no",
        "Assigned_to_minister": "yes",
        "Is_assigned_ministers": "yes",
        "ON_DO_NOT_CONTACT_LIST": "no",
        "Q_1_pct_att": 53.84615384615385,
        "Q_2_pct_att": 38.46153846153846,
        "Second_hr_pct_att": 46.15384615384616,
        "pct_att_drop": 28.571428571428577,
        "_group": 1,
        "_outsideBoundary": false,
        "_cellId": "30562",
        "_district": 3,
        "district_id": 3,
        "district_label": 4,
        "district_color": "#d97706",
        "group": 1,
        "cell_id": "30562"
      }
    },
    {
      "type": "Feature",
      "id": 30,
      "geometry": {
        "type": "Point",
        "coordinates": [
          -113.71705837307792,
          37.5640612644919
        ]
      },
      "properties": {
        "OBJECTID": 30,
        "Last_Name": "Beckstrand",
        "First_Name": "Todd",
        "Address": "568 S 200 E St, Enterprise, UT 84725",
        "lat": 37.5640602,
        "lon": -113.717056,
        "Apt_Number": null,
        "Age": 32,
        "Gender": "M",
        "BirthDate": 767318400000,
        "Notes": null,
        "Address_confidence": "high",
        "Emails": "footballhonda8721@gmail.com",
        "prospective_elder": "no",
        "Assigned_to_minister": "no",
        "Is_assigned_ministers": "yes",
        "ON_DO_NOT_CONTACT_LIST": "no",
        "Q_1_pct_att": 0,
        "Q_2_pct_att": 0,
        "Second_hr_pct_att": 0,
        "pct_att_drop": null,
        "_group": 2,
        "_outsideBoundary": true,
        "district_id": 2,
        "_district": 2,
        "district_color": "#9ca3af",
        "district_label": "Out of Boundary",
        "group": 2,
        "cell_id": null
      }
    },
    {
      "type": "Feature",
      "id": 132,
      "geometry": {
        "type": "Point",
        "coordinates": [
          -113.54307863905304,
          37.06365531674267
        ]
      },
      "properties": {
        "OBJECTID": 132,
        "Last_Name": "Flores Alvarado",
        "First_Name": "Marvin Jared",
        "Address": "1980 E 2630 S, St. George, UT 84790",
        "lat": 37.0636559,
        "lon": -113.543076,
        "Apt_Number": null,
        "Age": 28,
        "Gender": "M",
        "BirthDate": 886982400000,
        "Notes": null,
        "Address_confidence": "high",
        "Emails": "jdflores998@hotmail.com",
        "prospective_elder": "no",
        "Assigned_to_minister": "no",
        "Is_assigned_ministers": "yes",
        "ON_DO_NOT_CONTACT_LIST": "no",
        "Q_1_pct_att": 0,
        "Q_2_pct_att": 0,
        "Second_hr_pct_att": 0,
        "pct_att_drop": null,
        "_group": 2,
        "_outsideBoundary": true,
        "district_id": 0,
        "_district": 0,
        "district_color": "#9ca3af",
        "district_label": "Out of Boundary",
        "group": 2,
        "cell_id": null
      }
    },
    {
      "type": "Feature",
      "id": 373,
      "geometry": {
        "type": "Point",
        "coordinates": [
          -113.52495582798352,
          37.054591538705196
        ]
      },
      "properties": {
        "OBJECTID": 373,
        "Last_Name": "Sanchez Malan",
        "First_Name": "Elthon Santiago",
        "Address": "2908 E 3150 S, St. George, UT 84790",
        "lat": 37.0545921,
        "lon": -113.524956,
        "Apt_Number": null,
        "Age": 31,
        "Gender": "M",
        "BirthDate": 782524800000,
        "Notes": null,
        "Address_confidence": "high",
        "Emails": "elthonsanm94@gmail.com",
        "prospective_elder": "no",
        "Assigned_to_minister": "no",
        "Is_assigned_ministers": "yes",
        "ON_DO_NOT_CONTACT_LIST": "no",
        "Q_1_pct_att": 0,
        "Q_2_pct_att": 0,
        "Second_hr_pct_att": 0,
        "pct_att_drop": null,
        "_group": 2,
        "_outsideBoundary": true,
        "district_id": 1,
        "_district": 1,
        "district_color": "#9ca3af",
        "district_label": "Out of Boundary",
        "group": 2,
        "cell_id": null
      }
    },
    {
      "type": "Feature",
      "id": 432,
      "geometry": {
        "type": "Point",
        "coordinates": [
          -113.70365270539685,
          37.57689768007288
        ]
      },
      "properties": {
        "OBJECTID": 432,
        "Last_Name": "Thomas",
        "First_Name": "James",
        "Address": "775 E 100 N Enterprise, Utah 84725",
        "lat": 37.5768967,
        "lon": -113.703651,
        "Apt_Number": null,
        "Age": 30,
        "Gender": "M",
        "BirthDate": 813110400000,
        "Notes": null,
        "Address_confidence": "high",
        "Emails": "wolvesjt23@gmail.com",
        "prospective_elder": "no",
        "Assigned_to_minister": "no",
        "Is_assigned_ministers": "yes",
        "ON_DO_NOT_CONTACT_LIST": "no",
        "Q_1_pct_att": 0,
        "Q_2_pct_att": 0,
        "Second_hr_pct_att": 0,
        "pct_att_drop": null,
        "_group": 2,
        "_outsideBoundary": true,
        "district_id": 1,
        "_district": 1,
        "district_color": "#9ca3af",
        "district_label": "Out of Boundary",
        "group": 2,
        "cell_id": null
      }
    },
    {
      "type": "Feature",
      "id": 590,
      "geometry": {
        "type": "Point",
        "coordinates": [
          -113.56044718059253,
          37.10163954442177
        ]
      },
      "properties": {
        "OBJECTID": 590,
        "Last_Name": "Okwori",
        "First_Name": "Henry Chisom",
        "Address": "1109 E 400 S, St. George, UT 84790",
        "lat": 37.1016388,
        "lon": -113.560448,
        "Apt_Number": null,
        "Age": 32,
        "Gender": "M",
        "BirthDate": 755395200000,
        "Notes": null,
        "Address_confidence": "high",
        "Emails": "henrycokwori@gmail.com",
        "prospective_elder": "no",
        "Assigned_to_minister": "no",
        "Is_assigned_ministers": "yes",
        "ON_DO_NOT_CONTACT_LIST": "no",
        "Q_1_pct_att": 0,
        "Q_2_pct_att": 0,
        "Second_hr_pct_att": 0,
        "pct_att_drop": null,
        "_group": 2,
        "_outsideBoundary": true,
        "district_id": 2,
        "_district": 2,
        "district_color": "#9ca3af",
        "district_label": "Out of Boundary",
        "group": 2,
        "cell_id": null
      }
    },
    {
      "type": "Feature",
      "id": 707,
      "geometry": {
        "type": "Point",
        "coordinates": [
          -113.55989203881494,
          37.10269131255488
        ]
      },
      "properties": {
        "OBJECTID": 707,
        "Last_Name": "Zitting",
        "First_Name": "David Taylor",
        "Address": "1122 E 300 S, St. George, UT 84790",
        "lat": 37.1026917,
        "lon": -113.559891,
        "Apt_Number": null,
        "Age": 29,
        "Gender": "M",
        "BirthDate": 841104000000,
        "Notes": "Address is slightly out of ward boundaries.  ",
        "Address_confidence": "high",
        "Emails": "davidtz.lds@gmail.com",
        "prospective_elder": "no",
        "Assigned_to_minister": "no",
        "Is_assigned_ministers": "yes",
        "ON_DO_NOT_CONTACT_LIST": "no",
        "Q_1_pct_att": 0,
        "Q_2_pct_att": 0,
        "Second_hr_pct_att": 0,
        "pct_att_drop": null,
        "_group": 2,
        "_outsideBoundary": true,
        "district_id": 2,
        "_district": 2,
        "district_color": "#9ca3af",
        "district_label": "Out of Boundary",
        "group": 2,
        "cell_id": null
      }
    }
  ]
}