{
"type": "FeatureCollection",
"name": "district_assignment_dissolved",
"crs": { "type": "name", "properties": { "name": "urn:ogc:def:crs:OGC:1.3:CRS84" } },
"features": [
{ "type": "Feature", "properties": { "district_id": 0, "district_name": "District 1", "district_color": "#e11d48", "fill": "#e11d48", "stroke": "#e11d48", "fill_opacity": 0.45, "stroke_width": 2 }, "geometry": { "type": "Polygon", "coordinates": [ [ [ -113.87876, 37.00023 ], [ -113.89688, 37.00025 ], [ -113.89947, 37.00025 ], [ -113.91474, 37.00027 ], [ -113.91586, 37.00027 ], [ -113.93283, 37.00028 ], [ -113.93484, 37.00029 ], [ -113.93508, 37.00029 ], [ -113.9872, 37.00034 ], [ -114.0052, 37.00036 ], [ -114.02309, 37.00037 ], [ -114.04111, 37.00039 ], [ -114.05006, 37.0004 ], [ -114.05057, 37.0004 ], [ -114.05088, 37.07183 ], [ -114.05091, 37.08073 ], [ -114.05092, 37.08113 ], [ -114.05123, 37.15364 ], [ -114.05127, 37.16253 ], [ -114.05129, 37.16811 ], [ -114.0516, 37.24069 ], [ -114.05167, 37.25529 ], [ -114.05168, 37.2575 ], [ -114.05171, 37.2646 ], [ -114.05171, 37.26482 ], [ -114.05171, 37.26543 ], [ -114.05171, 37.26613 ], [ -114.05172, 37.2686 ], [ -114.05174, 37.27313 ], [ -114.05176, 37.27727 ], [ -114.05192, 37.31296 ], [ -114.05193, 37.31592 ], [ -114.05203, 37.33929 ], [ -114.05204, 37.34173 ], [ -114.052, 37.34173 ], [ -114.05191, 37.3418 ], [ -114.05182, 37.34193 ], [ -114.05181, 37.34193 ], [ -114.05182, 37.34345 ], [ -114.05182, 37.34458 ], [ -114.05158, 37.34465 ], [ -114.05142, 37.34473 ], [ -114.05135, 37.34486 ], [ -114.05134, 37.34503 ], [ -114.05128, 37.3452 ], [ -114.0512, 37.34537 ], [ -114.05111, 37.34547 ], [ -114.05099, 37.34557 ], [ -114.05098, 37.34558 ], [ -114.05088, 37.34569 ], [ -114.05085, 37.34579 ], [ -114.05084, 37.34593 ], [ -114.05085, 37.34603 ], [ -114.05097, 37.34624 ], [ -114.05106, 37.34635 ], [ -114.05112, 37.34651 ], [ -114.05111, 37.3467 ], [ -114.05105, 37.34688 ], [ -114.05098, 37.34699 ], [ -114.05091, 37.34706 ], [ -114.05083, 37.3471 ], [ -114.05066, 37.34692 ], [ -114.05025, 37.34618 ], [ -114.05006, 37.34595 ], [ -114.04969, 37.34557 ], [ -114.04957, 37.34546 ], [ -114.04956, 37.34544 ], [ -114.04951, 37.3454 ], [ -114.04939, 37.34529 ], [ -114.04901, 37.34504 ], [ -114.04869, 37.34479 ], [ -114.04834, 37.34443 ], [ -114.04788, 37.34405 ], [ -114.04743, 37.34367 ], [ -114.04707, 37.34322 ], [ -114.04696, 37.34279 ], [ -114.04686, 37.34255 ], [ -114.04672, 37.34251 ], [ -114.04664, 37.34251 ], [ -114.04662, 37.34251 ], [ -114.04657, 37.34251 ], [ -114.04638, 37.34252 ], [ -114.04594, 37.34242 ], [ -114.04558, 37.34212 ], [ -114.04535, 37.34178 ], [ -114.0452, 37.34147 ], [ -114.04499, 37.3412 ], [ -114.04492, 37.34117 ], [ -114.04486, 37.34109 ], [ -114.04476, 37.34103 ], [ -114.04447, 37.34099 ], [ -114.04442, 37.34098 ], [ -114.04433, 37.34095 ], [ -114.04418, 37.34091 ], [ -114.0439, 37.34079 ], [ -114.04358, 37.34059 ], [ -114.04323, 37.34043 ], [ -114.04293, 37.3403 ], [ -114.0428, 37.34024 ], [ -114.04264, 37.34015 ], [ -114.04234, 37.33996 ], [ -114.04204, 37.3398 ], [ -114.04167, 37.33973 ], [ -114.04131, 37.33971 ], [ -114.04095, 37.33958 ], [ -114.04067, 37.3394 ], [ -114.04041, 37.33921 ], [ -114.04021, 37.33893 ], [ -114.03996, 37.33861 ], [ -114.0397, 37.33838 ], [ -114.03951, 37.33816 ], [ -114.03928, 37.33795 ], [ -114.03918, 37.33792 ], [ -114.03915, 37.33789 ], [ -114.03904, 37.33787 ], [ -114.03902, 37.33787 ], [ -114.03884, 37.33785 ], [ -114.0385, 37.33779 ], [ -114.03804, 37.33769 ], [ -114.03788, 37.33765 ], [ -114.03786, 37.33764 ], [ -114.03771, 37.33756 ], [ -114.03757, 37.33747 ], [ -114.03744, 37.33736 ], [ -114.03729, 37.33719 ], [ -114.03714, 37.33711 ], [ -114.03699, 37.33702 ], [ -114.03698, 37.33702 ], [ -114.03697, 37.337 ], [ -114.03693, 37.33691 ], [ -114.03681, 37.33705 ], [ -114.03633, 37.33735 ], [ -114.03587, 37.3376 ], [ -114.03555, 37.33734 ], [ -114.03506, 37.33692 ], [ -114.03475, 37.33636 ], [ -114.03462, 37.33585 ], [ -114.03457, 37.33553 ], [ -114.03464, 37.33505 ], [ -114.03486, 37.33485 ], [ -114.03496, 37.33456 ], [ -114.03476, 37.33427 ], [ -114.03467, 37.33389 ], [ -114.03468, 37.3333 ], [ -114.03468, 37.33265 ], [ -114.03455, 37.33218 ], [ -114.03389, 37.33188 ], [ -114.03344, 37.33168 ], [ -114.03317, 37.33167 ], [ -114.03276, 37.33178 ], [ -114.0326, 37.33184 ], [ -114.03235, 37.33205 ], [ -114.03215, 37.33236 ], [ -114.03198, 37.33259 ], [ -114.03172, 37.33305 ], [ -114.03148, 37.33348 ], [ -114.03116, 37.3344 ], [ -114.03114, 37.33494 ], [ -114.03114, 37.3352 ], [ -114.03125, 37.33557 ], [ -114.03132, 37.3359 ], [ -114.03142, 37.33623 ], [ -114.03171, 37.33678 ], [ -114.03194, 37.33724 ], [ -114.03198, 37.33771 ], [ -114.032, 37.33824 ], [ -114.03208, 37.33871 ], [ -114.03206, 37.33917 ], [ -114.03207, 37.33948 ], [ -114.03193, 37.33979 ], [ -114.03174, 37.34006 ], [ -114.03151, 37.34011 ], [ -114.03111, 37.33996 ], [ -114.0309, 37.33978 ], [ -114.03073, 37.33951 ], [ -114.03036, 37.33937 ], [ -114.03, 37.33923 ], [ -114.02962, 37.33915 ], [ -114.02918, 37.33909 ], [ -114.02811, 37.33844 ], [ -114.02764, 37.33816 ], [ -114.02698, 37.33778 ], [ -114.02649, 37.33748 ], [ -114.02593, 37.33707 ], [ -114.02573, 37.33674 ], [ -114.02558, 37.33631 ], [ -114.02553, 37.336 ], [ -114.02508, 37.33551 ], [ -114.02469, 37.33511 ], [ -114.02467, 37.33507 ], [ -114.02447, 37.33479 ], [ -114.0238, 37.33412 ], [ -114.02342, 37.33328 ], [ -114.02335, 37.33294 ], [ -114.02325, 37.33255 ], [ -114.023, 37.33251 ], [ -114.02293, 37.33271 ], [ -114.02277, 37.33288 ], [ -114.02256, 37.33284 ], [ -114.02241, 37.33271 ], [ -114.02208, 37.33267 ], [ -114.02166, 37.33281 ], [ -114.02147, 37.33296 ], [ -114.0215, 37.33322 ], [ -114.02156, 37.33349 ], [ -114.02163, 37.33395 ], [ -114.02157, 37.33409 ], [ -114.0212, 37.33416 ], [ -114.02095, 37.33396 ], [ -114.02072, 37.33385 ], [ -114.02064, 37.33401 ], [ -114.02058, 37.33415 ], [ -114.02051, 37.3343 ], [ -114.0204, 37.3344 ], [ -114.02009, 37.33432 ], [ -114.01973, 37.33392 ], [ -114.01948, 37.33356 ], [ -114.01939, 37.33316 ], [ -114.01925, 37.33274 ], [ -114.01902, 37.3323 ], [ -114.01856, 37.33209 ], [ -114.01824, 37.33177 ], [ -114.01797, 37.33139 ], [ -114.01783, 37.33095 ], [ -114.01739, 37.33055 ], [ -114.01687, 37.3304 ], [ -114.01681, 37.33039 ], [ -114.01625, 37.33055 ], [ -114.01491, 37.33081 ], [ -114.01453, 37.33091 ], [ -114.01348, 37.33109 ], [ -114.01167, 37.3314 ], [ -114.01041, 37.3316 ], [ -114.00955, 37.33174 ], [ -114.00936, 37.33178 ], [ -114.00934, 37.33178 ], [ -114.00931, 37.33178 ], [ -114.00928, 37.33176 ], [ -114.00927, 37.33176 ], [ -114.00925, 37.33174 ], [ -114.00923, 37.33171 ], [ -114.00889, 37.33026 ], [ -114.00881, 37.32955 ], [ -114.00878, 37.32881 ], [ -114.00868, 37.3286 ], [ -114.00758, 37.32762 ], [ -114.00706, 37.32715 ], [ -114.00698, 37.3271 ], [ -114.00674, 37.32709 ], [ -114.00466, 37.32722 ], [ -114.00292, 37.32737 ], [ -114.0024, 37.32741 ], [ -114.002, 37.3274 ], [ -114.00199, 37.32972 ], [ -114.00199, 37.32996 ], [ -113.99746, 37.32996 ], [ -113.99743, 37.33363 ], [ -113.99254, 37.33365 ], [ -113.99238, 37.33335 ], [ -113.99229, 37.33316 ], [ -113.99221, 37.33296 ], [ -113.99211, 37.33278 ], [ -113.99186, 37.33252 ], [ -113.9917, 37.3324 ], [ -113.9916, 37.33227 ], [ -113.99136, 37.33176 ], [ -113.99131, 37.33159 ], [ -113.99133, 37.33124 ], [ -113.99134, 37.33111 ], [ -113.99139, 37.33092 ], [ -113.99158, 37.33053 ], [ -113.99167, 37.33034 ], [ -113.99172, 37.33015 ], [ -113.99164, 37.32963 ], [ -113.99156, 37.32944 ], [ -113.99151, 37.32924 ], [ -113.99145, 37.32894 ], [ -113.99145, 37.32878 ], [ -113.99147, 37.32859 ], [ -113.99151, 37.32838 ], [ -113.99153, 37.32818 ], [ -113.99155, 37.32797 ], [ -113.99156, 37.32777 ], [ -113.99156, 37.32756 ], [ -113.99154, 37.32734 ], [ -113.99155, 37.32711 ], [ -113.99153, 37.32691 ], [ -113.99149, 37.32669 ], [ -113.99148, 37.32647 ], [ -113.99155, 37.32623 ], [ -113.99169, 37.32583 ], [ -113.99174, 37.32562 ], [ -113.99177, 37.32546 ], [ -113.99179, 37.32526 ], [ -113.99176, 37.32508 ], [ -113.99175, 37.32488 ], [ -113.99181, 37.32467 ], [ -113.99194, 37.32446 ], [ -113.99199, 37.32423 ], [ -113.99198, 37.32399 ], [ -113.99192, 37.32355 ], [ -113.99192, 37.32333 ], [ -113.99195, 37.3231 ], [ -113.99205, 37.32288 ], [ -113.99241, 37.3223 ], [ -113.99248, 37.32207 ], [ -113.99246, 37.32186 ], [ -113.99245, 37.32166 ], [ -113.99247, 37.32147 ], [ -113.99258, 37.32092 ], [ -113.99273, 37.32036 ], [ -113.993, 37.31978 ], [ -113.99333, 37.31901 ], [ -113.99374, 37.31821 ], [ -113.99387, 37.31797 ], [ -113.99409, 37.31747 ], [ -113.99417, 37.31722 ], [ -113.99429, 37.31683 ], [ -113.99432, 37.31663 ], [ -113.99426, 37.31621 ], [ -113.99427, 37.31598 ], [ -113.99434, 37.31579 ], [ -113.99451, 37.31554 ], [ -113.99352, 37.31554 ], [ -113.99292, 37.31554 ], [ -113.99241, 37.31553 ], [ -113.98841, 37.31546 ], [ -113.97025, 37.31553 ], [ -113.97025, 37.31425 ], [ -113.97014, 37.31431 ], [ -113.96979, 37.31449 ], [ -113.96943, 37.31465 ], [ -113.9687, 37.31489 ], [ -113.96777, 37.31522 ], [ -113.96688, 37.31551 ], [ -113.9666, 37.31562 ], [ -113.96632, 37.31578 ], [ -113.96607, 37.31604 ], [ -113.9658, 37.31639 ], [ -113.9655, 37.31674 ], [ -113.96487, 37.31743 ], [ -113.96453, 37.31777 ], [ -113.96428, 37.31815 ], [ -113.96409, 37.31853 ], [ -113.96398, 37.3189 ], [ -113.96385, 37.31925 ], [ -113.96363, 37.31958 ], [ -113.96339, 37.3199 ], [ -113.96311, 37.32018 ], [ -113.96282, 37.32041 ], [ -113.96227, 37.32084 ], [ -113.96195, 37.32103 ], [ -113.96161, 37.32122 ], [ -113.96127, 37.32144 ], [ -113.9606, 37.32192 ], [ -113.96025, 37.32221 ], [ -113.95926, 37.32298 ], [ -113.95867, 37.32346 ], [ -113.9578, 37.32411 ], [ -113.95752, 37.32431 ], [ -113.95727, 37.32453 ], [ -113.95711, 37.32478 ], [ -113.95703, 37.32504 ], [ -113.9571, 37.32532 ], [ -113.95737, 37.32546 ], [ -113.9581, 37.32559 ], [ -113.9582, 37.3256 ], [ -113.95826, 37.32565 ], [ -113.95825, 37.32568 ], [ -113.95807, 37.3257 ], [ -113.95774, 37.32573 ], [ -113.9574, 37.32575 ], [ -113.95485, 37.3257 ], [ -113.95369, 37.32568 ], [ -113.95354, 37.32568 ], [ -113.95325, 37.32573 ], [ -113.95287, 37.32581 ], [ -113.95251, 37.32585 ], [ -113.95217, 37.32583 ], [ -113.95186, 37.32579 ], [ -113.95154, 37.32576 ], [ -113.95121, 37.32576 ], [ -113.9509, 37.32576 ], [ -113.95057, 37.32577 ], [ -113.9502, 37.3258 ], [ -113.94903, 37.32585 ], [ -113.94864, 37.32585 ], [ -113.94832, 37.32576 ], [ -113.94774, 37.32551 ], [ -113.94755, 37.32536 ], [ -113.94743, 37.32514 ], [ -113.94742, 37.32492 ], [ -113.94744, 37.32468 ], [ -113.94756, 37.32445 ], [ -113.9478, 37.32386 ], [ -113.94826, 37.32283 ], [ -113.94839, 37.32251 ], [ -113.94851, 37.32217 ], [ -113.94854, 37.32181 ], [ -113.9484, 37.32029 ], [ -113.94833, 37.31894 ], [ -113.94828, 37.31861 ], [ -113.94821, 37.31827 ], [ -113.9481, 37.31791 ], [ -113.94803, 37.31756 ], [ -113.94803, 37.31734 ], [ -113.94805, 37.3172 ], [ -113.94817, 37.31689 ], [ -113.94867, 37.31596 ], [ -113.94886, 37.31561 ], [ -113.949, 37.31527 ], [ -113.94911, 37.31491 ], [ -113.9492, 37.31454 ], [ -113.94927, 37.31417 ], [ -113.94955, 37.31242 ], [ -113.94959, 37.31209 ], [ -113.94962, 37.31176 ], [ -113.94966, 37.3111 ], [ -113.94967, 37.31076 ], [ -113.94966, 37.30968 ], [ -113.94967, 37.30934 ], [ -113.94971, 37.30905 ], [ -113.94982, 37.3085 ], [ -113.94995, 37.3078 ], [ -113.95009, 37.3071 ], [ -113.95017, 37.30657 ], [ -113.95018, 37.30635 ], [ -113.95017, 37.30615 ], [ -113.95011, 37.30597 ], [ -113.94978, 37.30592 ], [ -113.94915, 37.30574 ], [ -113.94794, 37.30532 ], [ -113.94729, 37.30518 ], [ -113.94632, 37.30504 ], [ -113.94527, 37.30489 ], [ -113.94482, 37.30485 ], [ -113.94433, 37.30483 ], [ -113.94382, 37.30483 ], [ -113.94308, 37.30483 ], [ -113.94162, 37.30479 ], [ -113.93996, 37.30471 ], [ -113.93944, 37.30467 ], [ -113.93896, 37.3046 ], [ -113.93853, 37.3045 ], [ -113.93809, 37.30437 ], [ -113.93772, 37.30421 ], [ -113.93654, 37.3036 ], [ -113.93569, 37.30314 ], [ -113.93542, 37.30303 ], [ -113.93524, 37.30298 ], [ -113.93502, 37.30296 ], [ -113.93441, 37.30295 ], [ -113.93375, 37.30294 ], [ -113.93333, 37.30294 ], [ -113.93268, 37.303 ], [ -113.93237, 37.30301 ], [ -113.93218, 37.303 ], [ -113.93204, 37.30294 ], [ -113.93195, 37.30284 ], [ -113.93192, 37.30272 ], [ -113.93197, 37.30261 ], [ -113.9322, 37.30231 ], [ -113.93231, 37.30212 ], [ -113.93238, 37.30188 ], [ -113.93243, 37.30162 ], [ -113.93245, 37.30138 ], [ -113.93244, 37.30111 ], [ -113.93232, 37.30082 ], [ -113.93203, 37.30058 ], [ -113.9316, 37.30042 ], [ -113.93084, 37.30014 ], [ -113.92984, 37.29986 ], [ -113.92937, 37.29972 ], [ -113.92882, 37.29952 ], [ -113.92838, 37.29934 ], [ -113.92819, 37.29921 ], [ -113.92773, 37.29871 ], [ -113.92745, 37.29844 ], [ -113.92712, 37.29821 ], [ -113.92674, 37.298 ], [ -113.92632, 37.29778 ], [ -113.92587, 37.29757 ], [ -113.92501, 37.29717 ], [ -113.92465, 37.29705 ], [ -113.92421, 37.29693 ], [ -113.92369, 37.29682 ], [ -113.92314, 37.29667 ], [ -113.92285, 37.29657 ], [ -113.92255, 37.29644 ], [ -113.92167, 37.29595 ], [ -113.9188, 37.29456 ], [ -113.91821, 37.29426 ], [ -113.9177, 37.29393 ], [ -113.91716, 37.29358 ], [ -113.9166, 37.29325 ], [ -113.91605, 37.29293 ], [ -113.91577, 37.29275 ], [ -113.91553, 37.2926 ], [ -113.91326, 37.29092 ], [ -113.91197, 37.28995 ], [ -113.91132, 37.28945 ], [ -113.91028, 37.28857 ], [ -113.90963, 37.28801 ], [ -113.90912, 37.28754 ], [ -113.90878, 37.28718 ], [ -113.9085, 37.28685 ], [ -113.90826, 37.2865 ], [ -113.90809, 37.28629 ], [ -113.90786, 37.28614 ], [ -113.90761, 37.28598 ], [ -113.90663, 37.28536 ], [ -113.90625, 37.28508 ], [ -113.90511, 37.28416 ], [ -113.9039, 37.28311 ], [ -113.90355, 37.28289 ], [ -113.90327, 37.2827 ], [ -113.90186, 37.28187 ], [ -113.90054, 37.28113 ], [ -113.90016, 37.28094 ], [ -113.89995, 37.28081 ], [ -113.89961, 37.28053 ], [ -113.89926, 37.28024 ], [ -113.89876, 37.27971 ], [ -113.89851, 37.27951 ], [ -113.89823, 37.27933 ], [ -113.89788, 37.27914 ], [ -113.89761, 37.27903 ], [ -113.89748, 37.27898 ], [ -113.89724, 37.27887 ], [ -113.897, 37.2787 ], [ -113.89615, 37.278 ], [ -113.8957, 37.27762 ], [ -113.8945, 37.27674 ], [ -113.89393, 37.27626 ], [ -113.89348, 37.27589 ], [ -113.89321, 37.27566 ], [ -113.89308, 37.27566 ], [ -113.89308, 37.27555 ], [ -113.89246, 37.27503 ], [ -113.89214, 37.27472 ], [ -113.8917, 37.27424 ], [ -113.89144, 37.27384 ], [ -113.89114, 37.27343 ], [ -113.89079, 37.27307 ], [ -113.89041, 37.27269 ], [ -113.8899, 37.27228 ], [ -113.88964, 37.27204 ], [ -113.88963, 37.27203 ], [ -113.88913, 37.27163 ], [ -113.88864, 37.27116 ], [ -113.88824, 37.27076 ], [ -113.88807, 37.27062 ], [ -113.88786, 37.27045 ], [ -113.88758, 37.27025 ], [ -113.88691, 37.26984 ], [ -113.88665, 37.26966 ], [ -113.88644, 37.26947 ], [ -113.88628, 37.26931 ], [ -113.88597, 37.26892 ], [ -113.88556, 37.26841 ], [ -113.88527, 37.2681 ], [ -113.88511, 37.26818 ], [ -113.885, 37.2682 ], [ -113.88456, 37.26828 ], [ -113.8844, 37.26832 ], [ -113.88408, 37.26847 ], [ -113.88375, 37.2686 ], [ -113.88343, 37.26875 ], [ -113.88321, 37.26886 ], [ -113.88303, 37.26898 ], [ -113.88293, 37.26911 ], [ -113.88286, 37.26925 ], [ -113.88282, 37.26939 ], [ -113.88282, 37.26953 ], [ -113.88291, 37.27023 ], [ -113.88291, 37.2704 ], [ -113.88294, 37.27063 ], [ -113.88298, 37.27079 ], [ -113.883, 37.27101 ], [ -113.88302, 37.27125 ], [ -113.883, 37.2716 ], [ -113.88297, 37.27173 ], [ -113.88293, 37.27188 ], [ -113.88287, 37.27202 ], [ -113.88286, 37.27204 ], [ -113.87949, 37.27205 ], [ -113.87951, 37.26398 ], [ -113.87873, 37.26337 ], [ -113.87801, 37.26285 ], [ -113.87704, 37.26215 ], [ -113.87598, 37.26146 ], [ -113.87498, 37.26087 ], [ -113.87481, 37.26076 ], [ -113.87453, 37.26057 ], [ -113.87369, 37.26003 ], [ -113.87318, 37.25972 ], [ -113.86998, 37.25767 ], [ -113.86975, 37.25754 ], [ -113.84281, 37.25754 ], [ -113.82504, 37.25752 ], [ -113.82461, 37.25752 ], [ -113.80691, 37.25749 ], [ -113.80646, 37.25749 ], [ -113.80644, 37.22395 ], [ -113.80556, 37.22301 ], [ -113.80531, 37.22267 ], [ -113.80519, 37.22231 ], [ -113.80512, 37.22194 ], [ -113.8051, 37.22158 ], [ -113.80513, 37.22119 ], [ -113.80518, 37.22083 ], [ -113.80531, 37.22034 ], [ -113.80543, 37.22002 ], [ -113.80575, 37.21932 ], [ -113.8059, 37.21893 ], [ -113.80608, 37.21839 ], [ -113.80615, 37.21807 ], [ -113.80616, 37.21798 ], [ -113.80615, 37.21705 ], [ -113.80605, 37.21492 ], [ -113.80606, 37.21422 ], [ -113.80605, 37.21392 ], [ -113.806, 37.21363 ], [ -113.80597, 37.21351 ], [ -113.80589, 37.21324 ], [ -113.805, 37.21163 ], [ -113.80439, 37.21046 ], [ -113.80396, 37.20949 ], [ -113.80365, 37.20872 ], [ -113.8031, 37.20748 ], [ -113.80251, 37.20628 ], [ -113.80197, 37.20512 ], [ -113.80165, 37.20455 ], [ -113.80123, 37.20385 ], [ -113.80056, 37.2026 ], [ -113.80003, 37.20164 ], [ -113.7998, 37.20132 ], [ -113.79957, 37.20108 ], [ -113.79929, 37.20093 ], [ -113.79899, 37.20085 ], [ -113.79811, 37.20074 ], [ -113.79765, 37.20077 ], [ -113.79703, 37.20086 ], [ -113.79631, 37.20088 ], [ -113.79593, 37.20087 ], [ -113.79549, 37.20083 ], [ -113.79525, 37.20076 ], [ -113.79506, 37.20066 ], [ -113.79427, 37.20013 ], [ -113.79381, 37.19982 ], [ -113.79327, 37.1995 ], [ -113.79273, 37.19926 ], [ -113.79234, 37.19905 ], [ -113.79162, 37.19871 ], [ -113.79096, 37.19841 ], [ -113.79075, 37.19824 ], [ -113.79055, 37.19803 ], [ -113.79036, 37.19775 ], [ -113.79019, 37.19743 ], [ -113.79008, 37.19726 ], [ -113.79001, 37.1972 ], [ -113.80636, 37.19718 ], [ -113.80638, 37.1854 ], [ -113.80634, 37.18535 ], [ -113.80628, 37.18521 ], [ -113.80617, 37.18503 ], [ -113.80606, 37.18492 ], [ -113.80591, 37.18481 ], [ -113.8058, 37.1847 ], [ -113.80577, 37.18464 ], [ -113.80573, 37.18448 ], [ -113.8057, 37.18421 ], [ -113.80568, 37.18413 ], [ -113.80562, 37.18403 ], [ -113.8056, 37.18396 ], [ -113.80559, 37.18389 ], [ -113.80562, 37.18373 ], [ -113.8056, 37.18361 ], [ -113.80561, 37.18343 ], [ -113.80563, 37.18329 ], [ -113.8057, 37.18297 ], [ -113.8057, 37.18287 ], [ -113.80558, 37.18265 ], [ -113.80638, 37.18265 ], [ -113.80642, 37.1682 ], [ -113.80644, 37.15357 ], [ -113.79742, 37.15358 ], [ -113.79575, 37.15358 ], [ -113.78831, 37.15357 ], [ -113.77883, 37.15352 ], [ -113.77862, 37.15314 ], [ -113.77826, 37.15239 ], [ -113.77763, 37.15113 ], [ -113.77753, 37.15081 ], [ -113.77755, 37.15053 ], [ -113.77763, 37.15026 ], [ -113.77773, 37.15 ], [ -113.77778, 37.14973 ], [ -113.77774, 37.14947 ], [ -113.77769, 37.14939 ], [ -113.77758, 37.1492 ], [ -113.77719, 37.14875 ], [ -113.77685, 37.14831 ], [ -113.77678, 37.1482 ], [ -113.77663, 37.14796 ], [ -113.77649, 37.14771 ], [ -113.77631, 37.14748 ], [ -113.77609, 37.14728 ], [ -113.77593, 37.14718 ], [ -113.77571, 37.14706 ], [ -113.77545, 37.14697 ], [ -113.77516, 37.14689 ], [ -113.77456, 37.14675 ], [ -113.77429, 37.14667 ], [ -113.77398, 37.14654 ], [ -113.77364, 37.14638 ], [ -113.77329, 37.14618 ], [ -113.77286, 37.14589 ], [ -113.77191, 37.14524 ], [ -113.77016, 37.14403 ], [ -113.77001, 37.14392 ], [ -113.76918, 37.14336 ], [ -113.76837, 37.14283 ], [ -113.76816, 37.14266 ], [ -113.76796, 37.14243 ], [ -113.76778, 37.1422 ], [ -113.76764, 37.14197 ], [ -113.76752, 37.14173 ], [ -113.76693, 37.14027 ], [ -113.7668, 37.13998 ], [ -113.76665, 37.13967 ], [ -113.76648, 37.13936 ], [ -113.76623, 37.13896 ], [ -113.76611, 37.13878 ], [ -113.76537, 37.13748 ], [ -113.76505, 37.13697 ], [ -113.76475, 37.13645 ], [ -113.76439, 37.13587 ], [ -113.76423, 37.13559 ], [ -113.76364, 37.13447 ], [ -113.76347, 37.13411 ], [ -113.76339, 37.1339 ], [ -113.76338, 37.13369 ], [ -113.76344, 37.13348 ], [ -113.76355, 37.13328 ], [ -113.7637, 37.1331 ], [ -113.76411, 37.1328 ], [ -113.76432, 37.13263 ], [ -113.76447, 37.13242 ], [ -113.76455, 37.13218 ], [ -113.76467, 37.13148 ], [ -113.76474, 37.13121 ], [ -113.76484, 37.13095 ], [ -113.76508, 37.13048 ], [ -113.76529, 37.13013 ], [ -113.76569, 37.1295 ], [ -113.7658, 37.1293 ], [ -113.76589, 37.12903 ], [ -113.7659, 37.1289 ], [ -113.76587, 37.12868 ], [ -113.76581, 37.12844 ], [ -113.76572, 37.12822 ], [ -113.76544, 37.12781 ], [ -113.76532, 37.12761 ], [ -113.76519, 37.12743 ], [ -113.76484, 37.12711 ], [ -113.76473, 37.12695 ], [ -113.76465, 37.12675 ], [ -113.76453, 37.12655 ], [ -113.76439, 37.12634 ], [ -113.76429, 37.12611 ], [ -113.7643, 37.12565 ], [ -113.76428, 37.12541 ], [ -113.76418, 37.12471 ], [ -113.76417, 37.12454 ], [ -113.76417, 37.1245 ], [ -113.76418, 37.12434 ], [ -113.76427, 37.12365 ], [ -113.76428, 37.12341 ], [ -113.76428, 37.12322 ], [ -113.76424, 37.12262 ], [ -113.76427, 37.12238 ], [ -113.76436, 37.12215 ], [ -113.76455, 37.12197 ], [ -113.7648, 37.12185 ], [ -113.76502, 37.12177 ], [ -113.7653, 37.12168 ], [ -113.76562, 37.12161 ], [ -113.76595, 37.12155 ], [ -113.76622, 37.12145 ], [ -113.76638, 37.12129 ], [ -113.76646, 37.1211 ], [ -113.76648, 37.12088 ], [ -113.76648, 37.12066 ], [ -113.76645, 37.12044 ], [ -113.76639, 37.1202 ], [ -113.76635, 37.11994 ], [ -113.76637, 37.1197 ], [ -113.76637, 37.11946 ], [ -113.76634, 37.11924 ], [ -113.76626, 37.11904 ], [ -113.766, 37.11861 ], [ -113.76589, 37.1184 ], [ -113.76581, 37.11817 ], [ -113.76577, 37.11794 ], [ -113.7657, 37.11723 ], [ -113.76568, 37.1168 ], [ -113.76569, 37.11635 ], [ -113.76568, 37.11612 ], [ -113.76562, 37.11541 ], [ -113.7656, 37.1147 ], [ -113.7656, 37.11447 ], [ -113.76562, 37.11405 ], [ -113.76565, 37.11382 ], [ -113.76577, 37.11338 ], [ -113.7658, 37.11315 ], [ -113.76581, 37.11289 ], [ -113.76576, 37.11264 ], [ -113.76567, 37.11238 ], [ -113.76554, 37.11189 ], [ -113.76544, 37.11167 ], [ -113.7653, 37.11146 ], [ -113.76488, 37.11083 ], [ -113.76454, 37.11024 ], [ -113.76401, 37.10926 ], [ -113.76392, 37.10907 ], [ -113.76385, 37.10887 ], [ -113.76381, 37.10867 ], [ -113.76377, 37.10771 ], [ -113.76374, 37.10749 ], [ -113.76368, 37.10726 ], [ -113.76358, 37.10705 ], [ -113.7635, 37.10681 ], [ -113.76348, 37.10658 ], [ -113.76348, 37.10637 ], [ -113.76355, 37.10619 ], [ -113.76363, 37.1061 ], [ -113.76376, 37.10605 ], [ -113.76397, 37.10609 ], [ -113.76419, 37.10617 ], [ -113.76443, 37.10621 ], [ -113.76495, 37.10618 ], [ -113.76521, 37.10619 ], [ -113.76544, 37.10619 ], [ -113.76565, 37.10616 ], [ -113.76584, 37.10606 ], [ -113.76597, 37.10591 ], [ -113.76603, 37.10573 ], [ -113.766, 37.10556 ], [ -113.76588, 37.1054 ], [ -113.76572, 37.10523 ], [ -113.76564, 37.10503 ], [ -113.76562, 37.10483 ], [ -113.76556, 37.10464 ], [ -113.76541, 37.1045 ], [ -113.76523, 37.10438 ], [ -113.76507, 37.10425 ], [ -113.76501, 37.10409 ], [ -113.76506, 37.10394 ], [ -113.76516, 37.10382 ], [ -113.76526, 37.10366 ], [ -113.76544, 37.10331 ], [ -113.76555, 37.10315 ], [ -113.76563, 37.10298 ], [ -113.76565, 37.1028 ], [ -113.76554, 37.10241 ], [ -113.76551, 37.10222 ], [ -113.76556, 37.10204 ], [ -113.76567, 37.10191 ], [ -113.76582, 37.10184 ], [ -113.76601, 37.1018 ], [ -113.76669, 37.10171 ], [ -113.76716, 37.10165 ], [ -113.76764, 37.10164 ], [ -113.76813, 37.10167 ], [ -113.76863, 37.10163 ], [ -113.76887, 37.10164 ], [ -113.76909, 37.10167 ], [ -113.7693, 37.10162 ], [ -113.76937, 37.1016 ], [ -113.76941, 37.10154 ], [ -113.76941, 37.10146 ], [ -113.76938, 37.10134 ], [ -113.76927, 37.10116 ], [ -113.76897, 37.10081 ], [ -113.76863, 37.10044 ], [ -113.76845, 37.10023 ], [ -113.76829, 37.1 ], [ -113.76817, 37.09977 ], [ -113.76807, 37.09952 ], [ -113.768, 37.09926 ], [ -113.76796, 37.099 ], [ -113.76797, 37.0985 ], [ -113.76796, 37.09825 ], [ -113.76791, 37.098 ], [ -113.76765, 37.09703 ], [ -113.76743, 37.09617 ], [ -113.76713, 37.09504 ], [ -113.76676, 37.09358 ], [ -113.76656, 37.09284 ], [ -113.76628, 37.09169 ], [ -113.76594, 37.09035 ], [ -113.76555, 37.08876 ], [ -113.76556, 37.08857 ], [ -113.76564, 37.08839 ], [ -113.76579, 37.08824 ], [ -113.76589, 37.08818 ], [ -113.76605, 37.08789 ], [ -113.76609, 37.0878 ], [ -113.76612, 37.08768 ], [ -113.76609, 37.08746 ], [ -113.76607, 37.08738 ], [ -113.76604, 37.08719 ], [ -113.766, 37.08681 ], [ -113.7659, 37.0867 ], [ -113.76573, 37.08664 ], [ -113.76557, 37.08661 ], [ -113.76548, 37.08658 ], [ -113.7654, 37.08653 ], [ -113.7652, 37.08631 ], [ -113.76503, 37.0862 ], [ -113.76455, 37.08589 ], [ -113.76424, 37.08574 ], [ -113.76389, 37.0856 ], [ -113.76371, 37.08554 ], [ -113.76351, 37.08549 ], [ -113.76309, 37.08543 ], [ -113.76267, 37.08538 ], [ -113.76249, 37.08538 ], [ -113.7623, 37.0854 ], [ -113.76214, 37.08538 ], [ -113.76203, 37.08521 ], [ -113.76195, 37.08513 ], [ -113.7619, 37.08506 ], [ -113.76182, 37.08491 ], [ -113.7618, 37.08483 ], [ -113.76179, 37.08452 ], [ -113.76179, 37.08438 ], [ -113.76179, 37.0842 ], [ -113.76176, 37.08405 ], [ -113.76172, 37.0839 ], [ -113.76163, 37.08376 ], [ -113.76156, 37.08361 ], [ -113.76148, 37.08353 ], [ -113.76138, 37.08338 ], [ -113.76136, 37.08329 ], [ -113.76137, 37.08321 ], [ -113.76141, 37.08315 ], [ -113.76148, 37.08309 ], [ -113.76156, 37.08304 ], [ -113.76164, 37.08297 ], [ -113.76173, 37.08287 ], [ -113.76173, 37.08275 ], [ -113.7617, 37.08269 ], [ -113.76167, 37.08252 ], [ -113.76169, 37.08243 ], [ -113.76177, 37.08235 ], [ -113.76183, 37.08229 ], [ -113.76191, 37.08224 ], [ -113.76226, 37.08214 ], [ -113.76273, 37.08189 ], [ -113.76338, 37.08164 ], [ -113.76349, 37.08158 ], [ -113.76375, 37.08141 ], [ -113.76386, 37.08131 ], [ -113.76396, 37.08126 ], [ -113.76416, 37.08111 ], [ -113.7643, 37.08103 ], [ -113.75523, 37.08103 ], [ -113.75506, 37.08091 ], [ -113.75493, 37.08092 ], [ -113.75478, 37.08077 ], [ -113.75468, 37.08074 ], [ -113.75458, 37.08069 ], [ -113.75444, 37.08066 ], [ -113.75429, 37.08065 ], [ -113.7541, 37.08071 ], [ -113.75357, 37.0809 ], [ -113.75337, 37.08096 ], [ -113.75319, 37.08098 ], [ -113.75302, 37.08097 ], [ -113.75258, 37.08101 ], [ -113.75238, 37.08101 ], [ -113.75226, 37.08095 ], [ -113.75208, 37.08081 ], [ -113.752, 37.08076 ], [ -113.7519, 37.08072 ], [ -113.75171, 37.08066 ], [ -113.75143, 37.08067 ], [ -113.75129, 37.08061 ], [ -113.75117, 37.08052 ], [ -113.75094, 37.08028 ], [ -113.75079, 37.08017 ], [ -113.75065, 37.08011 ], [ -113.75052, 37.08002 ], [ -113.75045, 37.07994 ], [ -113.75037, 37.07983 ], [ -113.75033, 37.07972 ], [ -113.75033, 37.07959 ], [ -113.75035, 37.07945 ], [ -113.75039, 37.07934 ], [ -113.75041, 37.07924 ], [ -113.75041, 37.07918 ], [ -113.75036, 37.07904 ], [ -113.75035, 37.07896 ], [ -113.75034, 37.07886 ], [ -113.75035, 37.07876 ], [ -113.75031, 37.07864 ], [ -113.75028, 37.07843 ], [ -113.75025, 37.07833 ], [ -113.75019, 37.07823 ], [ -113.75002, 37.07818 ], [ -113.74985, 37.07811 ], [ -113.74971, 37.07802 ], [ -113.74959, 37.07792 ], [ -113.74954, 37.07786 ], [ -113.7495, 37.07779 ], [ -113.7495, 37.07753 ], [ -113.74946, 37.07741 ], [ -113.74928, 37.07715 ], [ -113.74915, 37.07704 ], [ -113.74882, 37.07683 ], [ -113.74873, 37.0767 ], [ -113.74862, 37.07623 ], [ -113.74859, 37.07609 ], [ -113.74853, 37.07596 ], [ -113.7484, 37.07587 ], [ -113.7482, 37.07581 ], [ -113.74798, 37.07576 ], [ -113.74741, 37.07555 ], [ -113.74725, 37.07551 ], [ -113.74683, 37.07545 ], [ -113.74588, 37.07536 ], [ -113.74527, 37.07528 ], [ -113.74513, 37.07545 ], [ -113.74508, 37.07572 ], [ -113.74512, 37.07609 ], [ -113.74504, 37.07632 ], [ -113.74484, 37.0765 ], [ -113.74434, 37.07687 ], [ -113.74346, 37.07729 ], [ -113.7429, 37.07748 ], [ -113.74227, 37.07779 ], [ -113.74157, 37.07821 ], [ -113.7414, 37.07839 ], [ -113.74126, 37.07868 ], [ -113.74117, 37.07877 ], [ -113.74107, 37.07882 ], [ -113.74094, 37.07882 ], [ -113.74087, 37.07884 ], [ -113.7408, 37.07902 ], [ -113.74074, 37.07928 ], [ -113.74081, 37.07981 ], [ -113.74094, 37.08013 ], [ -113.74101, 37.08051 ], [ -113.74112, 37.08063 ], [ -113.74128, 37.08068 ], [ -113.7413, 37.08076 ], [ -113.7412, 37.08083 ], [ -113.74095, 37.08088 ], [ -113.74074, 37.08103 ], [ -113.73401, 37.08103 ], [ -113.71591, 37.08103 ], [ -113.71591, 37.08596 ], [ -113.71521, 37.08508 ], [ -113.71456, 37.08448 ], [ -113.71276, 37.08357 ], [ -113.71239, 37.08323 ], [ -113.71239, 37.08307 ], [ -113.71207, 37.08261 ], [ -113.71059, 37.08204 ], [ -113.70999, 37.0816 ], [ -113.70963, 37.08104 ], [ -113.70587, 37.08104 ], [ -113.69783, 37.08103 ], [ -113.69463, 37.08104 ], [ -113.67683, 37.08099 ], [ -113.67682, 37.08476 ], [ -113.67231, 37.08472 ], [ -113.67012, 37.08471 ], [ -113.65878, 37.08462 ], [ -113.65878, 37.08096 ], [ -113.64079, 37.08091 ], [ -113.64079, 37.08274 ], [ -113.64078, 37.08822 ], [ -113.63621, 37.0882 ], [ -113.63163, 37.08818 ], [ -113.63162, 37.08818 ], [ -113.63154, 37.08808 ], [ -113.63146, 37.08798 ], [ -113.63137, 37.08788 ], [ -113.63128, 37.08779 ], [ -113.63119, 37.08769 ], [ -113.6311, 37.0876 ], [ -113.631, 37.08751 ], [ -113.63085, 37.08737 ], [ -113.63079, 37.08732 ], [ -113.63074, 37.08727 ], [ -113.6307, 37.08722 ], [ -113.63065, 37.08716 ], [ -113.63061, 37.0871 ], [ -113.63057, 37.08705 ], [ -113.63054, 37.08699 ], [ -113.63051, 37.08693 ], [ -113.63048, 37.08687 ], [ -113.63045, 37.08681 ], [ -113.63042, 37.08674 ], [ -113.6304, 37.08668 ], [ -113.63038, 37.08662 ], [ -113.63037, 37.08655 ], [ -113.63035, 37.08643 ], [ -113.63032, 37.08631 ], [ -113.63028, 37.0862 ], [ -113.63026, 37.08614 ], [ -113.6302, 37.08603 ], [ -113.63017, 37.08597 ], [ -113.63011, 37.08586 ], [ -113.63003, 37.08576 ], [ -113.62995, 37.08566 ], [ -113.62984, 37.08554 ], [ -113.62977, 37.08546 ], [ -113.62972, 37.08538 ], [ -113.62967, 37.08529 ], [ -113.62962, 37.08521 ], [ -113.62958, 37.08512 ], [ -113.62955, 37.08503 ], [ -113.62951, 37.08491 ], [ -113.62929, 37.08495 ], [ -113.62933, 37.08508 ], [ -113.62937, 37.08518 ], [ -113.62939, 37.08523 ], [ -113.62943, 37.08532 ], [ -113.62949, 37.08542 ], [ -113.62955, 37.08551 ], [ -113.62962, 37.0856 ], [ -113.62969, 37.08568 ], [ -113.62977, 37.08577 ], [ -113.62981, 37.08581 ], [ -113.62988, 37.0859 ], [ -113.62994, 37.086 ], [ -113.63, 37.0861 ], [ -113.63002, 37.08615 ], [ -113.63006, 37.08625 ], [ -113.6301, 37.08635 ], [ -113.63012, 37.08646 ], [ -113.63015, 37.08658 ], [ -113.63016, 37.08665 ], [ -113.63018, 37.08672 ], [ -113.63021, 37.08679 ], [ -113.63023, 37.08686 ], [ -113.63026, 37.08693 ], [ -113.6303, 37.087 ], [ -113.63033, 37.08706 ], [ -113.63037, 37.08713 ], [ -113.63042, 37.08719 ], [ -113.63046, 37.08726 ], [ -113.63051, 37.08732 ], [ -113.63056, 37.08738 ], [ -113.63062, 37.08743 ], [ -113.63067, 37.08749 ], [ -113.63084, 37.08764 ], [ -113.63095, 37.08774 ], [ -113.63106, 37.08785 ], [ -113.63116, 37.08796 ], [ -113.63123, 37.08804 ], [ -113.63135, 37.08818 ], [ -113.63146, 37.08832 ], [ -113.63156, 37.08847 ], [ -113.63165, 37.08861 ], [ -113.63172, 37.08872 ], [ -113.63179, 37.08884 ], [ -113.63185, 37.08895 ], [ -113.63191, 37.08908 ], [ -113.63197, 37.0892 ], [ -113.63202, 37.08932 ], [ -113.63207, 37.08945 ], [ -113.63211, 37.08958 ], [ -113.63215, 37.08971 ], [ -113.63218, 37.08983 ], [ -113.63221, 37.08996 ], [ -113.63221, 37.08999 ], [ -113.63221, 37.09003 ], [ -113.6322, 37.09007 ], [ -113.63219, 37.09009 ], [ -113.63218, 37.09011 ], [ -113.63214, 37.09014 ], [ -113.63211, 37.09017 ], [ -113.63208, 37.09018 ], [ -113.63204, 37.0902 ], [ -113.63201, 37.0902 ], [ -113.63186, 37.09022 ], [ -113.63178, 37.09023 ], [ -113.63164, 37.09026 ], [ -113.63152, 37.09029 ], [ -113.63141, 37.09032 ], [ -113.63129, 37.09036 ], [ -113.63125, 37.09037 ], [ -113.63109, 37.09036 ], [ -113.63088, 37.09038 ], [ -113.63068, 37.09049 ], [ -113.63026, 37.09074 ], [ -113.6301, 37.09086 ], [ -113.63006, 37.0909 ], [ -113.63, 37.09096 ], [ -113.62989, 37.0911 ], [ -113.62977, 37.0913 ], [ -113.62971, 37.09146 ], [ -113.62967, 37.09171 ], [ -113.62966, 37.09196 ], [ -113.62972, 37.09221 ], [ -113.6298, 37.09239 ], [ -113.62977, 37.0925 ], [ -113.6297, 37.09282 ], [ -113.62968, 37.09288 ], [ -113.62966, 37.09294 ], [ -113.62964, 37.09299 ], [ -113.62961, 37.09305 ], [ -113.62959, 37.09311 ], [ -113.62956, 37.09316 ], [ -113.62952, 37.09322 ], [ -113.62949, 37.09327 ], [ -113.62945, 37.09332 ], [ -113.62941, 37.09338 ], [ -113.62936, 37.09343 ], [ -113.62932, 37.09348 ], [ -113.62927, 37.09352 ], [ -113.62922, 37.09357 ], [ -113.62917, 37.09361 ], [ -113.62915, 37.09362 ], [ -113.62913, 37.09363 ], [ -113.62911, 37.09364 ], [ -113.62909, 37.09364 ], [ -113.62907, 37.09364 ], [ -113.62905, 37.09363 ], [ -113.62903, 37.09362 ], [ -113.62901, 37.09361 ], [ -113.62892, 37.09351 ], [ -113.62883, 37.09341 ], [ -113.62875, 37.09331 ], [ -113.62866, 37.09321 ], [ -113.62859, 37.09311 ], [ -113.62851, 37.093 ], [ -113.62844, 37.09289 ], [ -113.62838, 37.09278 ], [ -113.62832, 37.09267 ], [ -113.62826, 37.09256 ], [ -113.62821, 37.09244 ], [ -113.62816, 37.09233 ], [ -113.62811, 37.09221 ], [ -113.62807, 37.0921 ], [ -113.62804, 37.09198 ], [ -113.62802, 37.09189 ], [ -113.62796, 37.09189 ], [ -113.62798, 37.09198 ], [ -113.62789, 37.09199 ], [ -113.62787, 37.09189 ], [ -113.62716, 37.09189 ], [ -113.62716, 37.09198 ], [ -113.62704, 37.09198 ], [ -113.62703, 37.09199 ], [ -113.62703, 37.092 ], [ -113.62703, 37.09218 ], [ -113.62707, 37.09218 ], [ -113.62712, 37.09219 ], [ -113.62716, 37.09219 ], [ -113.62719, 37.0922 ], [ -113.62722, 37.09221 ], [ -113.62726, 37.09223 ], [ -113.62731, 37.09226 ], [ -113.62735, 37.09229 ], [ -113.62739, 37.09232 ], [ -113.62742, 37.09236 ], [ -113.62744, 37.09239 ], [ -113.62746, 37.09244 ], [ -113.62748, 37.09248 ], [ -113.62768, 37.09333 ], [ -113.62782, 37.09373 ], [ -113.62782, 37.09374 ], [ -113.62784, 37.09375 ], [ -113.62785, 37.09376 ], [ -113.62787, 37.09376 ], [ -113.62789, 37.09376 ], [ -113.62792, 37.09386 ], [ -113.62787, 37.09388 ], [ -113.62782, 37.09389 ], [ -113.62785, 37.09399 ], [ -113.62787, 37.09404 ], [ -113.62784, 37.09525 ], [ -113.62785, 37.09531 ], [ -113.62787, 37.09536 ], [ -113.6279, 37.09539 ], [ -113.62793, 37.0954 ], [ -113.6281, 37.09547 ], [ -113.62819, 37.0955 ], [ -113.62798, 37.09589 ], [ -113.62793, 37.09598 ], [ -113.62793, 37.09625 ], [ -113.62795, 37.09699 ], [ -113.62796, 37.09748 ], [ -113.62785, 37.09748 ], [ -113.62751, 37.09749 ], [ -113.62751, 37.09776 ], [ -113.62752, 37.09804 ], [ -113.62752, 37.09805 ], [ -113.62752, 37.09818 ], [ -113.6275, 37.09829 ], [ -113.6275, 37.09831 ], [ -113.62745, 37.09852 ], [ -113.62744, 37.09859 ], [ -113.62741, 37.09874 ], [ -113.62738, 37.09886 ], [ -113.62736, 37.09897 ], [ -113.62733, 37.09914 ], [ -113.62732, 37.09919 ], [ -113.62698, 37.09907 ], [ -113.6269, 37.0993 ], [ -113.62693, 37.09931 ], [ -113.62695, 37.09932 ], [ -113.62697, 37.09933 ], [ -113.62699, 37.09935 ], [ -113.627, 37.09937 ], [ -113.62702, 37.09939 ], [ -113.62702, 37.09941 ], [ -113.62703, 37.09943 ], [ -113.62702, 37.09945 ], [ -113.62702, 37.09947 ], [ -113.62701, 37.09949 ], [ -113.627, 37.0995 ], [ -113.62699, 37.09952 ], [ -113.62697, 37.09953 ], [ -113.62695, 37.09954 ], [ -113.62693, 37.09955 ], [ -113.62691, 37.09956 ], [ -113.62689, 37.09957 ], [ -113.62687, 37.09957 ], [ -113.62685, 37.09957 ], [ -113.62682, 37.09957 ], [ -113.6268, 37.09956 ], [ -113.62678, 37.09956 ], [ -113.62676, 37.09955 ], [ -113.62674, 37.09953 ], [ -113.62672, 37.09952 ], [ -113.6267, 37.0995 ], [ -113.62668, 37.09946 ], [ -113.62667, 37.09945 ], [ -113.62666, 37.09944 ], [ -113.62664, 37.09943 ], [ -113.62649, 37.09938 ], [ -113.62646, 37.09937 ], [ -113.62643, 37.09938 ], [ -113.62641, 37.09939 ], [ -113.6264, 37.09941 ], [ -113.62626, 37.09966 ], [ -113.62613, 37.09989 ], [ -113.62598, 37.10018 ], [ -113.62596, 37.10021 ], [ -113.62595, 37.10025 ], [ -113.62594, 37.10029 ], [ -113.62594, 37.10033 ], [ -113.62594, 37.10036 ], [ -113.62595, 37.10039 ], [ -113.62596, 37.10041 ], [ -113.62598, 37.10046 ], [ -113.62593, 37.10047 ], [ -113.62588, 37.10039 ], [ -113.62587, 37.10032 ], [ -113.62587, 37.10027 ], [ -113.62589, 37.10018 ], [ -113.62596, 37.10005 ], [ -113.62555, 37.0999 ], [ -113.62552, 37.09997 ], [ -113.6254, 37.09992 ], [ -113.62535, 37.0999 ], [ -113.6253, 37.09988 ], [ -113.62526, 37.09986 ], [ -113.6252, 37.09982 ], [ -113.62514, 37.09978 ], [ -113.62509, 37.09974 ], [ -113.62504, 37.0997 ], [ -113.62501, 37.09967 ], [ -113.62492, 37.09957 ], [ -113.62486, 37.0995 ], [ -113.62475, 37.09941 ], [ -113.62464, 37.09932 ], [ -113.62454, 37.09924 ], [ -113.62451, 37.09923 ], [ -113.62447, 37.09922 ], [ -113.62445, 37.09921 ], [ -113.62443, 37.09919 ], [ -113.62441, 37.09918 ], [ -113.62377, 37.09959 ], [ -113.62407, 37.09979 ], [ -113.62433, 37.09996 ], [ -113.62457, 37.10011 ], [ -113.62477, 37.10024 ], [ -113.62484, 37.10033 ], [ -113.62492, 37.10042 ], [ -113.625, 37.10052 ], [ -113.62492, 37.10051 ], [ -113.62475, 37.10048 ], [ -113.62467, 37.10047 ], [ -113.62463, 37.10047 ], [ -113.62452, 37.10046 ], [ -113.62444, 37.10047 ], [ -113.62437, 37.10047 ], [ -113.6243, 37.10048 ], [ -113.6241, 37.10052 ], [ -113.62402, 37.10053 ], [ -113.62394, 37.10054 ], [ -113.62386, 37.10054 ], [ -113.62378, 37.10054 ], [ -113.62329, 37.10052 ], [ -113.62313, 37.1005 ], [ -113.62299, 37.10048 ], [ -113.62294, 37.10048 ], [ -113.62288, 37.10048 ], [ -113.62283, 37.10048 ], [ -113.62277, 37.10048 ], [ -113.62271, 37.10049 ], [ -113.62266, 37.1005 ], [ -113.6226, 37.10052 ], [ -113.62255, 37.10054 ], [ -113.6225, 37.10056 ], [ -113.62238, 37.10054 ], [ -113.62239, 37.10055 ], [ -113.62248, 37.10069 ], [ -113.62233, 37.10075 ], [ -113.62213, 37.10044 ], [ -113.62198, 37.10027 ], [ -113.62183, 37.1001 ], [ -113.62167, 37.09996 ], [ -113.6216, 37.10002 ], [ -113.6215, 37.09994 ], [ -113.62143, 37.09989 ], [ -113.62136, 37.09984 ], [ -113.62122, 37.09975 ], [ -113.62113, 37.09968 ], [ -113.62105, 37.09962 ], [ -113.62097, 37.09958 ], [ -113.6209, 37.09953 ], [ -113.62082, 37.09949 ], [ -113.62072, 37.09945 ], [ -113.62054, 37.09938 ], [ -113.62048, 37.09934 ], [ -113.62042, 37.09931 ], [ -113.62037, 37.09928 ], [ -113.62032, 37.09924 ], [ -113.62025, 37.09918 ], [ -113.61992, 37.09941 ], [ -113.62012, 37.09959 ], [ -113.62027, 37.09973 ], [ -113.6203, 37.09976 ], [ -113.62033, 37.09977 ], [ -113.62036, 37.09978 ], [ -113.62041, 37.0998 ], [ -113.62045, 37.09982 ], [ -113.62048, 37.09985 ], [ -113.62051, 37.09988 ], [ -113.62052, 37.09989 ], [ -113.62054, 37.09993 ], [ -113.62054, 37.09997 ], [ -113.62054, 37.1 ], [ -113.62053, 37.10004 ], [ -113.6205, 37.10007 ], [ -113.62049, 37.10009 ], [ -113.62045, 37.10012 ], [ -113.62041, 37.10014 ], [ -113.62037, 37.10016 ], [ -113.62035, 37.10017 ], [ -113.62032, 37.10019 ], [ -113.62029, 37.10021 ], [ -113.62014, 37.10038 ], [ -113.61997, 37.10057 ], [ -113.6198, 37.10075 ], [ -113.61962, 37.10094 ], [ -113.61953, 37.10089 ], [ -113.61977, 37.10065 ], [ -113.61852, 37.09959 ], [ -113.61863, 37.09948 ], [ -113.61864, 37.0995 ], [ -113.61865, 37.09952 ], [ -113.61866, 37.09953 ], [ -113.61874, 37.09959 ], [ -113.6188, 37.09963 ], [ -113.61885, 37.09968 ], [ -113.61899, 37.09981 ], [ -113.61918, 37.09998 ], [ -113.61937, 37.10016 ], [ -113.61956, 37.10033 ], [ -113.61965, 37.10042 ], [ -113.61969, 37.10044 ], [ -113.61975, 37.10049 ], [ -113.61977, 37.1005 ], [ -113.6198, 37.1005 ], [ -113.61982, 37.10049 ], [ -113.61984, 37.10048 ], [ -113.62006, 37.10023 ], [ -113.62027, 37.10001 ], [ -113.62028, 37.09999 ], [ -113.62028, 37.09998 ], [ -113.62028, 37.09996 ], [ -113.62027, 37.09995 ], [ -113.62014, 37.09982 ], [ -113.61995, 37.09965 ], [ -113.61976, 37.09947 ], [ -113.61958, 37.0993 ], [ -113.61924, 37.09953 ], [ -113.61911, 37.09941 ], [ -113.61906, 37.09938 ], [ -113.61885, 37.09925 ], [ -113.61911, 37.09898 ], [ -113.61916, 37.09892 ], [ -113.61906, 37.09883 ], [ -113.61888, 37.09901 ], [ -113.6188, 37.09895 ], [ -113.61873, 37.09902 ], [ -113.61873, 37.09902 ], [ -113.61872, 37.09903 ], [ -113.61857, 37.09918 ], [ -113.61856, 37.0992 ], [ -113.61744, 37.09843 ], [ -113.61736, 37.0985 ], [ -113.61725, 37.09842 ], [ -113.61716, 37.09836 ], [ -113.61715, 37.09835 ], [ -113.61714, 37.09835 ], [ -113.61713, 37.09835 ], [ -113.61713, 37.09836 ], [ -113.61702, 37.09846 ], [ -113.61724, 37.09861 ], [ -113.61712, 37.09872 ], [ -113.61701, 37.09882 ], [ -113.6169, 37.09892 ], [ -113.61679, 37.09903 ], [ -113.61665, 37.09915 ], [ -113.61662, 37.09919 ], [ -113.61644, 37.09935 ], [ -113.61642, 37.09937 ], [ -113.6164, 37.09939 ], [ -113.61643, 37.0994 ], [ -113.61648, 37.09944 ], [ -113.61665, 37.09961 ], [ -113.61671, 37.09966 ], [ -113.61678, 37.09971 ], [ -113.61686, 37.09976 ], [ -113.6169, 37.09979 ], [ -113.61706, 37.09987 ], [ -113.61711, 37.0999 ], [ -113.61717, 37.09994 ], [ -113.61724, 37.09999 ], [ -113.61726, 37.09999 ], [ -113.61729, 37.1 ], [ -113.61732, 37.1 ], [ -113.61735, 37.09999 ], [ -113.61737, 37.09999 ], [ -113.61739, 37.09999 ], [ -113.61741, 37.1 ], [ -113.61742, 37.1 ], [ -113.61744, 37.10001 ], [ -113.61745, 37.10002 ], [ -113.61746, 37.10004 ], [ -113.61749, 37.10008 ], [ -113.6175, 37.10009 ], [ -113.61751, 37.1001 ], [ -113.61752, 37.10011 ], [ -113.61761, 37.10015 ], [ -113.61763, 37.10015 ], [ -113.61764, 37.10015 ], [ -113.61756, 37.10024 ], [ -113.61755, 37.10023 ], [ -113.61755, 37.10022 ], [ -113.61754, 37.10021 ], [ -113.61753, 37.1002 ], [ -113.61748, 37.10018 ], [ -113.61745, 37.10017 ], [ -113.61743, 37.10017 ], [ -113.61741, 37.10017 ], [ -113.61737, 37.10018 ], [ -113.61734, 37.10018 ], [ -113.61732, 37.10018 ], [ -113.6173, 37.10017 ], [ -113.61728, 37.10016 ], [ -113.61727, 37.10015 ], [ -113.61725, 37.10013 ], [ -113.61724, 37.1001 ], [ -113.61723, 37.10009 ], [ -113.61722, 37.10008 ], [ -113.6172, 37.10006 ], [ -113.61713, 37.10002 ], [ -113.61706, 37.09998 ], [ -113.61699, 37.09993 ], [ -113.61685, 37.09986 ], [ -113.61679, 37.09982 ], [ -113.61673, 37.09978 ], [ -113.61667, 37.09974 ], [ -113.6166, 37.09968 ], [ -113.6164, 37.09949 ], [ -113.61636, 37.09947 ], [ -113.61631, 37.09945 ], [ -113.61629, 37.09944 ], [ -113.61624, 37.09943 ], [ -113.61623, 37.09943 ], [ -113.61621, 37.09943 ], [ -113.6162, 37.09944 ], [ -113.61619, 37.09945 ], [ -113.61617, 37.09949 ], [ -113.61614, 37.09953 ], [ -113.61611, 37.09957 ], [ -113.61608, 37.0996 ], [ -113.61607, 37.09961 ], [ -113.61607, 37.09963 ], [ -113.61608, 37.09967 ], [ -113.61608, 37.0997 ], [ -113.61607, 37.09973 ], [ -113.61606, 37.09976 ], [ -113.61603, 37.09979 ], [ -113.61601, 37.0998 ], [ -113.61598, 37.09982 ], [ -113.61595, 37.09982 ], [ -113.61592, 37.09983 ], [ -113.61588, 37.09983 ], [ -113.61585, 37.09982 ], [ -113.61582, 37.09981 ], [ -113.6158, 37.0998 ], [ -113.61579, 37.09979 ], [ -113.61577, 37.09977 ], [ -113.61576, 37.09976 ], [ -113.61575, 37.09974 ], [ -113.61574, 37.09972 ], [ -113.61574, 37.0997 ], [ -113.61574, 37.09969 ], [ -113.61574, 37.09967 ], [ -113.61574, 37.09965 ], [ -113.61575, 37.09963 ], [ -113.61576, 37.09962 ], [ -113.61578, 37.0996 ], [ -113.61579, 37.09959 ], [ -113.61581, 37.09958 ], [ -113.61583, 37.09957 ], [ -113.61526, 37.09961 ], [ -113.6149, 37.09998 ], [ -113.61487, 37.10003 ], [ -113.61484, 37.10017 ], [ -113.61499, 37.10027 ], [ -113.61515, 37.10033 ], [ -113.61549, 37.10055 ], [ -113.61541, 37.1006 ], [ -113.6152, 37.10074 ], [ -113.61514, 37.10069 ], [ -113.61505, 37.10078 ], [ -113.61433, 37.10014 ], [ -113.61429, 37.10023 ], [ -113.61415, 37.10015 ], [ -113.61385, 37.09983 ], [ -113.61375, 37.09989 ], [ -113.61374, 37.09989 ], [ -113.61373, 37.09986 ], [ -113.61365, 37.09964 ], [ -113.61355, 37.09946 ], [ -113.61358, 37.09945 ], [ -113.61359, 37.09943 ], [ -113.6136, 37.09941 ], [ -113.61361, 37.0994 ], [ -113.61361, 37.09939 ], [ -113.6136, 37.09938 ], [ -113.6136, 37.09936 ], [ -113.61359, 37.09935 ], [ -113.61358, 37.09934 ], [ -113.61356, 37.09934 ], [ -113.61355, 37.09933 ], [ -113.61353, 37.09933 ], [ -113.61352, 37.09933 ], [ -113.6135, 37.09933 ], [ -113.61349, 37.09933 ], [ -113.61347, 37.09934 ], [ -113.61346, 37.09935 ], [ -113.61344, 37.09937 ], [ -113.61342, 37.09938 ], [ -113.61326, 37.09938 ], [ -113.61323, 37.09938 ], [ -113.6132, 37.09938 ], [ -113.61317, 37.09939 ], [ -113.61315, 37.09941 ], [ -113.61312, 37.09942 ], [ -113.61311, 37.09944 ], [ -113.61309, 37.09946 ], [ -113.61308, 37.09948 ], [ -113.61273, 37.10048 ], [ -113.61272, 37.10052 ], [ -113.61271, 37.10056 ], [ -113.61271, 37.10061 ], [ -113.61271, 37.10065 ], [ -113.61272, 37.10075 ], [ -113.61272, 37.10078 ], [ -113.61272, 37.10082 ], [ -113.6127, 37.10085 ], [ -113.61268, 37.10088 ], [ -113.61266, 37.1009 ], [ -113.61264, 37.10092 ], [ -113.61262, 37.10093 ], [ -113.61259, 37.10093 ], [ -113.61257, 37.10092 ], [ -113.61236, 37.10081 ], [ -113.61244, 37.10072 ], [ -113.61234, 37.10069 ], [ -113.6123, 37.10067 ], [ -113.61231, 37.10065 ], [ -113.61242, 37.10037 ], [ -113.61245, 37.10031 ], [ -113.61254, 37.10005 ], [ -113.61267, 37.09967 ], [ -113.61275, 37.09946 ], [ -113.61245, 37.09939 ], [ -113.6124, 37.09953 ], [ -113.61239, 37.09956 ], [ -113.6124, 37.09961 ], [ -113.6124, 37.09962 ], [ -113.6124, 37.09963 ], [ -113.61239, 37.09966 ], [ -113.61237, 37.09968 ], [ -113.61235, 37.09971 ], [ -113.61233, 37.09972 ], [ -113.6123, 37.09974 ], [ -113.61226, 37.09975 ], [ -113.61223, 37.09975 ], [ -113.6122, 37.09975 ], [ -113.61217, 37.09974 ], [ -113.61215, 37.09973 ], [ -113.61212, 37.09972 ], [ -113.6121, 37.0997 ], [ -113.61208, 37.09969 ], [ -113.61206, 37.09968 ], [ -113.61204, 37.09968 ], [ -113.61196, 37.09966 ], [ -113.61171, 37.0996 ], [ -113.61145, 37.09954 ], [ -113.61119, 37.09948 ], [ -113.61094, 37.09942 ], [ -113.61068, 37.09936 ], [ -113.61054, 37.09932 ], [ -113.61042, 37.0993 ], [ -113.61019, 37.09925 ], [ -113.61016, 37.09924 ], [ -113.61013, 37.09924 ], [ -113.61012, 37.09925 ], [ -113.6101, 37.09925 ], [ -113.61009, 37.09926 ], [ -113.61009, 37.09927 ], [ -113.61008, 37.09927 ], [ -113.61008, 37.09928 ], [ -113.61007, 37.09928 ], [ -113.61002, 37.09946 ], [ -113.60992, 37.09976 ], [ -113.60989, 37.09988 ], [ -113.60982, 37.09987 ], [ -113.60967, 37.1004 ], [ -113.60965, 37.10053 ], [ -113.60963, 37.10066 ], [ -113.60964, 37.10078 ], [ -113.60966, 37.1009 ], [ -113.60974, 37.10119 ], [ -113.60982, 37.10145 ], [ -113.60972, 37.10148 ], [ -113.60968, 37.10139 ], [ -113.60964, 37.10131 ], [ -113.60961, 37.10123 ], [ -113.60959, 37.10116 ], [ -113.60957, 37.1011 ], [ -113.60954, 37.10097 ], [ -113.60952, 37.1009 ], [ -113.60952, 37.10084 ], [ -113.60951, 37.10075 ], [ -113.6095, 37.10066 ], [ -113.6095, 37.10057 ], [ -113.60951, 37.10048 ], [ -113.60952, 37.10039 ], [ -113.60954, 37.1003 ], [ -113.60956, 37.10021 ], [ -113.60958, 37.10012 ], [ -113.60964, 37.09995 ], [ -113.60522, 37.09997 ], [ -113.60521, 37.0994 ], [ -113.60521, 37.09904 ], [ -113.60976, 37.09906 ], [ -113.60974, 37.09756 ], [ -113.60974, 37.09753 ], [ -113.60972, 37.0956 ], [ -113.60972, 37.09545 ], [ -113.60968, 37.0954 ], [ -113.60957, 37.0954 ], [ -113.60871, 37.09539 ], [ -113.60787, 37.09539 ], [ -113.60751, 37.09539 ], [ -113.60517, 37.09537 ], [ -113.60517, 37.09574 ], [ -113.60369, 37.09574 ], [ -113.60344, 37.09574 ], [ -113.603, 37.09574 ], [ -113.60129, 37.09574 ], [ -113.59868, 37.09573 ], [ -113.59798, 37.09573 ], [ -113.59772, 37.09573 ], [ -113.59757, 37.09573 ], [ -113.59741, 37.09573 ], [ -113.59723, 37.09573 ], [ -113.59722, 37.09538 ], [ -113.59722, 37.09533 ], [ -113.59722, 37.09528 ], [ -113.59723, 37.09523 ], [ -113.59724, 37.09518 ], [ -113.59726, 37.09513 ], [ -113.59728, 37.09508 ], [ -113.5973, 37.09503 ], [ -113.59733, 37.09498 ], [ -113.59736, 37.09494 ], [ -113.59739, 37.09489 ], [ -113.59742, 37.09485 ], [ -113.59746, 37.09481 ], [ -113.5975, 37.09477 ], [ -113.59755, 37.09473 ], [ -113.5976, 37.0947 ], [ -113.59764, 37.09467 ], [ -113.5974, 37.09441 ], [ -113.59735, 37.09432 ], [ -113.5972, 37.09399 ], [ -113.59718, 37.09368 ], [ -113.59721, 37.09334 ], [ -113.59735, 37.0931 ], [ -113.59736, 37.09285 ], [ -113.59741, 37.09245 ], [ -113.59732, 37.09227 ], [ -113.59779, 37.09146 ], [ -113.59777, 37.0914 ], [ -113.59774, 37.09134 ], [ -113.59772, 37.09129 ], [ -113.59771, 37.09123 ], [ -113.59769, 37.09117 ], [ -113.59768, 37.09111 ], [ -113.59767, 37.09105 ], [ -113.59767, 37.09099 ], [ -113.59761, 37.091 ], [ -113.59571, 37.09164 ], [ -113.5957, 37.09104 ], [ -113.59569, 37.08986 ], [ -113.59507, 37.08929 ], [ -113.59466, 37.08866 ], [ -113.59454, 37.08799 ], [ -113.59431, 37.08768 ], [ -113.5942, 37.0874 ], [ -113.59421, 37.087 ], [ -113.59436, 37.08645 ], [ -113.59433, 37.08615 ], [ -113.59416, 37.08575 ], [ -113.59401, 37.08476 ], [ -113.59407, 37.08441 ], [ -113.59417, 37.0834 ], [ -113.59398, 37.08268 ], [ -113.59395, 37.08265 ], [ -113.5938, 37.08255 ], [ -113.59353, 37.08247 ], [ -113.59326, 37.08249 ], [ -113.59321, 37.08251 ], [ -113.59318, 37.08252 ], [ -113.59314, 37.08254 ], [ -113.59311, 37.08256 ], [ -113.59308, 37.08258 ], [ -113.59306, 37.08261 ], [ -113.59303, 37.08263 ], [ -113.59301, 37.08266 ], [ -113.59299, 37.08268 ], [ -113.59297, 37.08271 ], [ -113.5928, 37.08304 ], [ -113.59274, 37.08302 ], [ -113.59259, 37.08297 ], [ -113.59274, 37.08268 ], [ -113.59278, 37.08261 ], [ -113.5928, 37.08258 ], [ -113.59285, 37.08252 ], [ -113.59292, 37.08246 ], [ -113.59298, 37.08241 ], [ -113.59306, 37.08237 ], [ -113.59314, 37.08233 ], [ -113.59318, 37.08232 ], [ -113.59327, 37.08229 ], [ -113.59331, 37.08229 ], [ -113.59341, 37.08227 ], [ -113.5935, 37.08227 ], [ -113.59359, 37.08228 ], [ -113.59364, 37.08228 ], [ -113.59368, 37.08229 ], [ -113.59377, 37.08231 ], [ -113.59381, 37.08233 ], [ -113.59389, 37.08236 ], [ -113.59397, 37.0824 ], [ -113.594, 37.08221 ], [ -113.59348, 37.08153 ], [ -113.59347, 37.08062 ], [ -113.59312, 37.08024 ], [ -113.59255, 37.07996 ], [ -113.59206, 37.07996 ], [ -113.59159, 37.08005 ], [ -113.59159, 37.08062 ], [ -113.59184, 37.08131 ], [ -113.59188, 37.08187 ], [ -113.59184, 37.0821 ], [ -113.59188, 37.08286 ], [ -113.59178, 37.08345 ], [ -113.59178, 37.0838 ], [ -113.5916, 37.08429 ], [ -113.59188, 37.08519 ], [ -113.59178, 37.08551 ], [ -113.59183, 37.08623 ], [ -113.59172, 37.08644 ], [ -113.5916, 37.08664 ], [ -113.59148, 37.08685 ], [ -113.59136, 37.08705 ], [ -113.59131, 37.08714 ], [ -113.59127, 37.08723 ], [ -113.59123, 37.08732 ], [ -113.5912, 37.08742 ], [ -113.59117, 37.08751 ], [ -113.59114, 37.0876 ], [ -113.59112, 37.0877 ], [ -113.5911, 37.0878 ], [ -113.59113, 37.09027 ], [ -113.59115, 37.09142 ], [ -113.59115, 37.09152 ], [ -113.5913, 37.09152 ], [ -113.59137, 37.09161 ], [ -113.59144, 37.09169 ], [ -113.59153, 37.09177 ], [ -113.59165, 37.09187 ], [ -113.59172, 37.09193 ], [ -113.59177, 37.092 ], [ -113.5918, 37.09203 ], [ -113.59184, 37.0921 ], [ -113.59187, 37.09217 ], [ -113.5919, 37.09225 ], [ -113.59191, 37.09228 ], [ -113.59192, 37.09236 ], [ -113.59193, 37.09254 ], [ -113.59193, 37.09268 ], [ -113.59193, 37.09282 ], [ -113.59192, 37.09296 ], [ -113.59192, 37.09301 ], [ -113.59191, 37.0931 ], [ -113.59188, 37.09319 ], [ -113.59185, 37.09327 ], [ -113.59183, 37.09331 ], [ -113.59181, 37.09336 ], [ -113.59176, 37.09344 ], [ -113.5917, 37.09351 ], [ -113.59163, 37.09358 ], [ -113.59118, 37.09398 ], [ -113.59076, 37.09437 ], [ -113.59057, 37.09461 ], [ -113.58997, 37.09462 ], [ -113.5898, 37.09483 ], [ -113.58984, 37.09515 ], [ -113.58994, 37.09539 ], [ -113.59003, 37.09549 ], [ -113.59012, 37.0955 ], [ -113.5902, 37.0956 ], [ -113.59041, 37.0957 ], [ -113.59041, 37.09574 ], [ -113.59008, 37.09574 ], [ -113.59009, 37.0967 ], [ -113.5901, 37.09708 ], [ -113.59011, 37.09799 ], [ -113.58798, 37.09798 ], [ -113.58767, 37.098 ], [ -113.58777, 37.09816 ], [ -113.58766, 37.09819 ], [ -113.58783, 37.09864 ], [ -113.58797, 37.09895 ], [ -113.5881, 37.09919 ], [ -113.58829, 37.09955 ], [ -113.58814, 37.09961 ], [ -113.58805, 37.09964 ], [ -113.58796, 37.09969 ], [ -113.58788, 37.0997 ], [ -113.58776, 37.09973 ], [ -113.58761, 37.09973 ], [ -113.58668, 37.09973 ], [ -113.5855, 37.09972 ], [ -113.58337, 37.09971 ], [ -113.58269, 37.09969 ], [ -113.58125, 37.0997 ], [ -113.5804, 37.0997 ], [ -113.58041, 37.09957 ], [ -113.58037, 37.09957 ], [ -113.58038, 37.09859 ], [ -113.58034, 37.09859 ], [ -113.58034, 37.09869 ], [ -113.58034, 37.0988 ], [ -113.58033, 37.0989 ], [ -113.58033, 37.099 ], [ -113.58033, 37.0991 ], [ -113.58033, 37.09921 ], [ -113.58033, 37.09931 ], [ -113.58033, 37.09941 ], [ -113.58022, 37.09941 ], [ -113.58023, 37.09931 ], [ -113.58023, 37.09921 ], [ -113.58023, 37.0991 ], [ -113.58023, 37.099 ], [ -113.58023, 37.0989 ], [ -113.58023, 37.09879 ], [ -113.58023, 37.09869 ], [ -113.58023, 37.09859 ], [ -113.5802, 37.09859 ], [ -113.5802, 37.09845 ], [ -113.5802, 37.09812 ], [ -113.57979, 37.09812 ], [ -113.57978, 37.09852 ], [ -113.57979, 37.09875 ], [ -113.57986, 37.09875 ], [ -113.57994, 37.09875 ], [ -113.58, 37.09875 ], [ -113.58016, 37.09875 ], [ -113.5802, 37.09875 ], [ -113.58019, 37.09921 ], [ -113.58019, 37.09957 ], [ -113.57997, 37.09957 ], [ -113.57974, 37.09957 ], [ -113.57968, 37.09957 ], [ -113.57968, 37.0997 ], [ -113.57913, 37.0997 ], [ -113.57704, 37.0997 ], [ -113.57483, 37.09968 ], [ -113.57387, 37.09969 ], [ -113.57279, 37.0997 ], [ -113.57277, 37.098 ], [ -113.57065, 37.09794 ], [ -113.56853, 37.09799 ], [ -113.56644, 37.09797 ], [ -113.56643, 37.09627 ], [ -113.56591, 37.09628 ], [ -113.56654, 37.09579 ], [ -113.56704, 37.0954 ], [ -113.56949, 37.0939 ], [ -113.57125, 37.09287 ], [ -113.57196, 37.0924 ], [ -113.57259, 37.09201 ], [ -113.573, 37.09178 ], [ -113.57403, 37.09115 ], [ -113.57652, 37.08965 ], [ -113.57785, 37.08881 ], [ -113.57888, 37.08814 ], [ -113.57917, 37.08796 ], [ -113.5793, 37.08788 ], [ -113.57932, 37.08786 ], [ -113.57935, 37.08783 ], [ -113.57982, 37.08744 ], [ -113.58001, 37.08725 ], [ -113.58031, 37.08697 ], [ -113.58092, 37.08636 ], [ -113.5812, 37.086 ], [ -113.58168, 37.08546 ], [ -113.58192, 37.08515 ], [ -113.58266, 37.08412 ], [ -113.58293, 37.08378 ], [ -113.5831, 37.08358 ], [ -113.58372, 37.08244 ], [ -113.58406, 37.08163 ], [ -113.58426, 37.08112 ], [ -113.58442, 37.08067 ], [ -113.58461, 37.08004 ], [ -113.58472, 37.07967 ], [ -113.58477, 37.0795 ], [ -113.58492, 37.07878 ], [ -113.58496, 37.07827 ], [ -113.58503, 37.07669 ], [ -113.58502, 37.07642 ], [ -113.585, 37.07589 ], [ -113.58496, 37.07532 ], [ -113.58495, 37.07526 ], [ -113.58495, 37.07522 ], [ -113.58494, 37.07493 ], [ -113.58488, 37.07448 ], [ -113.58488, 37.07447 ], [ -113.58481, 37.07428 ], [ -113.58477, 37.07373 ], [ -113.58465, 37.0722 ], [ -113.58464, 37.07135 ], [ -113.58454, 37.07035 ], [ -113.58398, 37.06362 ], [ -113.5839, 37.06261 ], [ -113.58392, 37.0623 ], [ -113.58392, 37.06178 ], [ -113.58396, 37.06133 ], [ -113.58405, 37.06088 ], [ -113.58437, 37.05984 ], [ -113.58437, 37.05982 ], [ -113.58441, 37.05976 ], [ -113.5846, 37.0594 ], [ -113.58462, 37.05935 ], [ -113.58529, 37.05847 ], [ -113.58548, 37.05829 ], [ -113.585741028037503, 37.058019813083988 ], [ -113.58575, 37.05801 ], [ -113.58576499999981, 37.057995000000197 ], [ -113.58605, 37.0577 ], [ -113.58631, 37.0574 ], [ -113.5866, 37.05707 ], [ -113.58694, 37.05658 ], [ -113.58708, 37.05635 ], [ -113.58728, 37.05597 ], [ -113.58735, 37.05579 ], [ -113.58749, 37.05534 ], [ -113.58752, 37.05525 ], [ -113.58763, 37.0549 ], [ -113.58783, 37.05426 ], [ -113.58797, 37.05337 ], [ -113.58836, 37.05147 ], [ -113.58877, 37.04983 ], [ -113.58899, 37.04913 ], [ -113.5891, 37.04883 ], [ -113.58922, 37.04855 ], [ -113.58944, 37.04801 ], [ -113.58977, 37.04734 ], [ -113.59004, 37.04685 ], [ -113.59039, 37.0463 ], [ -113.59052, 37.04609 ], [ -113.59074, 37.04575 ], [ -113.59084, 37.04561 ], [ -113.59095, 37.04545 ], [ -113.59121, 37.04515 ], [ -113.59137, 37.04498 ], [ -113.5919, 37.04436 ], [ -113.59211, 37.04413 ], [ -113.59229, 37.04394 ], [ -113.59265, 37.04358 ], [ -113.59317, 37.04308 ], [ -113.59554, 37.04087 ], [ -113.59734, 37.03922 ], [ -113.59841, 37.03815 ], [ -113.59876, 37.03767 ], [ -113.6003, 37.03564 ], [ -113.60057, 37.03515 ], [ -113.60156, 37.03367 ], [ -113.60188, 37.03316 ], [ -113.60192, 37.0331 ], [ -113.60218, 37.03269 ], [ -113.60263, 37.03198 ], [ -113.60428, 37.0294 ], [ -113.60522, 37.02792 ], [ -113.60528, 37.02782 ], [ -113.60533, 37.02774 ], [ -113.60679, 37.02545 ], [ -113.60842, 37.02293 ], [ -113.60926, 37.02164 ], [ -113.61115, 37.01868 ], [ -113.61638, 37.01054 ], [ -113.61644, 37.01047 ], [ -113.61746, 37.00888 ], [ -113.61757, 37.0087 ], [ -113.61931, 37.00605 ], [ -113.61949, 37.00584 ], [ -113.62046, 37.00474 ], [ -113.62065, 37.00453 ], [ -113.62092, 37.00407 ], [ -113.62114, 37.00347 ], [ -113.62161, 37.00217 ], [ -113.62198, 37.00123 ], [ -113.62216, 37.00088 ], [ -113.62234, 37.00056 ], [ -113.62244, 37.00026 ], [ -113.62248, 37.00013 ], [ -113.62253, 37.00002 ], [ -113.62255, 36.99998 ], [ -113.62491, 36.99998 ], [ -113.62551, 36.99998 ], [ -113.6722, 37.00002 ], [ -113.76894, 37.00012 ], [ -113.7703, 37.00012 ], [ -113.77077, 37.00012 ], [ -113.77356, 37.00013 ], [ -113.78832, 37.00014 ], [ -113.83473, 37.00019 ], [ -113.87876, 37.00023 ] ], [ [ -113.58809, 37.08863 ], [ -113.58807, 37.08853 ], [ -113.58808, 37.08863 ], [ -113.58809, 37.08863 ] ], [ [ -113.589335, 37.0714725 ], [ -113.58935, 37.07148 ], [ -113.589335, 37.0714725 ], [ -113.589335, 37.0714725 ] ], [ [ -113.61323, 37.03406 ], [ -113.613176, 37.034024 ], [ -113.613176, 37.034024 ], [ -113.61323, 37.03406 ] ], [ [ -113.614105217391341, 37.0810447826087 ], [ -113.614105217391312, 37.081044782608693 ], [ -113.61394, 37.08102 ], [ -113.614105217391341, 37.0810447826087 ] ] ] } },
{ "type": "Feature", "properties": { "district_id": 1, "district_name": "District 2", "district_color": "#2563eb", "fill": "#2563eb", "stroke": "#2563eb", "fill_opacity": 0.45, "stroke_width": 2 }, "geometry": { "type": "Polygon", "coordinates": [ [ [ -113.64491, 37.09819 ], [ -113.64498, 37.09825 ], [ -113.64501, 37.09827 ], [ -113.64508, 37.09834 ], [ -113.64515, 37.09842 ], [ -113.64515, 37.09843 ], [ -113.64522, 37.09851 ], [ -113.64529, 37.09859 ], [ -113.64529, 37.0986 ], [ -113.64535, 37.09868 ], [ -113.6454, 37.09876 ], [ -113.64542, 37.09879 ], [ -113.64546, 37.09887 ], [ -113.6455, 37.09894 ], [ -113.64553, 37.09899 ], [ -113.64558, 37.09912 ], [ -113.64561, 37.0992 ], [ -113.64563, 37.09924 ], [ -113.64571, 37.09937 ], [ -113.64573, 37.0994 ], [ -113.64586, 37.0996 ], [ -113.64587, 37.09966 ], [ -113.6459, 37.09974 ], [ -113.64579, 37.09978 ], [ -113.64566, 37.09982 ], [ -113.64562, 37.09983 ], [ -113.64559, 37.09984 ], [ -113.64554, 37.09987 ], [ -113.64549, 37.0999 ], [ -113.64545, 37.09993 ], [ -113.64541, 37.09998 ], [ -113.64539, 37.10002 ], [ -113.64537, 37.10007 ], [ -113.64536, 37.10012 ], [ -113.64535, 37.10022 ], [ -113.64533, 37.10032 ], [ -113.6453, 37.10042 ], [ -113.64528, 37.10051 ], [ -113.64524, 37.1006 ], [ -113.6452, 37.1007 ], [ -113.64517, 37.10076 ], [ -113.64512, 37.10087 ], [ -113.64512, 37.10089 ], [ -113.64513, 37.10091 ], [ -113.64515, 37.10093 ], [ -113.64516, 37.10093 ], [ -113.64543, 37.10103 ], [ -113.64542, 37.10104 ], [ -113.64541, 37.10108 ], [ -113.6454, 37.10115 ], [ -113.64575, 37.10127 ], [ -113.64579, 37.10128 ], [ -113.6457, 37.10155 ], [ -113.64562, 37.10179 ], [ -113.64553, 37.10202 ], [ -113.64548, 37.10216 ], [ -113.64547, 37.10231 ], [ -113.64546, 37.10254 ], [ -113.6455, 37.10256 ], [ -113.64559, 37.10259 ], [ -113.6457, 37.10262 ], [ -113.64576, 37.1026 ], [ -113.64579, 37.10261 ], [ -113.64577, 37.10263 ], [ -113.64575, 37.10264 ], [ -113.64572, 37.10265 ], [ -113.64569, 37.10265 ], [ -113.64581, 37.10268 ], [ -113.64577, 37.10274 ], [ -113.64705, 37.10313 ], [ -113.64756, 37.10331 ], [ -113.64753, 37.10337 ], [ -113.64759, 37.10339 ], [ -113.64759, 37.10341 ], [ -113.64759, 37.10348 ], [ -113.64757, 37.10366 ], [ -113.64755, 37.10378 ], [ -113.64779, 37.10385 ], [ -113.64752, 37.10449 ], [ -113.64692, 37.10501 ], [ -113.64673, 37.10531 ], [ -113.64613, 37.10531 ], [ -113.64594, 37.10554 ], [ -113.6459, 37.10559 ], [ -113.64585, 37.10564 ], [ -113.64552, 37.10546 ], [ -113.64526, 37.10579 ], [ -113.64509, 37.10571 ], [ -113.64483, 37.10558 ], [ -113.64472, 37.10553 ], [ -113.64456, 37.10554 ], [ -113.64432, 37.10557 ], [ -113.64426, 37.10557 ], [ -113.6438, 37.10534 ], [ -113.64369, 37.10528 ], [ -113.64385, 37.10501 ], [ -113.6439, 37.10496 ], [ -113.64409, 37.10476 ], [ -113.64442, 37.10486 ], [ -113.64446, 37.10482 ], [ -113.64448, 37.1048 ], [ -113.64449, 37.10478 ], [ -113.64416, 37.10467 ], [ -113.64418, 37.10448 ], [ -113.64416, 37.10439 ], [ -113.64425, 37.10419 ], [ -113.64434, 37.10399 ], [ -113.6444, 37.10391 ], [ -113.64459, 37.10368 ], [ -113.64477, 37.10345 ], [ -113.64496, 37.10322 ], [ -113.64501, 37.10316 ], [ -113.64513, 37.10298 ], [ -113.64527, 37.10277 ], [ -113.64531, 37.10274 ], [ -113.64526, 37.10272 ], [ -113.64519, 37.10268 ], [ -113.64497, 37.10257 ], [ -113.64448, 37.10327 ], [ -113.644, 37.10411 ], [ -113.64378, 37.10471 ], [ -113.6428, 37.10515 ], [ -113.64247, 37.10577 ], [ -113.64256, 37.10583 ], [ -113.64252, 37.10586 ], [ -113.64253, 37.10587 ], [ -113.6426, 37.10591 ], [ -113.64262, 37.10592 ], [ -113.6427, 37.10596 ], [ -113.64261, 37.10606 ], [ -113.6426, 37.10606 ], [ -113.64248, 37.10599 ], [ -113.64253, 37.10602 ], [ -113.64257, 37.10605 ], [ -113.64265, 37.10609 ], [ -113.64282, 37.10618 ], [ -113.64287, 37.10621 ], [ -113.64295, 37.10625 ], [ -113.64302, 37.10628 ], [ -113.64314, 37.10633 ], [ -113.64315, 37.10633 ], [ -113.64316, 37.10633 ], [ -113.64322, 37.10635 ], [ -113.6433, 37.10638 ], [ -113.6434, 37.10641 ], [ -113.64353, 37.10644 ], [ -113.64363, 37.10646 ], [ -113.64371, 37.10648 ], [ -113.64377, 37.10649 ], [ -113.64378, 37.10649 ], [ -113.64381, 37.10649 ], [ -113.64385, 37.1065 ], [ -113.64385, 37.10652 ], [ -113.64383, 37.10662 ], [ -113.64377, 37.10695 ], [ -113.64382, 37.10695 ], [ -113.64381, 37.10702 ], [ -113.64375, 37.10701 ], [ -113.64355, 37.10698 ], [ -113.64345, 37.10697 ], [ -113.64326, 37.10692 ], [ -113.64316, 37.10689 ], [ -113.64302, 37.10685 ], [ -113.64285, 37.10679 ], [ -113.64283, 37.10679 ], [ -113.6428, 37.10678 ], [ -113.64272, 37.10677 ], [ -113.6427, 37.10677 ], [ -113.64268, 37.10676 ], [ -113.64259, 37.10676 ], [ -113.64256, 37.10677 ], [ -113.64255, 37.10677 ], [ -113.64252, 37.10678 ], [ -113.64251, 37.10678 ], [ -113.64246, 37.10679 ], [ -113.64245, 37.1068 ], [ -113.64244, 37.1068 ], [ -113.64238, 37.10683 ], [ -113.6419, 37.10712 ], [ -113.642, 37.10719 ], [ -113.64207, 37.10724 ], [ -113.64275, 37.10762 ], [ -113.64283, 37.10767 ], [ -113.64408, 37.10822 ], [ -113.64408, 37.10832 ], [ -113.64285, 37.10777 ], [ -113.64277, 37.10773 ], [ -113.64269, 37.10769 ], [ -113.64201, 37.10731 ], [ -113.64196, 37.10728 ], [ -113.64191, 37.10724 ], [ -113.64187, 37.10721 ], [ -113.64182, 37.10717 ], [ -113.64178, 37.10713 ], [ -113.64174, 37.10709 ], [ -113.64171, 37.10705 ], [ -113.64168, 37.10701 ], [ -113.64157, 37.10686 ], [ -113.64156, 37.10684 ], [ -113.64154, 37.10683 ], [ -113.64151, 37.10683 ], [ -113.64149, 37.10683 ], [ -113.64144, 37.10685 ], [ -113.64142, 37.10681 ], [ -113.64099, 37.1069 ], [ -113.63944, 37.10709 ], [ -113.63936, 37.10709 ], [ -113.63936, 37.10705 ], [ -113.63938, 37.10705 ], [ -113.63937, 37.10694 ], [ -113.63935, 37.10694 ], [ -113.63933, 37.10693 ], [ -113.63931, 37.10692 ], [ -113.63931, 37.1069 ], [ -113.6392, 37.1069 ], [ -113.6391, 37.10691 ], [ -113.63909, 37.10669 ], [ -113.63909, 37.10667 ], [ -113.63908, 37.10666 ], [ -113.63906, 37.10665 ], [ -113.63905, 37.10665 ], [ -113.63894, 37.10665 ], [ -113.63884, 37.10664 ], [ -113.63872, 37.10663 ], [ -113.63861, 37.10662 ], [ -113.6385, 37.1066 ], [ -113.63839, 37.10659 ], [ -113.63824, 37.10656 ], [ -113.6381, 37.10653 ], [ -113.63808, 37.10653 ], [ -113.63806, 37.10653 ], [ -113.63805, 37.10654 ], [ -113.63804, 37.10655 ], [ -113.63803, 37.10658 ], [ -113.63801, 37.10661 ], [ -113.63799, 37.10662 ], [ -113.63797, 37.10664 ], [ -113.63794, 37.10665 ], [ -113.63791, 37.10666 ], [ -113.63788, 37.10666 ], [ -113.63785, 37.10666 ], [ -113.63783, 37.10666 ], [ -113.6378, 37.10665 ], [ -113.63778, 37.10667 ], [ -113.63767, 37.10663 ], [ -113.63756, 37.1066 ], [ -113.63744, 37.10657 ], [ -113.63733, 37.10654 ], [ -113.63721, 37.10651 ], [ -113.63701, 37.10647 ], [ -113.63683, 37.10645 ], [ -113.63668, 37.10643 ], [ -113.63667, 37.10653 ], [ -113.63665, 37.10665 ], [ -113.63661, 37.10693 ], [ -113.63663, 37.10718 ], [ -113.63633, 37.10723 ], [ -113.63625, 37.1073 ], [ -113.63616, 37.10739 ], [ -113.63617, 37.10745 ], [ -113.63618, 37.10748 ], [ -113.63618, 37.10756 ], [ -113.63619, 37.10781 ], [ -113.6362, 37.10805 ], [ -113.63582, 37.10806 ], [ -113.63583, 37.1083 ], [ -113.63584, 37.10855 ], [ -113.63585, 37.10879 ], [ -113.63586, 37.10903 ], [ -113.63589, 37.10928 ], [ -113.63591, 37.10954 ], [ -113.63594, 37.10981 ], [ -113.63597, 37.11008 ], [ -113.6363, 37.11008 ], [ -113.63629, 37.1101 ], [ -113.63597, 37.1101 ], [ -113.63578, 37.11022 ], [ -113.63566, 37.11044 ], [ -113.63553, 37.11069 ], [ -113.63547, 37.11082 ], [ -113.63525, 37.11125 ], [ -113.63556, 37.11139 ], [ -113.6358, 37.11144 ], [ -113.63604, 37.1115 ], [ -113.63608, 37.11148 ], [ -113.63621, 37.11149 ], [ -113.63638, 37.11149 ], [ -113.63638, 37.11155 ], [ -113.63671, 37.11174 ], [ -113.63703, 37.11192 ], [ -113.63729, 37.11206 ], [ -113.63734, 37.11201 ], [ -113.63738, 37.11222 ], [ -113.6375, 37.11225 ], [ -113.63781, 37.11233 ], [ -113.638, 37.11238 ], [ -113.63812, 37.11255 ], [ -113.63813, 37.11254 ], [ -113.63815, 37.11256 ], [ -113.63814, 37.11257 ], [ -113.63843, 37.11288 ], [ -113.63862, 37.11308 ], [ -113.63849, 37.11313 ], [ -113.63767, 37.1135 ], [ -113.63737, 37.11317 ], [ -113.63666, 37.1124 ], [ -113.6362, 37.11255 ], [ -113.63606, 37.11252 ], [ -113.63556, 37.11222 ], [ -113.63538, 37.11217 ], [ -113.63517, 37.11216 ], [ -113.6349, 37.11186 ], [ -113.63444, 37.11158 ], [ -113.63437, 37.11153 ], [ -113.63436, 37.11141 ], [ -113.63451, 37.11042 ], [ -113.63457, 37.11005 ], [ -113.6345, 37.10997 ], [ -113.63423, 37.10933 ], [ -113.63404, 37.10939 ], [ -113.6335, 37.1092 ], [ -113.63363, 37.10889 ], [ -113.63272, 37.10851 ], [ -113.63257, 37.10843 ], [ -113.63218, 37.10801 ], [ -113.63209, 37.1079 ], [ -113.63167, 37.10797 ], [ -113.63138, 37.10802 ], [ -113.63123, 37.10805 ], [ -113.63113, 37.10804 ], [ -113.63084, 37.10801 ], [ -113.63055, 37.10799 ], [ -113.63048, 37.10798 ], [ -113.63034, 37.10792 ], [ -113.6301, 37.10781 ], [ -113.62986, 37.1077 ], [ -113.62962, 37.1076 ], [ -113.62938, 37.10749 ], [ -113.62914, 37.10739 ], [ -113.62889, 37.10729 ], [ -113.62876, 37.10723 ], [ -113.62859, 37.10719 ], [ -113.62818, 37.1071 ], [ -113.62818, 37.10691 ], [ -113.62818, 37.10685 ], [ -113.62819, 37.10679 ], [ -113.6282, 37.10673 ], [ -113.62823, 37.10667 ], [ -113.62826, 37.10659 ], [ -113.62829, 37.10653 ], [ -113.62835, 37.10645 ], [ -113.62839, 37.1064 ], [ -113.62841, 37.10639 ], [ -113.62842, 37.10639 ], [ -113.62844, 37.10639 ], [ -113.62846, 37.1064 ], [ -113.62873, 37.10656 ], [ -113.62876, 37.10657 ], [ -113.62879, 37.10658 ], [ -113.62883, 37.10659 ], [ -113.62886, 37.10659 ], [ -113.63011, 37.10668 ], [ -113.63012, 37.10669 ], [ -113.63014, 37.10669 ], [ -113.63016, 37.10671 ], [ -113.63018, 37.10672 ], [ -113.63021, 37.10673 ], [ -113.63023, 37.10674 ], [ -113.63025, 37.10674 ], [ -113.63027, 37.10674 ], [ -113.63029, 37.10673 ], [ -113.63031, 37.10673 ], [ -113.63033, 37.10672 ], [ -113.63034, 37.10671 ], [ -113.63037, 37.10669 ], [ -113.63038, 37.10668 ], [ -113.63043, 37.10667 ], [ -113.63047, 37.10667 ], [ -113.63053, 37.10667 ], [ -113.63059, 37.10667 ], [ -113.63067, 37.10668 ], [ -113.63093, 37.10673 ], [ -113.63099, 37.10674 ], [ -113.63105, 37.10674 ], [ -113.6311, 37.10674 ], [ -113.63115, 37.10673 ], [ -113.63119, 37.10672 ], [ -113.63123, 37.1067 ], [ -113.63128, 37.10669 ], [ -113.63132, 37.10666 ], [ -113.63137, 37.10663 ], [ -113.63141, 37.10659 ], [ -113.6316, 37.10638 ], [ -113.63161, 37.10637 ], [ -113.63162, 37.10635 ], [ -113.63162, 37.10632 ], [ -113.63162, 37.1063 ], [ -113.63162, 37.10629 ], [ -113.63161, 37.10626 ], [ -113.63159, 37.10625 ], [ -113.63158, 37.10624 ], [ -113.63157, 37.10623 ], [ -113.63154, 37.10622 ], [ -113.6315, 37.10645 ], [ -113.63129, 37.10662 ], [ -113.63113, 37.10668 ], [ -113.63087, 37.10666 ], [ -113.63068, 37.10662 ], [ -113.63037, 37.10663 ], [ -113.62895, 37.10655 ], [ -113.62883, 37.10653 ], [ -113.62869, 37.10644 ], [ -113.62848, 37.10632 ], [ -113.62851, 37.10629 ], [ -113.62858, 37.10624 ], [ -113.6291, 37.10586 ], [ -113.62915, 37.10582 ], [ -113.6292, 37.10578 ], [ -113.62924, 37.10574 ], [ -113.62928, 37.10569 ], [ -113.62932, 37.10565 ], [ -113.62935, 37.1056 ], [ -113.62936, 37.1056 ], [ -113.62938, 37.10559 ], [ -113.6294, 37.10559 ], [ -113.62941, 37.10559 ], [ -113.62942, 37.10559 ], [ -113.62986, 37.10578 ], [ -113.6299, 37.10579 ], [ -113.62993, 37.1058 ], [ -113.62996, 37.1058 ], [ -113.63, 37.10581 ], [ -113.63027, 37.10583 ], [ -113.63024, 37.10579 ], [ -113.62983, 37.10575 ], [ -113.6294, 37.10554 ], [ -113.62935, 37.10551 ], [ -113.62915, 37.10572 ], [ -113.62842, 37.10629 ], [ -113.62833, 37.10624 ], [ -113.62829, 37.10628 ], [ -113.62825, 37.10632 ], [ -113.62822, 37.10636 ], [ -113.62818, 37.1064 ], [ -113.62815, 37.10644 ], [ -113.62813, 37.10649 ], [ -113.6281, 37.10653 ], [ -113.62808, 37.10658 ], [ -113.62806, 37.10662 ], [ -113.62804, 37.10669 ], [ -113.62802, 37.10676 ], [ -113.62801, 37.10684 ], [ -113.62801, 37.10691 ], [ -113.62801, 37.1071 ], [ -113.62768, 37.1071 ], [ -113.62739, 37.1071 ], [ -113.62736, 37.1071 ], [ -113.62715, 37.10704 ], [ -113.6269, 37.10697 ], [ -113.62677, 37.10693 ], [ -113.62668, 37.10686 ], [ -113.62641, 37.10711 ], [ -113.62635, 37.10707 ], [ -113.62619, 37.10694 ], [ -113.62608, 37.10686 ], [ -113.62607, 37.10685 ], [ -113.62607, 37.10682 ], [ -113.62606, 37.1068 ], [ -113.62605, 37.10678 ], [ -113.62604, 37.10676 ], [ -113.62602, 37.10675 ], [ -113.626, 37.10674 ], [ -113.62597, 37.10673 ], [ -113.62595, 37.10673 ], [ -113.62592, 37.10673 ], [ -113.62591, 37.10672 ], [ -113.62577, 37.10661 ], [ -113.62567, 37.10653 ], [ -113.62556, 37.10643 ], [ -113.62537, 37.10625 ], [ -113.62518, 37.10607 ], [ -113.62499, 37.1059 ], [ -113.62486, 37.10578 ], [ -113.6248, 37.10573 ], [ -113.62473, 37.10568 ], [ -113.62457, 37.1056 ], [ -113.62442, 37.10552 ], [ -113.62438, 37.10551 ], [ -113.62435, 37.10551 ], [ -113.62432, 37.10551 ], [ -113.6243, 37.10551 ], [ -113.62428, 37.10551 ], [ -113.62426, 37.10552 ], [ -113.62424, 37.10553 ], [ -113.62422, 37.10554 ], [ -113.62421, 37.10555 ], [ -113.6242, 37.10557 ], [ -113.62418, 37.1056 ], [ -113.62417, 37.10562 ], [ -113.62417, 37.10564 ], [ -113.62417, 37.10566 ], [ -113.62417, 37.10568 ], [ -113.62418, 37.1057 ], [ -113.62419, 37.10572 ], [ -113.62421, 37.10573 ], [ -113.62423, 37.10575 ], [ -113.62425, 37.10576 ], [ -113.62428, 37.10577 ], [ -113.6243, 37.10578 ], [ -113.62433, 37.10578 ], [ -113.62436, 37.10578 ], [ -113.62439, 37.10578 ], [ -113.62444, 37.10576 ], [ -113.62448, 37.10575 ], [ -113.6245, 37.10575 ], [ -113.62454, 37.10575 ], [ -113.62455, 37.10576 ], [ -113.62459, 37.10577 ], [ -113.62466, 37.10581 ], [ -113.62416, 37.10615 ], [ -113.62394, 37.10591 ], [ -113.62365, 37.10561 ], [ -113.62351, 37.10574 ], [ -113.62428, 37.10649 ], [ -113.62493, 37.10712 ], [ -113.62477, 37.10716 ], [ -113.62457, 37.10739 ], [ -113.62449, 37.1073 ], [ -113.6241, 37.10699 ], [ -113.62406, 37.10695 ], [ -113.62382, 37.10679 ], [ -113.62354, 37.10664 ], [ -113.62325, 37.10649 ], [ -113.62297, 37.10634 ], [ -113.62271, 37.10595 ], [ -113.62236, 37.10658 ], [ -113.62234, 37.10657 ], [ -113.62233, 37.10655 ], [ -113.62232, 37.10653 ], [ -113.62232, 37.10651 ], [ -113.62225, 37.10664 ], [ -113.62215, 37.1066 ], [ -113.62201, 37.10655 ], [ -113.62208, 37.10643 ], [ -113.62206, 37.10644 ], [ -113.62204, 37.10645 ], [ -113.62203, 37.10645 ], [ -113.62201, 37.10645 ], [ -113.62199, 37.10645 ], [ -113.62175, 37.10636 ], [ -113.62174, 37.10635 ], [ -113.62172, 37.10634 ], [ -113.62172, 37.10633 ], [ -113.62171, 37.10632 ], [ -113.62171, 37.1063 ], [ -113.62178, 37.10618 ], [ -113.62179, 37.10617 ], [ -113.62181, 37.10616 ], [ -113.62185, 37.10615 ], [ -113.62186, 37.10614 ], [ -113.62188, 37.10613 ], [ -113.6219, 37.10612 ], [ -113.62191, 37.1061 ], [ -113.62192, 37.10608 ], [ -113.62193, 37.10607 ], [ -113.62194, 37.10605 ], [ -113.62194, 37.10603 ], [ -113.62193, 37.10601 ], [ -113.62193, 37.10598 ], [ -113.62191, 37.10596 ], [ -113.6219, 37.10595 ], [ -113.62187, 37.10592 ], [ -113.62184, 37.10591 ], [ -113.62182, 37.1059 ], [ -113.62179, 37.10589 ], [ -113.62175, 37.10589 ], [ -113.62173, 37.1059 ], [ -113.6217, 37.1059 ], [ -113.62168, 37.10591 ], [ -113.62166, 37.10592 ], [ -113.62164, 37.10593 ], [ -113.62163, 37.10595 ], [ -113.62162, 37.10596 ], [ -113.6216, 37.106 ], [ -113.62159, 37.10602 ], [ -113.62159, 37.10604 ], [ -113.6216, 37.10607 ], [ -113.62162, 37.10611 ], [ -113.62162, 37.10613 ], [ -113.62156, 37.10624 ], [ -113.62154, 37.10625 ], [ -113.62153, 37.10626 ], [ -113.62152, 37.10626 ], [ -113.6215, 37.10627 ], [ -113.62147, 37.10626 ], [ -113.62119, 37.10616 ], [ -113.62106, 37.10612 ], [ -113.62097, 37.10609 ], [ -113.62087, 37.10606 ], [ -113.62081, 37.10605 ], [ -113.62068, 37.10603 ], [ -113.62062, 37.10602 ], [ -113.6205, 37.10601 ], [ -113.62046, 37.10601 ], [ -113.62039, 37.10601 ], [ -113.62032, 37.10601 ], [ -113.62025, 37.10602 ], [ -113.62018, 37.10604 ], [ -113.62013, 37.10605 ], [ -113.62005, 37.10608 ], [ -113.62001, 37.1061 ], [ -113.61998, 37.10612 ], [ -113.61994, 37.10615 ], [ -113.61991, 37.10617 ], [ -113.61987, 37.1062 ], [ -113.61985, 37.10622 ], [ -113.61982, 37.10625 ], [ -113.61976, 37.10632 ], [ -113.61943, 37.10614 ], [ -113.61937, 37.1062 ], [ -113.61911, 37.10589 ], [ -113.61908, 37.10591 ], [ -113.61904, 37.10591 ], [ -113.61902, 37.10591 ], [ -113.619, 37.10591 ], [ -113.61896, 37.10591 ], [ -113.6188, 37.10618 ], [ -113.61888, 37.10621 ], [ -113.61903, 37.10628 ], [ -113.61911, 37.10631 ], [ -113.61925, 37.10635 ], [ -113.61919, 37.10643 ], [ -113.61914, 37.10641 ], [ -113.61863, 37.1062 ], [ -113.61837, 37.1061 ], [ -113.61818, 37.10602 ], [ -113.61779, 37.10589 ], [ -113.61777, 37.10589 ], [ -113.61773, 37.10597 ], [ -113.61766, 37.10595 ], [ -113.61756, 37.10592 ], [ -113.61746, 37.10589 ], [ -113.61739, 37.10588 ], [ -113.61732, 37.10586 ], [ -113.61724, 37.10585 ], [ -113.61717, 37.10584 ], [ -113.61712, 37.10612 ], [ -113.61701, 37.10611 ], [ -113.61696, 37.1061 ], [ -113.61689, 37.10611 ], [ -113.61678, 37.10611 ], [ -113.61675, 37.10611 ], [ -113.61673, 37.1061 ], [ -113.61669, 37.10609 ], [ -113.61664, 37.10609 ], [ -113.6166, 37.10584 ], [ -113.61633, 37.10584 ], [ -113.61633, 37.10585 ], [ -113.61625, 37.10586 ], [ -113.6162, 37.10587 ], [ -113.61612, 37.10589 ], [ -113.61604, 37.10592 ], [ -113.61601, 37.10593 ], [ -113.61593, 37.10597 ], [ -113.6159, 37.10599 ], [ -113.61583, 37.10603 ], [ -113.61577, 37.10608 ], [ -113.61551, 37.10633 ], [ -113.6155, 37.10635 ], [ -113.6155, 37.10637 ], [ -113.6155, 37.10638 ], [ -113.61551, 37.10639 ], [ -113.61553, 37.10641 ], [ -113.61555, 37.10641 ], [ -113.61558, 37.10642 ], [ -113.61561, 37.10643 ], [ -113.61563, 37.10644 ], [ -113.61566, 37.10646 ], [ -113.61567, 37.10648 ], [ -113.61569, 37.1065 ], [ -113.6157, 37.10652 ], [ -113.6157, 37.10655 ], [ -113.6157, 37.10657 ], [ -113.61569, 37.10659 ], [ -113.61568, 37.10661 ], [ -113.61566, 37.10664 ], [ -113.61562, 37.10667 ], [ -113.61561, 37.10668 ], [ -113.61559, 37.10672 ], [ -113.61557, 37.10675 ], [ -113.61555, 37.10678 ], [ -113.61552, 37.1068 ], [ -113.61548, 37.10685 ], [ -113.61543, 37.10689 ], [ -113.61537, 37.10692 ], [ -113.61534, 37.10693 ], [ -113.61528, 37.10695 ], [ -113.61522, 37.10697 ], [ -113.61516, 37.10698 ], [ -113.6151, 37.10699 ], [ -113.61493, 37.107 ], [ -113.61483, 37.10701 ], [ -113.61469, 37.10702 ], [ -113.61462, 37.10702 ], [ -113.61455, 37.10702 ], [ -113.61448, 37.10701 ], [ -113.61441, 37.10701 ], [ -113.61436, 37.107 ], [ -113.61426, 37.10698 ], [ -113.61415, 37.10695 ], [ -113.61411, 37.10694 ], [ -113.61401, 37.10691 ], [ -113.61345, 37.10669 ], [ -113.61298, 37.10651 ], [ -113.61295, 37.10651 ], [ -113.61292, 37.10651 ], [ -113.6129, 37.10652 ], [ -113.61289, 37.10654 ], [ -113.61278, 37.10672 ], [ -113.61278, 37.10673 ], [ -113.61278, 37.10675 ], [ -113.61278, 37.10676 ], [ -113.61279, 37.10678 ], [ -113.61282, 37.10681 ], [ -113.61284, 37.10683 ], [ -113.61285, 37.10686 ], [ -113.61285, 37.10689 ], [ -113.61284, 37.10691 ], [ -113.61282, 37.10694 ], [ -113.6128, 37.10696 ], [ -113.61278, 37.10698 ], [ -113.61276, 37.10699 ], [ -113.61272, 37.107 ], [ -113.61268, 37.107 ], [ -113.61264, 37.10699 ], [ -113.61261, 37.10698 ], [ -113.61259, 37.10696 ], [ -113.61257, 37.10695 ], [ -113.61256, 37.10693 ], [ -113.61255, 37.10691 ], [ -113.61254, 37.10689 ], [ -113.61254, 37.10687 ], [ -113.61254, 37.10684 ], [ -113.61255, 37.10682 ], [ -113.6126, 37.10674 ], [ -113.61266, 37.10664 ], [ -113.61272, 37.10654 ], [ -113.61275, 37.10648 ], [ -113.61275, 37.10645 ], [ -113.61275, 37.10643 ], [ -113.61276, 37.10642 ], [ -113.61277, 37.1064 ], [ -113.61278, 37.10638 ], [ -113.6128, 37.10637 ], [ -113.61282, 37.10636 ], [ -113.61284, 37.10635 ], [ -113.61287, 37.10634 ], [ -113.6129, 37.10634 ], [ -113.61292, 37.10634 ], [ -113.61295, 37.10634 ], [ -113.61297, 37.10635 ], [ -113.613, 37.10636 ], [ -113.61301, 37.10638 ], [ -113.61303, 37.10638 ], [ -113.61314, 37.10643 ], [ -113.61328, 37.10648 ], [ -113.61338, 37.10651 ], [ -113.61339, 37.10652 ], [ -113.61341, 37.10652 ], [ -113.61342, 37.10652 ], [ -113.61344, 37.10652 ], [ -113.61345, 37.10651 ], [ -113.61346, 37.1065 ], [ -113.61348, 37.10649 ], [ -113.61348, 37.10648 ], [ -113.61355, 37.10636 ], [ -113.61356, 37.10635 ], [ -113.61356, 37.10634 ], [ -113.61356, 37.10633 ], [ -113.61356, 37.10632 ], [ -113.61355, 37.1063 ], [ -113.61354, 37.10629 ], [ -113.61353, 37.10628 ], [ -113.61351, 37.10628 ], [ -113.61343, 37.10625 ], [ -113.6133, 37.10619 ], [ -113.61322, 37.10616 ], [ -113.61315, 37.10613 ], [ -113.61309, 37.10609 ], [ -113.61299, 37.10602 ], [ -113.61289, 37.10595 ], [ -113.61285, 37.10594 ], [ -113.61281, 37.10593 ], [ -113.61277, 37.10593 ], [ -113.61274, 37.10593 ], [ -113.61272, 37.10594 ], [ -113.61268, 37.10595 ], [ -113.61267, 37.10596 ], [ -113.61264, 37.10598 ], [ -113.61263, 37.106 ], [ -113.61255, 37.10616 ], [ -113.61247, 37.10632 ], [ -113.61241, 37.10643 ], [ -113.61238, 37.10649 ], [ -113.61235, 37.10653 ], [ -113.61229, 37.10663 ], [ -113.61224, 37.1067 ], [ -113.61222, 37.10669 ], [ -113.61196, 37.10722 ], [ -113.61195, 37.10733 ], [ -113.61195, 37.10772 ], [ -113.61195, 37.10785 ], [ -113.61183, 37.10785 ], [ -113.61183, 37.10733 ], [ -113.61185, 37.10722 ], [ -113.61188, 37.10709 ], [ -113.61206, 37.10667 ], [ -113.61195, 37.10663 ], [ -113.612009230769232, 37.10652 ], [ -113.612, 37.10652 ], [ -113.61199, 37.10653 ], [ -113.61198, 37.10653 ], [ -113.61197, 37.10653 ], [ -113.61194, 37.10653 ], [ -113.61183, 37.1065 ], [ -113.61145, 37.1065 ], [ -113.61074, 37.10651 ], [ -113.61029, 37.10651 ], [ -113.60985, 37.10651 ], [ -113.60985, 37.10643 ], [ -113.61013, 37.10643 ], [ -113.61016, 37.10642 ], [ -113.61017, 37.10641 ], [ -113.61018, 37.10639 ], [ -113.61019, 37.10637 ], [ -113.61019, 37.10629 ], [ -113.61018, 37.10618 ], [ -113.61018, 37.10607 ], [ -113.61018, 37.10596 ], [ -113.60984, 37.10596 ], [ -113.60984, 37.10585 ], [ -113.60948, 37.10586 ], [ -113.60948, 37.10614 ], [ -113.6094, 37.10615 ], [ -113.60931, 37.10615 ], [ -113.60931, 37.1061 ], [ -113.60892, 37.1062 ], [ -113.60894, 37.10624 ], [ -113.60887, 37.10626 ], [ -113.60882, 37.10585 ], [ -113.60864, 37.10587 ], [ -113.60858, 37.10588 ], [ -113.60845, 37.10592 ], [ -113.60846, 37.10594 ], [ -113.60846, 37.10596 ], [ -113.60846, 37.10598 ], [ -113.60846, 37.106 ], [ -113.60846, 37.10601 ], [ -113.60845, 37.10603 ], [ -113.60844, 37.10605 ], [ -113.60843, 37.10606 ], [ -113.60841, 37.10608 ], [ -113.60839, 37.10609 ], [ -113.60837, 37.1061 ], [ -113.60834, 37.10611 ], [ -113.60823, 37.10613 ], [ -113.60795, 37.1062 ], [ -113.60793, 37.10621 ], [ -113.60791, 37.10623 ], [ -113.6079, 37.10625 ], [ -113.60791, 37.10627 ], [ -113.60801, 37.10647 ], [ -113.60794, 37.1065 ], [ -113.60787, 37.10653 ], [ -113.60775, 37.10628 ], [ -113.60772, 37.10623 ], [ -113.6077, 37.10617 ], [ -113.60768, 37.10611 ], [ -113.60767, 37.10604 ], [ -113.60766, 37.10598 ], [ -113.60714, 37.10595 ], [ -113.60734, 37.10636 ], [ -113.60736, 37.10641 ], [ -113.60742, 37.10653 ], [ -113.60698, 37.1065 ], [ -113.60674, 37.1066 ], [ -113.60622, 37.10685 ], [ -113.6059, 37.10695 ], [ -113.60547, 37.10695 ], [ -113.60518, 37.10701 ], [ -113.60509, 37.1073 ], [ -113.60503, 37.10735 ], [ -113.60491, 37.10737 ], [ -113.6048, 37.10743 ], [ -113.60474, 37.10754 ], [ -113.60444, 37.10781 ], [ -113.6042, 37.10798 ], [ -113.60386, 37.10826 ], [ -113.60376, 37.10879 ], [ -113.60358, 37.10901 ], [ -113.60353, 37.10946 ], [ -113.60363, 37.10966 ], [ -113.60361, 37.10989 ], [ -113.60368, 37.11002 ], [ -113.60368, 37.1103 ], [ -113.60383, 37.11074 ], [ -113.60392, 37.11101 ], [ -113.60397, 37.1113 ], [ -113.60398, 37.1113 ], [ -113.60404, 37.11162 ], [ -113.60406, 37.11166 ], [ -113.60371, 37.11193 ], [ -113.6034, 37.1124 ], [ -113.60297, 37.11278 ], [ -113.6019, 37.1135 ], [ -113.60135, 37.11376 ], [ -113.6011, 37.11343 ], [ -113.60157, 37.11321 ], [ -113.60239, 37.11275 ], [ -113.60279, 37.11242 ], [ -113.60327, 37.11174 ], [ -113.60272, 37.11121 ], [ -113.60248, 37.11059 ], [ -113.60208, 37.10991 ], [ -113.60172, 37.10938 ], [ -113.60153, 37.10897 ], [ -113.60166, 37.10854 ], [ -113.60178, 37.10825 ], [ -113.60297, 37.10727 ], [ -113.60164, 37.1062 ], [ -113.60172, 37.10611 ], [ -113.60212, 37.10566 ], [ -113.60272, 37.10521 ], [ -113.60337, 37.10477 ], [ -113.60396, 37.10438 ], [ -113.60451, 37.10414 ], [ -113.60476, 37.104 ], [ -113.60491, 37.10376 ], [ -113.60501, 37.10312 ], [ -113.60517, 37.10257 ], [ -113.60512, 37.10219 ], [ -113.60494, 37.10154 ], [ -113.605, 37.10085 ], [ -113.60524, 37.10026 ], [ -113.605, 37.09983 ], [ -113.60485, 37.09953 ], [ -113.60481, 37.0994 ], [ -113.60481, 37.0992 ], [ -113.60333, 37.09922 ], [ -113.60194, 37.09924 ], [ -113.59946, 37.09936 ], [ -113.59772, 37.09936 ], [ -113.59581, 37.09936 ], [ -113.5958, 37.09906 ], [ -113.59576, 37.09573 ], [ -113.59575, 37.09471 ], [ -113.59574, 37.0941 ], [ -113.59547, 37.09411 ], [ -113.59398, 37.09414 ], [ -113.5933, 37.09415 ], [ -113.5933, 37.09435 ], [ -113.59116, 37.09436 ], [ -113.59104, 37.09446 ], [ -113.59094, 37.09474 ], [ -113.59074, 37.0947 ], [ -113.59052, 37.09531 ], [ -113.5905, 37.09536 ], [ -113.59049, 37.09542 ], [ -113.59048, 37.09548 ], [ -113.59048, 37.09553 ], [ -113.59048, 37.0956 ], [ -113.59049, 37.09566 ], [ -113.5905, 37.09571 ], [ -113.59056, 37.09589 ], [ -113.5906, 37.09601 ], [ -113.59062, 37.09613 ], [ -113.59064, 37.09626 ], [ -113.59067, 37.09651 ], [ -113.59068, 37.09663 ], [ -113.59069, 37.09675 ], [ -113.59069, 37.09686 ], [ -113.59067, 37.09805 ], [ -113.59067, 37.09818 ], [ -113.59069, 37.09832 ], [ -113.5907, 37.09838 ], [ -113.59072, 37.09851 ], [ -113.5902, 37.09859 ], [ -113.59025, 37.09906 ], [ -113.59056, 37.09934 ], [ -113.59056, 37.09939 ], [ -113.59052, 37.09939 ], [ -113.59013, 37.09939 ], [ -113.58891, 37.09937 ], [ -113.58919, 37.09974 ], [ -113.58951, 37.10039 ], [ -113.59004, 37.10105 ], [ -113.5913, 37.10219 ], [ -113.59164, 37.10249 ], [ -113.59176, 37.1026 ], [ -113.59188, 37.10271 ], [ -113.59199, 37.10283 ], [ -113.5921, 37.10295 ], [ -113.59221, 37.10307 ], [ -113.59231, 37.10319 ], [ -113.5924, 37.10332 ], [ -113.5925, 37.10345 ], [ -113.59258, 37.10358 ], [ -113.59267, 37.10371 ], [ -113.59275, 37.10384 ], [ -113.59282, 37.10398 ], [ -113.59289, 37.10412 ], [ -113.59296, 37.10426 ], [ -113.59302, 37.1044 ], [ -113.59307, 37.10454 ], [ -113.59314, 37.10472 ], [ -113.59317, 37.10482 ], [ -113.59321, 37.10497 ], [ -113.59324, 37.1051 ], [ -113.59327, 37.10523 ], [ -113.59329, 37.10536 ], [ -113.59331, 37.10549 ], [ -113.59333, 37.10563 ], [ -113.59334, 37.10576 ], [ -113.59335, 37.10589 ], [ -113.59335, 37.10602 ], [ -113.59335, 37.10642 ], [ -113.59334, 37.10729 ], [ -113.59334, 37.1074 ], [ -113.59334, 37.10752 ], [ -113.59335, 37.10764 ], [ -113.59336, 37.10776 ], [ -113.59337, 37.10788 ], [ -113.59339, 37.108 ], [ -113.59341, 37.10811 ], [ -113.59344, 37.10823 ], [ -113.59346, 37.10834 ], [ -113.59349, 37.10845 ], [ -113.59352, 37.10855 ], [ -113.59355, 37.10866 ], [ -113.59359, 37.10876 ], [ -113.59363, 37.10887 ], [ -113.59367, 37.10897 ], [ -113.59372, 37.10907 ], [ -113.59405, 37.1098 ], [ -113.59408, 37.10989 ], [ -113.59389, 37.10994 ], [ -113.59337, 37.10883 ], [ -113.59329, 37.10863 ], [ -113.59322, 37.10841 ], [ -113.59317, 37.10823 ], [ -113.5931, 37.10772 ], [ -113.59309, 37.10737 ], [ -113.59308, 37.10653 ], [ -113.59294, 37.10653 ], [ -113.59185, 37.10654 ], [ -113.58972, 37.10652 ], [ -113.5876, 37.1065 ], [ -113.58545, 37.10651 ], [ -113.58545, 37.10583 ], [ -113.58546, 37.10482 ], [ -113.58333, 37.10481 ], [ -113.58334, 37.1065 ], [ -113.5812, 37.1065 ], [ -113.57906, 37.10649 ], [ -113.57698, 37.10651 ], [ -113.57482, 37.10649 ], [ -113.57273, 37.10647 ], [ -113.57061, 37.10645 ], [ -113.56848, 37.10643 ], [ -113.56636, 37.10644 ], [ -113.56428, 37.10644 ], [ -113.56426, 37.10812 ], [ -113.56423, 37.10979 ], [ -113.56631, 37.10981 ], [ -113.5665, 37.10982 ], [ -113.56847, 37.10983 ], [ -113.56849, 37.11105 ], [ -113.56847, 37.11104 ], [ -113.56844, 37.11102 ], [ -113.56839, 37.11099 ], [ -113.5684, 37.11142 ], [ -113.56853, 37.11142 ], [ -113.56852, 37.11119 ], [ -113.5687, 37.11118 ], [ -113.56871, 37.11147 ], [ -113.56919, 37.11146 ], [ -113.56941, 37.11146 ], [ -113.56942, 37.11202 ], [ -113.57016, 37.11201 ], [ -113.57017, 37.11223 ], [ -113.57017, 37.1125 ], [ -113.57072, 37.11258 ], [ -113.57098, 37.11262 ], [ -113.57208, 37.11283 ], [ -113.5726, 37.11292 ], [ -113.57294, 37.11297 ], [ -113.57422, 37.11316 ], [ -113.57495, 37.11326 ], [ -113.57583, 37.11338 ], [ -113.57582, 37.11338 ], [ -113.57652, 37.11351 ], [ -113.57687, 37.11363 ], [ -113.57721, 37.1138 ], [ -113.57754, 37.114 ], [ -113.57761, 37.11407 ], [ -113.57778, 37.1142 ], [ -113.57794, 37.11434 ], [ -113.57819, 37.11451 ], [ -113.57843, 37.11462 ], [ -113.57867, 37.11471 ], [ -113.5792, 37.11485 ], [ -113.58087, 37.11486 ], [ -113.581, 37.115 ], [ -113.58106, 37.11655 ], [ -113.58157, 37.11656 ], [ -113.58159, 37.11658 ], [ -113.58187, 37.11689 ], [ -113.58204, 37.11708 ], [ -113.58211, 37.11719 ], [ -113.58214, 37.11735 ], [ -113.58214, 37.11744 ], [ -113.58211, 37.11754 ], [ -113.58208, 37.11761 ], [ -113.58201, 37.1177 ], [ -113.58193, 37.11778 ], [ -113.58179, 37.11787 ], [ -113.58149, 37.11753 ], [ -113.58123, 37.11725 ], [ -113.58099, 37.11701 ], [ -113.58085, 37.1168 ], [ -113.58071, 37.11658 ], [ -113.58064, 37.11623 ], [ -113.58057, 37.11597 ], [ -113.58046, 37.11576 ], [ -113.58033, 37.11557 ], [ -113.58022, 37.11545 ], [ -113.57995, 37.11526 ], [ -113.57962, 37.11509 ], [ -113.57891, 37.11488 ], [ -113.57841, 37.11471 ], [ -113.57813, 37.11456 ], [ -113.578, 37.11448 ], [ -113.57771, 37.11425 ], [ -113.57747, 37.11406 ], [ -113.57719, 37.11387 ], [ -113.57683, 37.1137 ], [ -113.57659, 37.11361 ], [ -113.57629, 37.11353 ], [ -113.57586, 37.11343 ], [ -113.57509, 37.11333 ], [ -113.57468, 37.11328 ], [ -113.57365, 37.11316 ], [ -113.57315, 37.1131 ], [ -113.57314, 37.1133 ], [ -113.57293, 37.11327 ], [ -113.57282, 37.11325 ], [ -113.57272, 37.11323 ], [ -113.57221, 37.11311 ], [ -113.57221, 37.11309 ], [ -113.57192, 37.11302 ], [ -113.5719, 37.11303 ], [ -113.57189, 37.11304 ], [ -113.57187, 37.11306 ], [ -113.57186, 37.11309 ], [ -113.57184, 37.11323 ], [ -113.57184, 37.11329 ], [ -113.57185, 37.11336 ], [ -113.57185, 37.1134 ], [ -113.57185, 37.11344 ], [ -113.57184, 37.11349 ], [ -113.57183, 37.11353 ], [ -113.57182, 37.11357 ], [ -113.5718, 37.11361 ], [ -113.57178, 37.11365 ], [ -113.57177, 37.11368 ], [ -113.57174, 37.11372 ], [ -113.57169, 37.11378 ], [ -113.57167, 37.1138 ], [ -113.57161, 37.11385 ], [ -113.57155, 37.11389 ], [ -113.57151, 37.11391 ], [ -113.57151, 37.11404 ], [ -113.57151, 37.11407 ], [ -113.57181, 37.11407 ], [ -113.57196, 37.11405 ], [ -113.572, 37.11404 ], [ -113.57207, 37.11401 ], [ -113.57216, 37.11398 ], [ -113.57242, 37.11399 ], [ -113.57293, 37.11401 ], [ -113.57296, 37.11401 ], [ -113.57336, 37.11405 ], [ -113.57367, 37.11405 ], [ -113.57367, 37.11409 ], [ -113.57372, 37.11658 ], [ -113.57414, 37.11658 ], [ -113.57397, 37.11695 ], [ -113.57375, 37.11715 ], [ -113.57362, 37.11731 ], [ -113.57357, 37.11746 ], [ -113.57361, 37.11772 ], [ -113.57359, 37.11775 ], [ -113.56946, 37.11778 ], [ -113.56945, 37.11769 ], [ -113.56909, 37.11764 ], [ -113.56853, 37.11754 ], [ -113.5685, 37.11754 ], [ -113.56792, 37.1175 ], [ -113.56759, 37.11745 ], [ -113.5668, 37.11724 ], [ -113.56645, 37.11724 ], [ -113.56618, 37.11716 ], [ -113.56606, 37.11703 ], [ -113.56583, 37.11667 ], [ -113.56549, 37.11697 ], [ -113.56494, 37.11733 ], [ -113.56484, 37.11747 ], [ -113.56472, 37.11755 ], [ -113.56458, 37.11775 ], [ -113.56459, 37.1178 ], [ -113.56393, 37.1178 ], [ -113.56392, 37.12146 ], [ -113.56392, 37.12218 ], [ -113.56323, 37.12218 ], [ -113.56297, 37.12218 ], [ -113.56278, 37.12219 ], [ -113.56224, 37.12219 ], [ -113.56224, 37.12218 ], [ -113.56224, 37.12209 ], [ -113.56058, 37.12213 ], [ -113.55974, 37.12209 ], [ -113.5595, 37.122 ], [ -113.55932, 37.12192 ], [ -113.55849, 37.12135 ], [ -113.55798, 37.12199 ], [ -113.55791, 37.12218 ], [ -113.55782, 37.12289 ], [ -113.55778, 37.12304 ], [ -113.5577, 37.12316 ], [ -113.55765, 37.1232 ], [ -113.5576, 37.12323 ], [ -113.5575, 37.12328 ], [ -113.55736, 37.1233 ], [ -113.55724, 37.12328 ], [ -113.55711, 37.12325 ], [ -113.55698, 37.1232 ], [ -113.55672, 37.12308 ], [ -113.55615, 37.1228 ], [ -113.55584, 37.12267 ], [ -113.55561, 37.12259 ], [ -113.55552, 37.12258 ], [ -113.55543, 37.12257 ], [ -113.55537, 37.12257 ], [ -113.55531, 37.12258 ], [ -113.55523, 37.1226 ], [ -113.55503, 37.12266 ], [ -113.55453, 37.12287 ], [ -113.55396, 37.12317 ], [ -113.55392, 37.12313 ], [ -113.55304, 37.12235 ], [ -113.55238, 37.12176 ], [ -113.55247, 37.12161 ], [ -113.55248, 37.12159 ], [ -113.55257, 37.12144 ], [ -113.55261, 37.12137 ], [ -113.55281, 37.12105 ], [ -113.55254, 37.11892 ], [ -113.55159, 37.11731 ], [ -113.55133, 37.11686 ], [ -113.55131, 37.11682 ], [ -113.55117, 37.1166 ], [ -113.55105, 37.11639 ], [ -113.55102, 37.11634 ], [ -113.5542, 37.11463 ], [ -113.55474, 37.11419 ], [ -113.55566, 37.11331 ], [ -113.55604, 37.11295 ], [ -113.55657, 37.11229 ], [ -113.55661, 37.11223 ], [ -113.55706, 37.11153 ], [ -113.55733, 37.11103 ], [ -113.55744, 37.11078 ], [ -113.55751, 37.11063 ], [ -113.55756, 37.11051 ], [ -113.55777, 37.10984 ], [ -113.55779, 37.10978 ], [ -113.55792, 37.10979 ], [ -113.55817, 37.1098 ], [ -113.55819, 37.10981 ], [ -113.55823, 37.10967 ], [ -113.55825, 37.10962 ], [ -113.55825, 37.1096 ], [ -113.55826, 37.10953 ], [ -113.55828, 37.10947 ], [ -113.55846, 37.10895 ], [ -113.55883, 37.108 ], [ -113.55916, 37.10716 ], [ -113.55938, 37.10664 ], [ -113.55943, 37.10651 ], [ -113.55947, 37.10641 ], [ -113.55952, 37.10629 ], [ -113.55953, 37.10626 ], [ -113.55992, 37.10525 ], [ -113.56019, 37.10454 ], [ -113.56032, 37.1042 ], [ -113.56068, 37.10315 ], [ -113.56084, 37.10269 ], [ -113.56155, 37.10135 ], [ -113.56169, 37.10111 ], [ -113.56202, 37.10056 ], [ -113.56228, 37.10012 ], [ -113.56233, 37.10006 ], [ -113.56257, 37.09975 ], [ -113.56258, 37.09974 ], [ -113.56275, 37.09951 ], [ -113.56279, 37.09947 ], [ -113.56303, 37.09916 ], [ -113.56343, 37.09865 ], [ -113.56377, 37.09821 ], [ -113.5639, 37.09808 ], [ -113.56448, 37.0975 ], [ -113.56488, 37.0971 ], [ -113.56493, 37.09704 ], [ -113.56495, 37.09703 ], [ -113.56537, 37.0967 ], [ -113.56541, 37.09666 ], [ -113.56579, 37.09637 ], [ -113.56591, 37.09628 ], [ -113.56643, 37.09627 ], [ -113.56644, 37.09797 ], [ -113.56853, 37.09799 ], [ -113.57065, 37.09794 ], [ -113.57277, 37.098 ], [ -113.57279, 37.0997 ], [ -113.57387, 37.09969 ], [ -113.57483, 37.09968 ], [ -113.57704, 37.0997 ], [ -113.57913, 37.0997 ], [ -113.57968, 37.0997 ], [ -113.57968, 37.09957 ], [ -113.57974, 37.09957 ], [ -113.57997, 37.09957 ], [ -113.58019, 37.09957 ], [ -113.58019, 37.09921 ], [ -113.5802, 37.09875 ], [ -113.58016, 37.09875 ], [ -113.58009, 37.09875 ], [ -113.58001, 37.09875 ], [ -113.58, 37.09875 ], [ -113.57994, 37.09875 ], [ -113.57986, 37.09875 ], [ -113.57979, 37.09875 ], [ -113.57978, 37.09852 ], [ -113.57979, 37.09812 ], [ -113.5802, 37.09812 ], [ -113.5802, 37.09845 ], [ -113.5802, 37.09859 ], [ -113.58023, 37.09859 ], [ -113.58023, 37.09869 ], [ -113.58023, 37.09879 ], [ -113.58023, 37.0989 ], [ -113.58023, 37.099 ], [ -113.58023, 37.0991 ], [ -113.58023, 37.09921 ], [ -113.58023, 37.09931 ], [ -113.58022, 37.09941 ], [ -113.58033, 37.09941 ], [ -113.58033, 37.09931 ], [ -113.58033, 37.09921 ], [ -113.58033, 37.0991 ], [ -113.58033, 37.099 ], [ -113.58033, 37.0989 ], [ -113.58034, 37.0988 ], [ -113.58034, 37.09869 ], [ -113.58034, 37.09859 ], [ -113.58038, 37.09859 ], [ -113.58037, 37.09957 ], [ -113.58041, 37.09957 ], [ -113.5804, 37.0997 ], [ -113.58125, 37.0997 ], [ -113.58269, 37.09969 ], [ -113.58337, 37.09971 ], [ -113.5855, 37.09972 ], [ -113.58668, 37.09973 ], [ -113.58761, 37.09973 ], [ -113.58776, 37.09973 ], [ -113.58788, 37.0997 ], [ -113.58796, 37.09969 ], [ -113.58805, 37.09964 ], [ -113.58814, 37.09961 ], [ -113.58829, 37.09955 ], [ -113.5881, 37.09919 ], [ -113.58797, 37.09895 ], [ -113.58783, 37.09864 ], [ -113.58766, 37.09819 ], [ -113.58777, 37.09816 ], [ -113.58767, 37.098 ], [ -113.58798, 37.09798 ], [ -113.59011, 37.09799 ], [ -113.5901, 37.09708 ], [ -113.59009, 37.0967 ], [ -113.59008, 37.09574 ], [ -113.59041, 37.09574 ], [ -113.59041, 37.0957 ], [ -113.5902, 37.0956 ], [ -113.59012, 37.0955 ], [ -113.59003, 37.09549 ], [ -113.58994, 37.09539 ], [ -113.58984, 37.09515 ], [ -113.5898, 37.09483 ], [ -113.58997, 37.09462 ], [ -113.59057, 37.09461 ], [ -113.59076, 37.09437 ], [ -113.59118, 37.09398 ], [ -113.59163, 37.09358 ], [ -113.5917, 37.09351 ], [ -113.59176, 37.09344 ], [ -113.59181, 37.09336 ], [ -113.59183, 37.09331 ], [ -113.59185, 37.09327 ], [ -113.59188, 37.09319 ], [ -113.59191, 37.0931 ], [ -113.59192, 37.09301 ], [ -113.59192, 37.09296 ], [ -113.59193, 37.09282 ], [ -113.59193, 37.09268 ], [ -113.59193, 37.09254 ], [ -113.59192, 37.09236 ], [ -113.59191, 37.09228 ], [ -113.5919, 37.09225 ], [ -113.59187, 37.09217 ], [ -113.59184, 37.0921 ], [ -113.5918, 37.09203 ], [ -113.59177, 37.092 ], [ -113.59172, 37.09193 ], [ -113.59165, 37.09187 ], [ -113.59153, 37.09177 ], [ -113.59144, 37.09169 ], [ -113.59137, 37.09161 ], [ -113.5913, 37.09152 ], [ -113.59115, 37.09152 ], [ -113.59115, 37.09142 ], [ -113.59113, 37.09027 ], [ -113.5911, 37.0878 ], [ -113.59112, 37.0877 ], [ -113.59114, 37.0876 ], [ -113.59117, 37.08751 ], [ -113.5912, 37.08742 ], [ -113.59123, 37.08732 ], [ -113.59127, 37.08723 ], [ -113.59131, 37.08714 ], [ -113.59136, 37.08705 ], [ -113.59148, 37.08685 ], [ -113.5916, 37.08664 ], [ -113.59172, 37.08644 ], [ -113.59183, 37.08623 ], [ -113.59178, 37.08551 ], [ -113.59188, 37.08519 ], [ -113.5916, 37.08429 ], [ -113.59178, 37.0838 ], [ -113.59178, 37.08345 ], [ -113.59188, 37.08286 ], [ -113.59184, 37.0821 ], [ -113.59188, 37.08187 ], [ -113.59184, 37.08131 ], [ -113.59159, 37.08062 ], [ -113.59159, 37.08005 ], [ -113.59206, 37.07996 ], [ -113.59255, 37.07996 ], [ -113.59312, 37.08024 ], [ -113.59347, 37.08062 ], [ -113.59348, 37.08153 ], [ -113.594, 37.08221 ], [ -113.59397, 37.0824 ], [ -113.59389, 37.08236 ], [ -113.59381, 37.08233 ], [ -113.59377, 37.08231 ], [ -113.59368, 37.08229 ], [ -113.59364, 37.08228 ], [ -113.59359, 37.08228 ], [ -113.5935, 37.08227 ], [ -113.59341, 37.08227 ], [ -113.59331, 37.08229 ], [ -113.59327, 37.08229 ], [ -113.59318, 37.08232 ], [ -113.59314, 37.08233 ], [ -113.59306, 37.08237 ], [ -113.59298, 37.08241 ], [ -113.59292, 37.08246 ], [ -113.59285, 37.08252 ], [ -113.5928, 37.08258 ], [ -113.59278, 37.08261 ], [ -113.59274, 37.08268 ], [ -113.59259, 37.08297 ], [ -113.59274, 37.08302 ], [ -113.5928, 37.08304 ], [ -113.59297, 37.08271 ], [ -113.59299, 37.08268 ], [ -113.59301, 37.08266 ], [ -113.59303, 37.08263 ], [ -113.59306, 37.08261 ], [ -113.59308, 37.08258 ], [ -113.59311, 37.08256 ], [ -113.59314, 37.08254 ], [ -113.59318, 37.08252 ], [ -113.59321, 37.08251 ], [ -113.59326, 37.08249 ], [ -113.59353, 37.08247 ], [ -113.5938, 37.08255 ], [ -113.59395, 37.08265 ], [ -113.59398, 37.08268 ], [ -113.59417, 37.0834 ], [ -113.59407, 37.08441 ], [ -113.59401, 37.08476 ], [ -113.59416, 37.08575 ], [ -113.59433, 37.08615 ], [ -113.59436, 37.08645 ], [ -113.59421, 37.087 ], [ -113.5942, 37.0874 ], [ -113.59431, 37.08768 ], [ -113.59454, 37.08799 ], [ -113.59466, 37.08866 ], [ -113.59507, 37.08929 ], [ -113.59569, 37.08986 ], [ -113.5957, 37.09104 ], [ -113.59571, 37.09164 ], [ -113.59761, 37.091 ], [ -113.59767, 37.09099 ], [ -113.59767, 37.09105 ], [ -113.59768, 37.09111 ], [ -113.59769, 37.09117 ], [ -113.59771, 37.09123 ], [ -113.59772, 37.09129 ], [ -113.59774, 37.09134 ], [ -113.59777, 37.0914 ], [ -113.59779, 37.09146 ], [ -113.59732, 37.09227 ], [ -113.59741, 37.09245 ], [ -113.59736, 37.09285 ], [ -113.59735, 37.0931 ], [ -113.59721, 37.09334 ], [ -113.59718, 37.09368 ], [ -113.5972, 37.09399 ], [ -113.59735, 37.09432 ], [ -113.5974, 37.09441 ], [ -113.59764, 37.09467 ], [ -113.5976, 37.0947 ], [ -113.59755, 37.09473 ], [ -113.5975, 37.09477 ], [ -113.59746, 37.09481 ], [ -113.59742, 37.09485 ], [ -113.59739, 37.09489 ], [ -113.59736, 37.09494 ], [ -113.59733, 37.09498 ], [ -113.5973, 37.09503 ], [ -113.59728, 37.09508 ], [ -113.59726, 37.09513 ], [ -113.59724, 37.09518 ], [ -113.59723, 37.09523 ], [ -113.59722, 37.09528 ], [ -113.59722, 37.09533 ], [ -113.59722, 37.09538 ], [ -113.59723, 37.09573 ], [ -113.59741, 37.09573 ], [ -113.59757, 37.09573 ], [ -113.59772, 37.09573 ], [ -113.59798, 37.09573 ], [ -113.59868, 37.09573 ], [ -113.60129, 37.09574 ], [ -113.603, 37.09574 ], [ -113.60344, 37.09574 ], [ -113.60369, 37.09574 ], [ -113.60517, 37.09574 ], [ -113.60517, 37.09537 ], [ -113.60751, 37.09539 ], [ -113.60787, 37.09539 ], [ -113.60871, 37.09539 ], [ -113.60957, 37.0954 ], [ -113.60968, 37.0954 ], [ -113.60972, 37.09545 ], [ -113.60972, 37.0956 ], [ -113.60974, 37.09753 ], [ -113.60974, 37.09756 ], [ -113.60976, 37.09906 ], [ -113.60521, 37.09904 ], [ -113.60521, 37.0994 ], [ -113.60522, 37.09997 ], [ -113.60964, 37.09995 ], [ -113.60958, 37.10012 ], [ -113.60956, 37.10021 ], [ -113.60954, 37.1003 ], [ -113.60952, 37.10039 ], [ -113.60951, 37.10048 ], [ -113.6095, 37.10057 ], [ -113.6095, 37.10066 ], [ -113.60951, 37.10075 ], [ -113.60952, 37.10084 ], [ -113.60952, 37.1009 ], [ -113.60954, 37.10097 ], [ -113.60957, 37.1011 ], [ -113.60959, 37.10116 ], [ -113.60961, 37.10123 ], [ -113.60964, 37.10131 ], [ -113.60968, 37.10139 ], [ -113.60972, 37.10148 ], [ -113.60982, 37.10145 ], [ -113.60974, 37.10119 ], [ -113.60966, 37.1009 ], [ -113.60964, 37.10078 ], [ -113.60963, 37.10066 ], [ -113.60965, 37.10053 ], [ -113.60967, 37.1004 ], [ -113.60982, 37.09987 ], [ -113.60989, 37.09988 ], [ -113.60992, 37.09976 ], [ -113.61002, 37.09946 ], [ -113.61007, 37.09928 ], [ -113.61008, 37.09928 ], [ -113.61008, 37.09927 ], [ -113.61009, 37.09927 ], [ -113.61009, 37.09926 ], [ -113.6101, 37.09925 ], [ -113.61012, 37.09925 ], [ -113.61013, 37.09924 ], [ -113.61016, 37.09924 ], [ -113.61019, 37.09925 ], [ -113.61042, 37.0993 ], [ -113.61054, 37.09932 ], [ -113.61068, 37.09936 ], [ -113.61094, 37.09942 ], [ -113.61119, 37.09948 ], [ -113.61145, 37.09954 ], [ -113.61171, 37.0996 ], [ -113.61196, 37.09966 ], [ -113.61204, 37.09968 ], [ -113.61206, 37.09968 ], [ -113.61208, 37.09969 ], [ -113.6121, 37.0997 ], [ -113.61212, 37.09972 ], [ -113.61215, 37.09973 ], [ -113.61217, 37.09974 ], [ -113.6122, 37.09975 ], [ -113.61223, 37.09975 ], [ -113.61226, 37.09975 ], [ -113.6123, 37.09974 ], [ -113.61233, 37.09972 ], [ -113.61235, 37.09971 ], [ -113.61237, 37.09968 ], [ -113.61239, 37.09966 ], [ -113.6124, 37.09963 ], [ -113.6124, 37.09962 ], [ -113.6124, 37.09961 ], [ -113.61239, 37.09956 ], [ -113.6124, 37.09953 ], [ -113.61245, 37.09939 ], [ -113.61275, 37.09946 ], [ -113.61267, 37.09967 ], [ -113.61254, 37.10005 ], [ -113.61245, 37.10031 ], [ -113.61242, 37.10037 ], [ -113.61231, 37.10065 ], [ -113.6123, 37.10067 ], [ -113.61234, 37.10069 ], [ -113.61244, 37.10072 ], [ -113.61236, 37.10081 ], [ -113.61257, 37.10092 ], [ -113.61259, 37.10093 ], [ -113.61262, 37.10093 ], [ -113.61264, 37.10092 ], [ -113.61266, 37.1009 ], [ -113.61268, 37.10088 ], [ -113.6127, 37.10085 ], [ -113.61272, 37.10082 ], [ -113.61272, 37.10078 ], [ -113.61272, 37.10075 ], [ -113.61271, 37.10065 ], [ -113.61271, 37.10061 ], [ -113.61271, 37.10056 ], [ -113.61272, 37.10052 ], [ -113.61273, 37.10048 ], [ -113.61308, 37.09948 ], [ -113.61309, 37.09946 ], [ -113.61311, 37.09944 ], [ -113.61312, 37.09942 ], [ -113.61315, 37.09941 ], [ -113.61317, 37.09939 ], [ -113.6132, 37.09938 ], [ -113.61323, 37.09938 ], [ -113.61326, 37.09938 ], [ -113.61342, 37.09938 ], [ -113.61344, 37.09937 ], [ -113.61346, 37.09935 ], [ -113.61347, 37.09934 ], [ -113.61349, 37.09933 ], [ -113.6135, 37.09933 ], [ -113.61352, 37.09933 ], [ -113.61353, 37.09933 ], [ -113.61355, 37.09933 ], [ -113.61356, 37.09934 ], [ -113.61358, 37.09934 ], [ -113.61359, 37.09935 ], [ -113.6136, 37.09936 ], [ -113.6136, 37.09938 ], [ -113.61361, 37.09939 ], [ -113.61361, 37.0994 ], [ -113.6136, 37.09941 ], [ -113.61359, 37.09943 ], [ -113.61358, 37.09945 ], [ -113.61355, 37.09946 ], [ -113.61365, 37.09964 ], [ -113.61373, 37.09986 ], [ -113.61374, 37.09989 ], [ -113.61375, 37.09989 ], [ -113.61385, 37.09983 ], [ -113.61415, 37.10015 ], [ -113.61429, 37.10023 ], [ -113.61433, 37.10014 ], [ -113.61505, 37.10078 ], [ -113.61514, 37.10069 ], [ -113.6152, 37.10074 ], [ -113.61541, 37.1006 ], [ -113.61549, 37.10055 ], [ -113.61515, 37.10033 ], [ -113.61499, 37.10027 ], [ -113.61484, 37.10017 ], [ -113.61487, 37.10003 ], [ -113.6149, 37.09998 ], [ -113.61526, 37.09961 ], [ -113.61583, 37.09957 ], [ -113.61581, 37.09958 ], [ -113.61579, 37.09959 ], [ -113.61578, 37.0996 ], [ -113.61576, 37.09962 ], [ -113.61575, 37.09963 ], [ -113.61574, 37.09965 ], [ -113.61574, 37.09967 ], [ -113.61574, 37.09969 ], [ -113.61574, 37.0997 ], [ -113.61574, 37.09972 ], [ -113.61575, 37.09974 ], [ -113.61576, 37.09976 ], [ -113.61577, 37.09977 ], [ -113.61579, 37.09979 ], [ -113.6158, 37.0998 ], [ -113.61582, 37.09981 ], [ -113.61585, 37.09982 ], [ -113.61588, 37.09983 ], [ -113.61592, 37.09983 ], [ -113.61595, 37.09982 ], [ -113.61598, 37.09982 ], [ -113.61601, 37.0998 ], [ -113.61603, 37.09979 ], [ -113.61606, 37.09976 ], [ -113.61607, 37.09973 ], [ -113.61608, 37.0997 ], [ -113.61608, 37.09967 ], [ -113.61607, 37.09963 ], [ -113.61607, 37.09961 ], [ -113.61608, 37.0996 ], [ -113.61611, 37.09957 ], [ -113.61614, 37.09953 ], [ -113.61617, 37.09949 ], [ -113.61619, 37.09945 ], [ -113.6162, 37.09944 ], [ -113.61621, 37.09943 ], [ -113.61623, 37.09943 ], [ -113.61624, 37.09943 ], [ -113.61629, 37.09944 ], [ -113.61631, 37.09945 ], [ -113.61636, 37.09947 ], [ -113.6164, 37.09949 ], [ -113.6166, 37.09968 ], [ -113.61667, 37.09974 ], [ -113.61673, 37.09978 ], [ -113.61679, 37.09982 ], [ -113.61685, 37.09986 ], [ -113.61699, 37.09993 ], [ -113.61706, 37.09998 ], [ -113.61713, 37.10002 ], [ -113.6172, 37.10006 ], [ -113.61722, 37.10008 ], [ -113.61723, 37.10009 ], [ -113.61724, 37.1001 ], [ -113.61725, 37.10013 ], [ -113.61727, 37.10015 ], [ -113.61728, 37.10016 ], [ -113.6173, 37.10017 ], [ -113.61732, 37.10018 ], [ -113.61734, 37.10018 ], [ -113.61737, 37.10018 ], [ -113.61741, 37.10017 ], [ -113.61743, 37.10017 ], [ -113.61745, 37.10017 ], [ -113.61748, 37.10018 ], [ -113.61753, 37.1002 ], [ -113.61754, 37.10021 ], [ -113.61755, 37.10022 ], [ -113.61755, 37.10023 ], [ -113.61756, 37.10024 ], [ -113.61764, 37.10015 ], [ -113.61763, 37.10015 ], [ -113.61761, 37.10015 ], [ -113.61752, 37.10011 ], [ -113.61751, 37.1001 ], [ -113.6175, 37.10009 ], [ -113.61749, 37.10008 ], [ -113.61746, 37.10004 ], [ -113.61745, 37.10002 ], [ -113.61744, 37.10001 ], [ -113.61742, 37.1 ], [ -113.61741, 37.1 ], [ -113.61739, 37.09999 ], [ -113.61737, 37.09999 ], [ -113.61735, 37.09999 ], [ -113.61732, 37.1 ], [ -113.61729, 37.1 ], [ -113.61726, 37.09999 ], [ -113.61724, 37.09999 ], [ -113.61717, 37.09994 ], [ -113.61711, 37.0999 ], [ -113.61706, 37.09987 ], [ -113.6169, 37.09979 ], [ -113.61686, 37.09976 ], [ -113.61678, 37.09971 ], [ -113.61671, 37.09966 ], [ -113.61665, 37.09961 ], [ -113.61648, 37.09944 ], [ -113.61643, 37.0994 ], [ -113.6164, 37.09939 ], [ -113.61642, 37.09937 ], [ -113.61644, 37.09935 ], [ -113.61662, 37.09919 ], [ -113.61665, 37.09915 ], [ -113.61679, 37.09903 ], [ -113.6169, 37.09892 ], [ -113.61701, 37.09882 ], [ -113.61712, 37.09872 ], [ -113.61724, 37.09861 ], [ -113.61702, 37.09846 ], [ -113.61713, 37.09836 ], [ -113.61713, 37.09835 ], [ -113.61714, 37.09835 ], [ -113.61715, 37.09835 ], [ -113.61716, 37.09836 ], [ -113.61725, 37.09842 ], [ -113.61736, 37.0985 ], [ -113.61744, 37.09843 ], [ -113.61856, 37.0992 ], [ -113.61857, 37.09918 ], [ -113.61872, 37.09903 ], [ -113.6188, 37.09895 ], [ -113.61888, 37.09901 ], [ -113.61906, 37.09883 ], [ -113.61916, 37.09892 ], [ -113.61911, 37.09898 ], [ -113.61885, 37.09925 ], [ -113.61906, 37.09938 ], [ -113.61911, 37.09941 ], [ -113.61924, 37.09953 ], [ -113.61958, 37.0993 ], [ -113.61976, 37.09947 ], [ -113.61995, 37.09965 ], [ -113.62014, 37.09982 ], [ -113.62027, 37.09995 ], [ -113.62028, 37.09996 ], [ -113.62028, 37.09998 ], [ -113.62028, 37.09999 ], [ -113.62027, 37.10001 ], [ -113.62006, 37.10023 ], [ -113.61984, 37.10048 ], [ -113.61982, 37.10049 ], [ -113.6198, 37.1005 ], [ -113.61977, 37.1005 ], [ -113.61975, 37.10049 ], [ -113.61969, 37.10044 ], [ -113.61965, 37.10042 ], [ -113.61956, 37.10033 ], [ -113.61937, 37.10016 ], [ -113.61918, 37.09998 ], [ -113.61899, 37.09981 ], [ -113.61885, 37.09968 ], [ -113.6188, 37.09963 ], [ -113.61874, 37.09959 ], [ -113.61866, 37.09953 ], [ -113.61865, 37.09952 ], [ -113.61864, 37.0995 ], [ -113.61863, 37.09948 ], [ -113.61852, 37.09959 ], [ -113.618649032258062, 37.099699419354835 ], [ -113.61865, 37.0997 ], [ -113.618651578947365, 37.099701578947368 ], [ -113.61977, 37.10065 ], [ -113.61953, 37.10089 ], [ -113.61962, 37.10094 ], [ -113.6198, 37.10075 ], [ -113.61997, 37.10057 ], [ -113.62014, 37.10038 ], [ -113.62029, 37.10021 ], [ -113.62032, 37.10019 ], [ -113.62035, 37.10017 ], [ -113.62037, 37.10016 ], [ -113.62041, 37.10014 ], [ -113.62045, 37.10012 ], [ -113.62049, 37.10009 ], [ -113.6205, 37.10007 ], [ -113.62053, 37.10004 ], [ -113.62054, 37.1 ], [ -113.62054, 37.09997 ], [ -113.62054, 37.09993 ], [ -113.62052, 37.09989 ], [ -113.62051, 37.09988 ], [ -113.62048, 37.09985 ], [ -113.62045, 37.09982 ], [ -113.62041, 37.0998 ], [ -113.62036, 37.09978 ], [ -113.62033, 37.09977 ], [ -113.6203, 37.09976 ], [ -113.62027, 37.09973 ], [ -113.62012, 37.09959 ], [ -113.61992, 37.09941 ], [ -113.62025, 37.09918 ], [ -113.62032, 37.09924 ], [ -113.62037, 37.09928 ], [ -113.62042, 37.09931 ], [ -113.62048, 37.09934 ], [ -113.62054, 37.09938 ], [ -113.62072, 37.09945 ], [ -113.62082, 37.09949 ], [ -113.6209, 37.09953 ], [ -113.62097, 37.09958 ], [ -113.62105, 37.09962 ], [ -113.62113, 37.09968 ], [ -113.62122, 37.09975 ], [ -113.62136, 37.09984 ], [ -113.62143, 37.09989 ], [ -113.6215, 37.09994 ], [ -113.6216, 37.10002 ], [ -113.62167, 37.09996 ], [ -113.62183, 37.1001 ], [ -113.62198, 37.10027 ], [ -113.62213, 37.10044 ], [ -113.62233, 37.10075 ], [ -113.62248, 37.10069 ], [ -113.62239, 37.10055 ], [ -113.62238, 37.10054 ], [ -113.6225, 37.10056 ], [ -113.62255, 37.10054 ], [ -113.6226, 37.10052 ], [ -113.62266, 37.1005 ], [ -113.62271, 37.10049 ], [ -113.62277, 37.10048 ], [ -113.62283, 37.10048 ], [ -113.62288, 37.10048 ], [ -113.62294, 37.10048 ], [ -113.62299, 37.10048 ], [ -113.62313, 37.1005 ], [ -113.62329, 37.10052 ], [ -113.62378, 37.10054 ], [ -113.62386, 37.10054 ], [ -113.62394, 37.10054 ], [ -113.62402, 37.10053 ], [ -113.6241, 37.10052 ], [ -113.6243, 37.10048 ], [ -113.62437, 37.10047 ], [ -113.62444, 37.10047 ], [ -113.62452, 37.10046 ], [ -113.62463, 37.10047 ], [ -113.62467, 37.10047 ], [ -113.62475, 37.10048 ], [ -113.62492, 37.10051 ], [ -113.625, 37.10052 ], [ -113.62492, 37.10042 ], [ -113.62484, 37.10033 ], [ -113.62477, 37.10024 ], [ -113.62457, 37.10011 ], [ -113.62433, 37.09996 ], [ -113.62407, 37.09979 ], [ -113.62377, 37.09959 ], [ -113.62441, 37.09918 ], [ -113.62443, 37.09919 ], [ -113.62445, 37.09921 ], [ -113.62447, 37.09922 ], [ -113.62451, 37.09923 ], [ -113.62454, 37.09924 ], [ -113.62464, 37.09932 ], [ -113.62475, 37.09941 ], [ -113.62486, 37.0995 ], [ -113.62492, 37.09957 ], [ -113.62501, 37.09967 ], [ -113.62504, 37.0997 ], [ -113.62509, 37.09974 ], [ -113.62514, 37.09978 ], [ -113.6252, 37.09982 ], [ -113.62526, 37.09986 ], [ -113.6253, 37.09988 ], [ -113.62535, 37.0999 ], [ -113.6254, 37.09992 ], [ -113.62552, 37.09997 ], [ -113.62555, 37.0999 ], [ -113.62596, 37.10005 ], [ -113.62589, 37.10018 ], [ -113.62587, 37.10027 ], [ -113.62587, 37.10032 ], [ -113.62588, 37.10039 ], [ -113.62593, 37.10047 ], [ -113.62598, 37.10046 ], [ -113.62596, 37.10041 ], [ -113.62595, 37.10039 ], [ -113.62594, 37.10036 ], [ -113.62594, 37.10033 ], [ -113.62594, 37.10029 ], [ -113.62595, 37.10025 ], [ -113.62596, 37.10021 ], [ -113.62598, 37.10018 ], [ -113.62613, 37.09989 ], [ -113.62626, 37.09966 ], [ -113.6264, 37.09941 ], [ -113.62641, 37.09939 ], [ -113.62643, 37.09938 ], [ -113.62646, 37.09937 ], [ -113.62649, 37.09938 ], [ -113.62664, 37.09943 ], [ -113.62666, 37.09944 ], [ -113.62667, 37.09945 ], [ -113.62668, 37.09946 ], [ -113.6267, 37.0995 ], [ -113.62672, 37.09952 ], [ -113.62674, 37.09953 ], [ -113.62676, 37.09955 ], [ -113.62678, 37.09956 ], [ -113.6268, 37.09956 ], [ -113.62682, 37.09957 ], [ -113.62685, 37.09957 ], [ -113.62687, 37.09957 ], [ -113.62689, 37.09957 ], [ -113.62691, 37.09956 ], [ -113.62693, 37.09955 ], [ -113.62695, 37.09954 ], [ -113.62697, 37.09953 ], [ -113.62699, 37.09952 ], [ -113.627, 37.0995 ], [ -113.62701, 37.09949 ], [ -113.62702, 37.09947 ], [ -113.62702, 37.09945 ], [ -113.62703, 37.09943 ], [ -113.62702, 37.09941 ], [ -113.62702, 37.09939 ], [ -113.627, 37.09937 ], [ -113.62699, 37.09935 ], [ -113.62697, 37.09933 ], [ -113.62695, 37.09932 ], [ -113.62693, 37.09931 ], [ -113.6269, 37.0993 ], [ -113.62698, 37.09907 ], [ -113.62732, 37.09919 ], [ -113.62733, 37.09914 ], [ -113.62736, 37.09897 ], [ -113.62738, 37.09886 ], [ -113.62741, 37.09874 ], [ -113.62744, 37.09859 ], [ -113.62745, 37.09852 ], [ -113.6275, 37.09831 ], [ -113.6275, 37.09829 ], [ -113.62752, 37.09818 ], [ -113.62752, 37.09805 ], [ -113.62752, 37.09804 ], [ -113.62751, 37.09776 ], [ -113.62751, 37.09749 ], [ -113.62785, 37.09748 ], [ -113.627957205882353, 37.09748 ], [ -113.62795, 37.09699 ], [ -113.62793, 37.09625 ], [ -113.62793, 37.09598 ], [ -113.62819, 37.0955 ], [ -113.6281, 37.09547 ], [ -113.62793, 37.0954 ], [ -113.6279, 37.09539 ], [ -113.62787, 37.09536 ], [ -113.62785, 37.09531 ], [ -113.62784, 37.09525 ], [ -113.62787, 37.09404 ], [ -113.62785, 37.09399 ], [ -113.62782, 37.09389 ], [ -113.62787, 37.09388 ], [ -113.62792, 37.09386 ], [ -113.62789, 37.09376 ], [ -113.62787, 37.09376 ], [ -113.62785, 37.09376 ], [ -113.62784, 37.09375 ], [ -113.62782, 37.09374 ], [ -113.62782, 37.09373 ], [ -113.62768, 37.09333 ], [ -113.62748, 37.09248 ], [ -113.62746, 37.09244 ], [ -113.62744, 37.09239 ], [ -113.62742, 37.09236 ], [ -113.62739, 37.09232 ], [ -113.62735, 37.09229 ], [ -113.62731, 37.09226 ], [ -113.62726, 37.09223 ], [ -113.62722, 37.09221 ], [ -113.62719, 37.0922 ], [ -113.62716, 37.09219 ], [ -113.62712, 37.09219 ], [ -113.62707, 37.09218 ], [ -113.62703, 37.09218 ], [ -113.62703, 37.092 ], [ -113.62703, 37.09199 ], [ -113.62704, 37.09198 ], [ -113.62716, 37.09198 ], [ -113.62716, 37.09189 ], [ -113.62787, 37.09189 ], [ -113.62789, 37.09199 ], [ -113.62798, 37.09198 ], [ -113.62796, 37.09189 ], [ -113.62802, 37.09189 ], [ -113.62804, 37.09198 ], [ -113.62807, 37.0921 ], [ -113.62811, 37.09221 ], [ -113.62816, 37.09233 ], [ -113.62821, 37.09244 ], [ -113.62826, 37.09256 ], [ -113.62832, 37.09267 ], [ -113.62838, 37.09278 ], [ -113.62844, 37.09289 ], [ -113.62851, 37.093 ], [ -113.62859, 37.09311 ], [ -113.62866, 37.09321 ], [ -113.62875, 37.09331 ], [ -113.62883, 37.09341 ], [ -113.62892, 37.09351 ], [ -113.62901, 37.09361 ], [ -113.62903, 37.09362 ], [ -113.62905, 37.09363 ], [ -113.62907, 37.09364 ], [ -113.62909, 37.09364 ], [ -113.62911, 37.09364 ], [ -113.62913, 37.09363 ], [ -113.62915, 37.09362 ], [ -113.62917, 37.09361 ], [ -113.62922, 37.09357 ], [ -113.62927, 37.09352 ], [ -113.62932, 37.09348 ], [ -113.62936, 37.09343 ], [ -113.62941, 37.09338 ], [ -113.62945, 37.09332 ], [ -113.62949, 37.09327 ], [ -113.62952, 37.09322 ], [ -113.62956, 37.09316 ], [ -113.62959, 37.09311 ], [ -113.62961, 37.09305 ], [ -113.62964, 37.09299 ], [ -113.62966, 37.09294 ], [ -113.62968, 37.09288 ], [ -113.6297, 37.09282 ], [ -113.62977, 37.0925 ], [ -113.6298, 37.09239 ], [ -113.62972, 37.09221 ], [ -113.62966, 37.09196 ], [ -113.62967, 37.09171 ], [ -113.62971, 37.09146 ], [ -113.62977, 37.0913 ], [ -113.62989, 37.0911 ], [ -113.63, 37.09096 ], [ -113.63006, 37.0909 ], [ -113.6301, 37.09086 ], [ -113.63026, 37.09074 ], [ -113.63068, 37.09049 ], [ -113.63088, 37.09038 ], [ -113.63109, 37.09036 ], [ -113.63125, 37.09037 ], [ -113.63129, 37.09036 ], [ -113.63141, 37.09032 ], [ -113.63152, 37.09029 ], [ -113.63164, 37.09026 ], [ -113.63178, 37.09023 ], [ -113.63186, 37.09022 ], [ -113.63201, 37.0902 ], [ -113.63204, 37.0902 ], [ -113.63208, 37.09018 ], [ -113.63211, 37.09017 ], [ -113.63214, 37.09014 ], [ -113.63218, 37.09011 ], [ -113.63219, 37.09009 ], [ -113.6322, 37.09007 ], [ -113.63221, 37.09003 ], [ -113.63221, 37.08999 ], [ -113.63221, 37.08996 ], [ -113.63244, 37.08995 ], [ -113.63245, 37.08999 ], [ -113.63247, 37.09003 ], [ -113.6325, 37.09006 ], [ -113.63254, 37.09009 ], [ -113.63258, 37.09011 ], [ -113.63263, 37.09013 ], [ -113.63268, 37.09013 ], [ -113.63273, 37.09013 ], [ -113.63275, 37.09025 ], [ -113.63276, 37.09029 ], [ -113.63271, 37.0903 ], [ -113.63266, 37.09032 ], [ -113.63262, 37.09034 ], [ -113.6326, 37.09036 ], [ -113.63257, 37.09039 ], [ -113.63255, 37.09043 ], [ -113.63253, 37.09047 ], [ -113.63253, 37.09051 ], [ -113.63253, 37.09053 ], [ -113.63259, 37.09083 ], [ -113.63262, 37.09098 ], [ -113.63266, 37.09113 ], [ -113.6327, 37.09128 ], [ -113.63275, 37.09143 ], [ -113.6328, 37.09157 ], [ -113.63286, 37.09172 ], [ -113.63292, 37.09186 ], [ -113.63299, 37.09201 ], [ -113.63307, 37.09216 ], [ -113.63316, 37.0923 ], [ -113.63325, 37.09245 ], [ -113.63334, 37.09259 ], [ -113.63344, 37.09273 ], [ -113.63354, 37.09287 ], [ -113.63365, 37.093 ], [ -113.63384, 37.09323 ], [ -113.63396, 37.09336 ], [ -113.63408, 37.09349 ], [ -113.6342, 37.09362 ], [ -113.63433, 37.09374 ], [ -113.63447, 37.09386 ], [ -113.63461, 37.09398 ], [ -113.63475, 37.09409 ], [ -113.6349, 37.09421 ], [ -113.63499, 37.09427 ], [ -113.63518, 37.0944 ], [ -113.63537, 37.09452 ], [ -113.63557, 37.09464 ], [ -113.63577, 37.09475 ], [ -113.63598, 37.09485 ], [ -113.6362, 37.09495 ], [ -113.63642, 37.09504 ], [ -113.63674, 37.09517 ], [ -113.63695, 37.09526 ], [ -113.63706, 37.09531 ], [ -113.63726, 37.09541 ], [ -113.6374, 37.09548 ], [ -113.63751, 37.09554 ], [ -113.63829, 37.09554 ], [ -113.63829, 37.0957 ], [ -113.63839, 37.0956 ], [ -113.63844, 37.09555 ], [ -113.63872, 37.09573 ], [ -113.63887, 37.09558 ], [ -113.63902, 37.09543 ], [ -113.63917, 37.09527 ], [ -113.63932, 37.09512 ], [ -113.63948, 37.09496 ], [ -113.63957, 37.09486 ], [ -113.63962, 37.09482 ], [ -113.63965, 37.09481 ], [ -113.63969, 37.09478 ], [ -113.6397, 37.09477 ], [ -113.6397, 37.09476 ], [ -113.63972, 37.09473 ], [ -113.63973, 37.0947 ], [ -113.63976, 37.09468 ], [ -113.63979, 37.09466 ], [ -113.63982, 37.09465 ], [ -113.63987, 37.09464 ], [ -113.63991, 37.09465 ], [ -113.63995, 37.09466 ], [ -113.63998, 37.09467 ], [ -113.64001, 37.0947 ], [ -113.64003, 37.09473 ], [ -113.64004, 37.09476 ], [ -113.64005, 37.09479 ], [ -113.64004, 37.09483 ], [ -113.64002, 37.09486 ], [ -113.63999, 37.09488 ], [ -113.63997, 37.0949 ], [ -113.63995, 37.09491 ], [ -113.63992, 37.09491 ], [ -113.6399, 37.09492 ], [ -113.63987, 37.09492 ], [ -113.63985, 37.09492 ], [ -113.63983, 37.09491 ], [ -113.63978, 37.0949 ], [ -113.63976, 37.0949 ], [ -113.63975, 37.0949 ], [ -113.63973, 37.09491 ], [ -113.6397, 37.09494 ], [ -113.63967, 37.09496 ], [ -113.6396, 37.09503 ], [ -113.63995, 37.09525 ], [ -113.63976, 37.09544 ], [ -113.63996, 37.09557 ], [ -113.64016, 37.09569 ], [ -113.64036, 37.09582 ], [ -113.64056, 37.09594 ], [ -113.64076, 37.09607 ], [ -113.64095, 37.0962 ], [ -113.64115, 37.09632 ], [ -113.64129, 37.09641 ], [ -113.64134, 37.09644 ], [ -113.64139, 37.09646 ], [ -113.64145, 37.09649 ], [ -113.64151, 37.09652 ], [ -113.64157, 37.09654 ], [ -113.64163, 37.09656 ], [ -113.64184, 37.09628 ], [ -113.64192, 37.09632 ], [ -113.6421, 37.09602 ], [ -113.64208, 37.09603 ], [ -113.64205, 37.09603 ], [ -113.64202, 37.09604 ], [ -113.64199, 37.09603 ], [ -113.64196, 37.09602 ], [ -113.64194, 37.09601 ], [ -113.64191, 37.096 ], [ -113.64189, 37.09598 ], [ -113.64187, 37.09595 ], [ -113.64186, 37.09592 ], [ -113.64186, 37.09589 ], [ -113.64187, 37.09585 ], [ -113.64187, 37.09584 ], [ -113.64226, 37.09601 ], [ -113.64238, 37.09613 ], [ -113.64242, 37.09623 ], [ -113.64246, 37.09642 ], [ -113.64244, 37.09656 ], [ -113.64217, 37.09686 ], [ -113.64163, 37.09742 ], [ -113.64141, 37.09764 ], [ -113.64139, 37.09769 ], [ -113.64133, 37.09781 ], [ -113.64201, 37.09798 ], [ -113.64247, 37.0981 ], [ -113.6425, 37.09801 ], [ -113.64296, 37.09812 ], [ -113.64298, 37.09812 ], [ -113.64299, 37.09812 ], [ -113.64301, 37.09811 ], [ -113.64302, 37.09809 ], [ -113.64303, 37.09808 ], [ -113.6431, 37.0979 ], [ -113.64313, 37.09783 ], [ -113.64315, 37.09779 ], [ -113.64319, 37.09772 ], [ -113.64322, 37.09768 ], [ -113.64325, 37.09763 ], [ -113.64329, 37.09759 ], [ -113.64333, 37.09755 ], [ -113.64338, 37.09751 ], [ -113.64343, 37.09747 ], [ -113.64348, 37.09744 ], [ -113.64353, 37.0974 ], [ -113.6436, 37.09745 ], [ -113.64366, 37.0975 ], [ -113.64379, 37.09754 ], [ -113.64391, 37.09758 ], [ -113.64408, 37.09765 ], [ -113.64415, 37.09769 ], [ -113.64428, 37.09775 ], [ -113.64438, 37.09781 ], [ -113.64448, 37.09787 ], [ -113.6446, 37.09794 ], [ -113.64467, 37.09799 ], [ -113.6448, 37.09809 ], [ -113.64484, 37.09813 ], [ -113.64491, 37.09819 ] ], [ [ -113.61202, 37.1065 ], [ -113.61201, 37.10651 ], [ -113.61201, 37.106518571428573 ], [ -113.61202, 37.1065 ] ], [ [ -113.62489, 37.10415 ], [ -113.624794879227068, 37.104175942028974 ], [ -113.624794879227053, 37.104175942028988 ], [ -113.62489, 37.10415 ] ], [ [ -113.64148, 37.10431 ], [ -113.64151, 37.104495 ], [ -113.641510000000125, 37.104495000000767 ], [ -113.64148, 37.10431 ] ], [ [ -113.64157, 37.10481 ], [ -113.64159, 37.104879999999866 ], [ -113.64159, 37.10488 ], [ -113.64157, 37.10481 ] ] ] } },
{ "type": "Feature", "properties": { "district_id": 2, "district_name": "District 3", "district_color": "#16a34a", "fill": "#16a34a", "stroke": "#16a34a", "fill_opacity": 0.45, "stroke_width": 2 }, "geometry": { "type": "MultiPolygon", "coordinates": [ [ [ [ -114.043451290322594, 37.340531161290322 ], [ -114.04358, 37.34059 ], [ -114.0439, 37.34079 ], [ -114.04418, 37.34091 ], [ -114.04433, 37.34095 ], [ -114.04442, 37.34098 ], [ -114.04447, 37.34099 ], [ -114.04476, 37.34103 ], [ -114.04486, 37.34109 ], [ -114.04492, 37.34117 ], [ -114.04499, 37.3412 ], [ -114.0452, 37.34147 ], [ -114.04535, 37.34178 ], [ -114.04558, 37.34212 ], [ -114.04594, 37.34242 ], [ -114.04638, 37.34252 ], [ -114.04657, 37.34251 ], [ -114.04664, 37.34251 ], [ -114.04672, 37.34251 ], [ -114.04686, 37.34255 ], [ -114.04696, 37.34279 ], [ -114.04707, 37.34322 ], [ -114.04743, 37.34367 ], [ -114.04788, 37.34405 ], [ -114.04834, 37.34443 ], [ -114.04869, 37.34479 ], [ -114.04901, 37.34504 ], [ -114.04939, 37.34529 ], [ -114.04951, 37.3454 ], [ -114.04956, 37.34544 ], [ -114.04957, 37.34546 ], [ -114.04969, 37.34557 ], [ -114.05006, 37.34595 ], [ -114.05025, 37.34618 ], [ -114.05066, 37.34692 ], [ -114.05083, 37.3471 ], [ -114.05091, 37.34706 ], [ -114.05098, 37.34699 ], [ -114.05105, 37.34688 ], [ -114.05111, 37.3467 ], [ -114.05112, 37.34651 ], [ -114.05106, 37.34635 ], [ -114.05097, 37.34624 ], [ -114.05085, 37.34603 ], [ -114.05084, 37.34593 ], [ -114.05085, 37.34579 ], [ -114.05088, 37.34569 ], [ -114.05098, 37.34558 ], [ -114.05099, 37.34557 ], [ -114.05111, 37.34547 ], [ -114.0512, 37.34537 ], [ -114.05128, 37.3452 ], [ -114.05134, 37.34503 ], [ -114.05135, 37.34486 ], [ -114.05142, 37.34473 ], [ -114.05158, 37.34465 ], [ -114.05182, 37.34458 ], [ -114.05182, 37.34345 ], [ -114.05181, 37.34193 ], [ -114.05182, 37.34193 ], [ -114.05191, 37.3418 ], [ -114.052, 37.34173 ], [ -114.05204, 37.34173 ], [ -114.05205, 37.34381 ], [ -114.05205, 37.34414 ], [ -114.05205, 37.34418 ], [ -114.05205, 37.34448 ], [ -114.05241, 37.42658 ], [ -114.05243, 37.43146 ], [ -114.05258, 37.46637 ], [ -114.05259, 37.46766 ], [ -114.0526, 37.47127 ], [ -114.05261, 37.47225 ], [ -114.05261, 37.47235 ], [ -114.05267, 37.48599 ], [ -113.99307, 37.48619 ], [ -113.97489, 37.48625 ], [ -113.95865, 37.48631 ], [ -113.95672, 37.48631 ], [ -113.92033, 37.48643 ], [ -113.88887, 37.48654 ], [ -113.8431, 37.48669 ], [ -113.84123, 37.4867 ], [ -113.83617, 37.48671 ], [ -113.81002, 37.4868 ], [ -113.74715, 37.48701 ], [ -113.73344, 37.48706 ], [ -113.7329, 37.48706 ], [ -113.73288, 37.48706 ], [ -113.6982, 37.48717 ], [ -113.68265, 37.48723 ], [ -113.66151, 37.4873 ], [ -113.64334, 37.48736 ], [ -113.64055, 37.48737 ], [ -113.63986, 37.48737 ], [ -113.6388, 37.48737 ], [ -113.63667, 37.48738 ], [ -113.6365, 37.48738 ], [ -113.63477, 37.48738 ], [ -113.62995, 37.48739 ], [ -113.6296, 37.48739 ], [ -113.62919, 37.48739 ], [ -113.62503, 37.48739 ], [ -113.61819, 37.4874 ], [ -113.61811, 37.4874 ], [ -113.58822, 37.48742 ], [ -113.5886, 37.44591 ], [ -113.59799, 37.4459 ], [ -113.59793, 37.44575 ], [ -113.59787, 37.44567 ], [ -113.59776, 37.44557 ], [ -113.59769, 37.44544 ], [ -113.59766, 37.44541 ], [ -113.59736, 37.44526 ], [ -113.59733, 37.44524 ], [ -113.5973, 37.44519 ], [ -113.59729, 37.44515 ], [ -113.59731, 37.44511 ], [ -113.59737, 37.44503 ], [ -113.59751, 37.44474 ], [ -113.59753, 37.4446 ], [ -113.59753, 37.44451 ], [ -113.59748, 37.44434 ], [ -113.59747, 37.4442 ], [ -113.59745, 37.44416 ], [ -113.59738, 37.44409 ], [ -113.5973, 37.44402 ], [ -113.59711, 37.44392 ], [ -113.59708, 37.44384 ], [ -113.59701, 37.44357 ], [ -113.59699, 37.44339 ], [ -113.59701, 37.44291 ], [ -113.59703, 37.44281 ], [ -113.59718, 37.44275 ], [ -113.59728, 37.44271 ], [ -113.59739, 37.44272 ], [ -113.5975, 37.44271 ], [ -113.59756, 37.4427 ], [ -113.59766, 37.44265 ], [ -113.59783, 37.44254 ], [ -113.598, 37.44242 ], [ -113.59827, 37.44218 ], [ -113.59839, 37.44209 ], [ -113.59865, 37.44192 ], [ -113.59882, 37.4418 ], [ -113.59909, 37.44164 ], [ -113.59947, 37.44144 ], [ -113.59963, 37.44131 ], [ -113.59972, 37.44126 ], [ -113.59986, 37.44118 ], [ -113.6002, 37.44102 ], [ -113.60053, 37.44084 ], [ -113.60129, 37.44046 ], [ -113.60165, 37.44024 ], [ -113.60203, 37.43997 ], [ -113.60243, 37.43973 ], [ -113.60274, 37.43953 ], [ -113.60284, 37.43949 ], [ -113.60336, 37.43931 ], [ -113.60351, 37.43924 ], [ -113.60364, 37.43916 ], [ -113.60384, 37.439 ], [ -113.60395, 37.4389 ], [ -113.60418, 37.43864 ], [ -113.60437, 37.43837 ], [ -113.60458, 37.4381 ], [ -113.60466, 37.43803 ], [ -113.60475, 37.43798 ], [ -113.60483, 37.43792 ], [ -113.60502, 37.43769 ], [ -113.6053, 37.43741 ], [ -113.60565, 37.4369 ], [ -113.60589, 37.43659 ], [ -113.60606, 37.43641 ], [ -113.60618, 37.43626 ], [ -113.60622, 37.4362 ], [ -113.60648, 37.43544 ], [ -113.60663, 37.4352 ], [ -113.60685, 37.43501 ], [ -113.60685, 37.4347 ], [ -113.60644, 37.43397 ], [ -113.60637, 37.4337 ], [ -113.60635, 37.43321 ], [ -113.60616, 37.43241 ], [ -113.60569, 37.43155 ], [ -113.6056, 37.43131 ], [ -113.6056, 37.4313 ], [ -113.60551, 37.43037 ], [ -113.60556, 37.42991 ], [ -113.6056, 37.42922 ], [ -113.60567, 37.4286 ], [ -113.60577, 37.42795 ], [ -113.60579, 37.42731 ], [ -113.60568, 37.4268 ], [ -113.60584, 37.42645 ], [ -113.60605, 37.42559 ], [ -113.6063, 37.42507 ], [ -113.60631, 37.42429 ], [ -113.60631, 37.42426 ], [ -113.60644, 37.42417 ], [ -113.60662, 37.42393 ], [ -113.60737, 37.42311 ], [ -113.6078, 37.42246 ], [ -113.60811, 37.42176 ], [ -113.60836, 37.42102 ], [ -113.60872, 37.42022 ], [ -113.60896, 37.41961 ], [ -113.60912, 37.41935 ], [ -113.60937, 37.4187 ], [ -113.60999, 37.41777 ], [ -113.61027, 37.41761 ], [ -113.61055, 37.4175 ], [ -113.61071, 37.41737 ], [ -113.61077, 37.41726 ], [ -113.61648, 37.41713 ], [ -113.61648, 37.42063 ], [ -113.61679, 37.42063 ], [ -113.6168, 37.42141 ], [ -113.61679, 37.42142 ], [ -113.61679, 37.42143 ], [ -113.61678, 37.42144 ], [ -113.61677, 37.42145 ], [ -113.61676, 37.42145 ], [ -113.61674, 37.42146 ], [ -113.61673, 37.42146 ], [ -113.61616, 37.42146 ], [ -113.61553, 37.42146 ], [ -113.61489, 37.42147 ], [ -113.61426, 37.42147 ], [ -113.61362, 37.42147 ], [ -113.61299, 37.42147 ], [ -113.61236, 37.42148 ], [ -113.61178, 37.42148 ], [ -113.61177, 37.42148 ], [ -113.61176, 37.42147 ], [ -113.61176, 37.42153 ], [ -113.61699, 37.42153 ], [ -113.61699, 37.42144 ], [ -113.61701, 37.42145 ], [ -113.61703, 37.42146 ], [ -113.61761, 37.42146 ], [ -113.61824, 37.42145 ], [ -113.61888, 37.42145 ], [ -113.61951, 37.42145 ], [ -113.61991, 37.42145 ], [ -113.61997, 37.42145 ], [ -113.62007, 37.42146 ], [ -113.62018, 37.42147 ], [ -113.62029, 37.42149 ], [ -113.6204, 37.42152 ], [ -113.6205, 37.42155 ], [ -113.62095, 37.42073 ], [ -113.62138, 37.42136 ], [ -113.6214, 37.42135 ], [ -113.62143, 37.42135 ], [ -113.62146, 37.42135 ], [ -113.62148, 37.42135 ], [ -113.62151, 37.42135 ], [ -113.62153, 37.42136 ], [ -113.62155, 37.42137 ], [ -113.62158, 37.42138 ], [ -113.62242, 37.4206 ], [ -113.62251, 37.42163 ], [ -113.62319, 37.42169 ], [ -113.62308, 37.4206 ], [ -113.62328, 37.4206 ], [ -113.62329, 37.4206 ], [ -113.62367, 37.4206 ], [ -113.62425, 37.42059 ], [ -113.62381, 37.42007 ], [ -113.62384, 37.42004 ], [ -113.62386, 37.42003 ], [ -113.62387, 37.42002 ], [ -113.62388, 37.41999 ], [ -113.62388, 37.41997 ], [ -113.62389, 37.41995 ], [ -113.62388, 37.41993 ], [ -113.62387, 37.4199 ], [ -113.62385, 37.41987 ], [ -113.62383, 37.41985 ], [ -113.62381, 37.41984 ], [ -113.62378, 37.41983 ], [ -113.62376, 37.41982 ], [ -113.62391, 37.41936 ], [ -113.62392, 37.41936 ], [ -113.62361, 37.41891 ], [ -113.62364, 37.41891 ], [ -113.62366, 37.41891 ], [ -113.62371, 37.41891 ], [ -113.62374, 37.41889 ], [ -113.62376, 37.41888 ], [ -113.62379, 37.41886 ], [ -113.6238, 37.41884 ], [ -113.62381, 37.41882 ], [ -113.62382, 37.4188 ], [ -113.62382, 37.41877 ], [ -113.62382, 37.41875 ], [ -113.62381, 37.41873 ], [ -113.6238, 37.41871 ], [ -113.62378, 37.41869 ], [ -113.62376, 37.41868 ], [ -113.62374, 37.41866 ], [ -113.62372, 37.41865 ], [ -113.62369, 37.41864 ], [ -113.62386, 37.41813 ], [ -113.62332, 37.4182 ], [ -113.623, 37.41825 ], [ -113.62286, 37.41827 ], [ -113.62274, 37.41774 ], [ -113.62324, 37.41767 ], [ -113.62325, 37.41767 ], [ -113.62327, 37.41767 ], [ -113.62332, 37.4177 ], [ -113.62335, 37.4177 ], [ -113.62337, 37.41771 ], [ -113.62339, 37.41771 ], [ -113.62341, 37.41771 ], [ -113.62344, 37.41771 ], [ -113.62346, 37.4177 ], [ -113.62348, 37.41769 ], [ -113.6235, 37.41768 ], [ -113.62352, 37.41767 ], [ -113.62354, 37.41765 ], [ -113.62355, 37.41763 ], [ -113.62445, 37.41798 ], [ -113.62445, 37.41777 ], [ -113.62445, 37.41754 ], [ -113.62445, 37.41711 ], [ -113.62445, 37.41697 ], [ -113.62523, 37.41697 ], [ -113.62547, 37.41697 ], [ -113.62559, 37.41699 ], [ -113.62593, 37.41702 ], [ -113.62627, 37.41706 ], [ -113.62662, 37.41711 ], [ -113.62673, 37.41712 ], [ -113.62673, 37.41713 ], [ -113.6268, 37.41713 ], [ -113.62896, 37.41712 ], [ -113.62914, 37.41712 ], [ -113.62914, 37.41698 ], [ -113.63204, 37.41699 ], [ -113.63202, 37.41709 ], [ -113.63222, 37.4171 ], [ -113.63248, 37.41709 ], [ -113.63281, 37.4171 ], [ -113.63298, 37.41709 ], [ -113.63336, 37.4171 ], [ -113.63367, 37.4171 ], [ -113.63388, 37.4171 ], [ -113.63463, 37.4171 ], [ -113.63491, 37.41711 ], [ -113.6352, 37.41711 ], [ -113.63551, 37.41711 ], [ -113.63598, 37.41711 ], [ -113.63598, 37.41719 ], [ -113.63626, 37.41719 ], [ -113.63627, 37.4172 ], [ -113.63629, 37.4172 ], [ -113.63631, 37.41722 ], [ -113.63633, 37.41723 ], [ -113.63633, 37.41725 ], [ -113.63634, 37.41726 ], [ -113.63633, 37.41747 ], [ -113.63633, 37.41773 ], [ -113.63633, 37.41799 ], [ -113.63633, 37.41825 ], [ -113.63633, 37.41851 ], [ -113.63633, 37.41856 ], [ -113.63633, 37.41861 ], [ -113.63634, 37.41866 ], [ -113.63636, 37.41871 ], [ -113.63637, 37.41875 ], [ -113.63639, 37.41879 ], [ -113.63641, 37.41882 ], [ -113.63643, 37.41886 ], [ -113.63649, 37.41894 ], [ -113.63653, 37.41899 ], [ -113.63655, 37.41903 ], [ -113.63658, 37.41908 ], [ -113.6366, 37.41913 ], [ -113.63662, 37.41918 ], [ -113.63663, 37.41923 ], [ -113.63665, 37.41928 ], [ -113.63666, 37.41934 ], [ -113.63666, 37.4194 ], [ -113.63666, 37.41946 ], [ -113.63622, 37.41945 ], [ -113.6364, 37.41974 ], [ -113.63638, 37.41975 ], [ -113.63636, 37.41976 ], [ -113.63635, 37.41978 ], [ -113.63633, 37.41979 ], [ -113.63632, 37.4198 ], [ -113.63631, 37.41982 ], [ -113.6363, 37.41984 ], [ -113.6363, 37.41985 ], [ -113.6363, 37.41987 ], [ -113.6363, 37.41989 ], [ -113.63631, 37.41991 ], [ -113.63632, 37.41993 ], [ -113.63633, 37.41995 ], [ -113.63635, 37.41996 ], [ -113.63636, 37.41997 ], [ -113.63638, 37.41999 ], [ -113.63606, 37.42021 ], [ -113.63666, 37.42022 ], [ -113.63666, 37.42027 ], [ -113.63667, 37.42033 ], [ -113.63668, 37.42036 ], [ -113.63668, 37.42038 ], [ -113.63668, 37.4204 ], [ -113.63667, 37.42041 ], [ -113.63665, 37.42043 ], [ -113.63664, 37.42044 ], [ -113.63662, 37.42044 ], [ -113.63659, 37.42044 ], [ -113.63657, 37.42044 ], [ -113.63654, 37.42043 ], [ -113.63651, 37.42043 ], [ -113.63648, 37.42043 ], [ -113.63645, 37.42044 ], [ -113.63642, 37.42045 ], [ -113.63639, 37.42047 ], [ -113.63637, 37.42048 ], [ -113.63635, 37.42051 ], [ -113.63595, 37.42035 ], [ -113.63595, 37.42057 ], [ -113.63546, 37.42057 ], [ -113.63546, 37.42022 ], [ -113.63529, 37.42022 ], [ -113.63529, 37.42057 ], [ -113.63529, 37.42093 ], [ -113.63528, 37.4212 ], [ -113.63528, 37.42122 ], [ -113.63528, 37.42123 ], [ -113.63527, 37.42124 ], [ -113.63526, 37.42125 ], [ -113.63524, 37.42126 ], [ -113.63523, 37.42126 ], [ -113.63521, 37.42127 ], [ -113.63519, 37.42127 ], [ -113.6348, 37.42124 ], [ -113.6348, 37.42129 ], [ -113.63543, 37.42134 ], [ -113.63596, 37.42135 ], [ -113.63694, 37.42133 ], [ -113.63695, 37.42095 ], [ -113.63692, 37.42053 ], [ -113.63689, 37.42037 ], [ -113.63685, 37.42007 ], [ -113.63683, 37.41993 ], [ -113.63683, 37.41982 ], [ -113.63684, 37.41968 ], [ -113.63684, 37.41959 ], [ -113.63685, 37.41954 ], [ -113.63687, 37.41947 ], [ -113.63689, 37.4194 ], [ -113.63692, 37.41933 ], [ -113.63694, 37.4193 ], [ -113.63696, 37.41927 ], [ -113.637, 37.41921 ], [ -113.63705, 37.41915 ], [ -113.6371, 37.4191 ], [ -113.63715, 37.41905 ], [ -113.63722, 37.419 ], [ -113.63738, 37.41888 ], [ -113.63754, 37.41877 ], [ -113.63755, 37.41877 ], [ -113.63757, 37.41876 ], [ -113.63758, 37.41876 ], [ -113.6376, 37.41876 ], [ -113.63761, 37.41876 ], [ -113.63763, 37.41876 ], [ -113.63764, 37.41877 ], [ -113.63766, 37.41878 ], [ -113.63786, 37.41897 ], [ -113.63795, 37.41891 ], [ -113.63867, 37.4193 ], [ -113.63888, 37.41933 ], [ -113.63908, 37.41927 ], [ -113.63928, 37.41925 ], [ -113.63947, 37.4193 ], [ -113.63972, 37.41938 ], [ -113.64034, 37.41948 ], [ -113.64182, 37.41847 ], [ -113.64171, 37.41818 ], [ -113.6417, 37.41818 ], [ -113.64156, 37.41788 ], [ -113.64148, 37.41776 ], [ -113.64131, 37.41742 ], [ -113.64124, 37.41735 ], [ -113.64115, 37.41728 ], [ -113.64104, 37.41722 ], [ -113.64094, 37.41718 ], [ -113.64083, 37.41712 ], [ -113.64121, 37.41713 ], [ -113.64165, 37.41713 ], [ -113.64241, 37.41714 ], [ -113.64259, 37.41714 ], [ -113.64265, 37.41713 ], [ -113.64269, 37.41712 ], [ -113.64271, 37.41712 ], [ -113.64277, 37.41709 ], [ -113.6428, 37.41705 ], [ -113.64282, 37.41694 ], [ -113.6428, 37.41655 ], [ -113.64305, 37.41644 ], [ -113.64315, 37.41639 ], [ -113.64325, 37.41635 ], [ -113.64336, 37.41633 ], [ -113.64341, 37.41633 ], [ -113.64347, 37.41633 ], [ -113.64352, 37.41634 ], [ -113.64358, 37.41635 ], [ -113.64368, 37.41639 ], [ -113.64392, 37.41651 ], [ -113.64406, 37.41659 ], [ -113.64423, 37.41671 ], [ -113.64437, 37.41679 ], [ -113.64468, 37.41689 ], [ -113.64496, 37.41704 ], [ -113.64507, 37.41707 ], [ -113.64529, 37.41709 ], [ -113.6454, 37.41712 ], [ -113.64566, 37.41721 ], [ -113.64574, 37.41726 ], [ -113.64579, 37.41728 ], [ -113.6459, 37.41731 ], [ -113.64629, 37.41736 ], [ -113.64634, 37.41737 ], [ -113.64644, 37.41741 ], [ -113.64658, 37.41749 ], [ -113.64667, 37.41754 ], [ -113.64707, 37.41787 ], [ -113.64721, 37.41801 ], [ -113.64725, 37.41804 ], [ -113.64731, 37.41806 ], [ -113.64741, 37.41794 ], [ -113.64744, 37.41791 ], [ -113.64754, 37.41786 ], [ -113.64782, 37.41782 ], [ -113.64792, 37.41778 ], [ -113.648, 37.41772 ], [ -113.64806, 37.41764 ], [ -113.64811, 37.41751 ], [ -113.64815, 37.41724 ], [ -113.64821, 37.41707 ], [ -113.64821, 37.41698 ], [ -113.64819, 37.41684 ], [ -113.6482, 37.41674 ], [ -113.64821, 37.41662 ], [ -113.64824, 37.41653 ], [ -113.64838, 37.41619 ], [ -113.64841, 37.4161 ], [ -113.64844, 37.41592 ], [ -113.64847, 37.4157 ], [ -113.64853, 37.41553 ], [ -113.64862, 37.41541 ], [ -113.64901, 37.41501 ], [ -113.64916, 37.41487 ], [ -113.64933, 37.41475 ], [ -113.64942, 37.4147 ], [ -113.64952, 37.41466 ], [ -113.64964, 37.41465 ], [ -113.65004, 37.41465 ], [ -113.65019, 37.41458 ], [ -113.65043, 37.41446 ], [ -113.65062, 37.41437 ], [ -113.65072, 37.41433 ], [ -113.65089, 37.41429 ], [ -113.65116, 37.41424 ], [ -113.65143, 37.41416 ], [ -113.65156, 37.41414 ], [ -113.65166, 37.41416 ], [ -113.65171, 37.41418 ], [ -113.65185, 37.41427 ], [ -113.65205, 37.41442 ], [ -113.65228, 37.41463 ], [ -113.65232, 37.41466 ], [ -113.65237, 37.41468 ], [ -113.65242, 37.41467 ], [ -113.65247, 37.41465 ], [ -113.65252, 37.41462 ], [ -113.6526, 37.41455 ], [ -113.65268, 37.4145 ], [ -113.65273, 37.41447 ], [ -113.65284, 37.41444 ], [ -113.6529, 37.41444 ], [ -113.65323, 37.41448 ], [ -113.6534, 37.41449 ], [ -113.65352, 37.41449 ], [ -113.65369, 37.41447 ], [ -113.65379, 37.41444 ], [ -113.65388, 37.41438 ], [ -113.65392, 37.41435 ], [ -113.65394, 37.41431 ], [ -113.65396, 37.41413 ], [ -113.65397, 37.41408 ], [ -113.65401, 37.41395 ], [ -113.65406, 37.41387 ], [ -113.6541, 37.41383 ], [ -113.65414, 37.41381 ], [ -113.65435, 37.41373 ], [ -113.65443, 37.41366 ], [ -113.65446, 37.41362 ], [ -113.65448, 37.41357 ], [ -113.65448, 37.41353 ], [ -113.65447, 37.41349 ], [ -113.6544, 37.41336 ], [ -113.65439, 37.41323 ], [ -113.6544, 37.41314 ], [ -113.65444, 37.41306 ], [ -113.65449, 37.41301 ], [ -113.65461, 37.41291 ], [ -113.6547, 37.41286 ], [ -113.6549, 37.41278 ], [ -113.65517, 37.41271 ], [ -113.65528, 37.41266 ], [ -113.65533, 37.41263 ], [ -113.65536, 37.41261 ], [ -113.65537, 37.41257 ], [ -113.65534, 37.41253 ], [ -113.65511, 37.41232 ], [ -113.655, 37.41216 ], [ -113.65498, 37.41212 ], [ -113.65498, 37.41208 ], [ -113.65507, 37.41191 ], [ -113.65509, 37.41181 ], [ -113.65511, 37.41176 ], [ -113.6551, 37.41168 ], [ -113.65502, 37.41141 ], [ -113.65495, 37.41129 ], [ -113.65494, 37.41124 ], [ -113.65493, 37.4112 ], [ -113.65494, 37.41115 ], [ -113.65496, 37.41111 ], [ -113.65499, 37.41108 ], [ -113.65508, 37.41102 ], [ -113.65511, 37.41098 ], [ -113.65516, 37.4108 ], [ -113.65521, 37.41071 ], [ -113.65525, 37.41064 ], [ -113.65535, 37.41053 ], [ -113.65545, 37.41032 ], [ -113.65555, 37.41021 ], [ -113.65563, 37.41015 ], [ -113.65568, 37.41012 ], [ -113.65574, 37.4101 ], [ -113.65583, 37.41009 ], [ -113.6559, 37.41009 ], [ -113.65601, 37.41011 ], [ -113.65606, 37.41012 ], [ -113.6562, 37.4102 ], [ -113.6563, 37.41024 ], [ -113.65641, 37.41027 ], [ -113.65651, 37.41028 ], [ -113.65647, 37.41019 ], [ -113.65645, 37.4101 ], [ -113.65645, 37.41006 ], [ -113.65649, 37.40997 ], [ -113.6565, 37.40993 ], [ -113.65649, 37.40984 ], [ -113.65644, 37.40975 ], [ -113.65633, 37.40965 ], [ -113.65634, 37.40956 ], [ -113.65635, 37.40952 ], [ -113.6564, 37.40944 ], [ -113.65642, 37.40939 ], [ -113.65644, 37.40935 ], [ -113.65663, 37.40923 ], [ -113.65667, 37.40921 ], [ -113.65672, 37.40922 ], [ -113.65676, 37.40925 ], [ -113.65691, 37.4094 ], [ -113.65738, 37.40979 ], [ -113.65741, 37.40982 ], [ -113.65753, 37.40998 ], [ -113.65755, 37.41002 ], [ -113.6576, 37.41013 ], [ -113.65767, 37.41009 ], [ -113.65782, 37.41003 ], [ -113.65823, 37.40979 ], [ -113.65828, 37.40977 ], [ -113.65833, 37.40978 ], [ -113.65839, 37.40981 ], [ -113.65843, 37.40984 ], [ -113.65851, 37.4099 ], [ -113.6587, 37.41 ], [ -113.65876, 37.41001 ], [ -113.65893, 37.41004 ], [ -113.65903, 37.41008 ], [ -113.65911, 37.41014 ], [ -113.65921, 37.41025 ], [ -113.65923, 37.41029 ], [ -113.6593, 37.41046 ], [ -113.65936, 37.41054 ], [ -113.65953, 37.41066 ], [ -113.65985, 37.41092 ], [ -113.65997, 37.41101 ], [ -113.66002, 37.41104 ], [ -113.66007, 37.41106 ], [ -113.66012, 37.41106 ], [ -113.66018, 37.41106 ], [ -113.66024, 37.41105 ], [ -113.66029, 37.41103 ], [ -113.66041, 37.41093 ], [ -113.66061, 37.41077 ], [ -113.66069, 37.41071 ], [ -113.66079, 37.41068 ], [ -113.66096, 37.41065 ], [ -113.66113, 37.41062 ], [ -113.66128, 37.41057 ], [ -113.66137, 37.41051 ], [ -113.6615, 37.41043 ], [ -113.66171, 37.41027 ], [ -113.66184, 37.41019 ], [ -113.66194, 37.41015 ], [ -113.66205, 37.41012 ], [ -113.66211, 37.41011 ], [ -113.66233, 37.41009 ], [ -113.6625, 37.41006 ], [ -113.6626, 37.41007 ], [ -113.66265, 37.41009 ], [ -113.66275, 37.41014 ], [ -113.66278, 37.41018 ], [ -113.66285, 37.4103 ], [ -113.66293, 37.41056 ], [ -113.66296, 37.4106 ], [ -113.66299, 37.41064 ], [ -113.66304, 37.41066 ], [ -113.6631, 37.41067 ], [ -113.66315, 37.41066 ], [ -113.6632, 37.41064 ], [ -113.66326, 37.41056 ], [ -113.66328, 37.41052 ], [ -113.66328, 37.41047 ], [ -113.66325, 37.41034 ], [ -113.66326, 37.4103 ], [ -113.66335, 37.41024 ], [ -113.6635, 37.41011 ], [ -113.66357, 37.41003 ], [ -113.66363, 37.40991 ], [ -113.66367, 37.40987 ], [ -113.6637, 37.40983 ], [ -113.66375, 37.40982 ], [ -113.66387, 37.40981 ], [ -113.66398, 37.40978 ], [ -113.66403, 37.40976 ], [ -113.66406, 37.40973 ], [ -113.66412, 37.4096 ], [ -113.66416, 37.40947 ], [ -113.66424, 37.4093 ], [ -113.66429, 37.40922 ], [ -113.66441, 37.40907 ], [ -113.66451, 37.4089 ], [ -113.66456, 37.40883 ], [ -113.66462, 37.40876 ], [ -113.6647, 37.40869 ], [ -113.66523, 37.40835 ], [ -113.66539, 37.40826 ], [ -113.66562, 37.40813 ], [ -113.66574, 37.40803 ], [ -113.66596, 37.40783 ], [ -113.666, 37.4078 ], [ -113.66613, 37.40773 ], [ -113.66636, 37.4076 ], [ -113.66664, 37.40746 ], [ -113.6669, 37.40736 ], [ -113.667, 37.40731 ], [ -113.66713, 37.40723 ], [ -113.66745, 37.40697 ], [ -113.66758, 37.40688 ], [ -113.66772, 37.40682 ], [ -113.66809, 37.40669 ], [ -113.66824, 37.40664 ], [ -113.66834, 37.4066 ], [ -113.66855, 37.40645 ], [ -113.66883, 37.40629 ], [ -113.66944, 37.40597 ], [ -113.67026, 37.40557 ], [ -113.6704, 37.4055 ], [ -113.67085, 37.40522 ], [ -113.67113, 37.40507 ], [ -113.67146, 37.4049 ], [ -113.67162, 37.40483 ], [ -113.67172, 37.40479 ], [ -113.67192, 37.4047 ], [ -113.67238, 37.40444 ], [ -113.67267, 37.4043 ], [ -113.67292, 37.40416 ], [ -113.6732, 37.40401 ], [ -113.67338, 37.40391 ], [ -113.67342, 37.40387 ], [ -113.67346, 37.40381 ], [ -113.67354, 37.40357 ], [ -113.6736, 37.40344 ], [ -113.67365, 37.40337 ], [ -113.67369, 37.40333 ], [ -113.67373, 37.40331 ], [ -113.67389, 37.40325 ], [ -113.67409, 37.40317 ], [ -113.67423, 37.40309 ], [ -113.67433, 37.40298 ], [ -113.67446, 37.40278 ], [ -113.67449, 37.40273 ], [ -113.67497, 37.40191 ], [ -113.67504, 37.40185 ], [ -113.67514, 37.40183 ], [ -113.6752, 37.40182 ], [ -113.67525, 37.40183 ], [ -113.67529, 37.40186 ], [ -113.67532, 37.4019 ], [ -113.67532, 37.40194 ], [ -113.67528, 37.40207 ], [ -113.6752, 37.40219 ], [ -113.67519, 37.40224 ], [ -113.67518, 37.40232 ], [ -113.67522, 37.40246 ], [ -113.67526, 37.40268 ], [ -113.67527, 37.40282 ], [ -113.67527, 37.40296 ], [ -113.67528, 37.403 ], [ -113.67531, 37.40304 ], [ -113.67535, 37.40308 ], [ -113.6754, 37.4031 ], [ -113.67545, 37.40311 ], [ -113.67554, 37.40306 ], [ -113.67566, 37.40296 ], [ -113.67574, 37.40284 ], [ -113.67606, 37.40246 ], [ -113.6761, 37.40238 ], [ -113.67614, 37.40225 ], [ -113.67617, 37.40216 ], [ -113.67619, 37.40194 ], [ -113.67624, 37.40176 ], [ -113.67629, 37.40168 ], [ -113.67637, 37.4016 ], [ -113.67642, 37.40158 ], [ -113.67646, 37.40157 ], [ -113.67651, 37.40158 ], [ -113.67659, 37.40164 ], [ -113.67686, 37.40189 ], [ -113.67694, 37.40195 ], [ -113.677, 37.40198 ], [ -113.67705, 37.402 ], [ -113.67711, 37.402 ], [ -113.6772, 37.40196 ], [ -113.67729, 37.4019 ], [ -113.67734, 37.40187 ], [ -113.67744, 37.40176 ], [ -113.67746, 37.40167 ], [ -113.67747, 37.40153 ], [ -113.67749, 37.40149 ], [ -113.67753, 37.4014 ], [ -113.67758, 37.40133 ], [ -113.67768, 37.40122 ], [ -113.67785, 37.40104 ], [ -113.67797, 37.40083 ], [ -113.678, 37.40079 ], [ -113.67807, 37.40072 ], [ -113.67828, 37.40057 ], [ -113.67837, 37.40052 ], [ -113.67842, 37.4005 ], [ -113.67848, 37.40049 ], [ -113.67859, 37.40051 ], [ -113.67864, 37.4005 ], [ -113.67868, 37.40048 ], [ -113.67896, 37.40024 ], [ -113.67901, 37.40021 ], [ -113.67905, 37.40022 ], [ -113.67907, 37.40031 ], [ -113.67916, 37.40052 ], [ -113.67922, 37.40071 ], [ -113.67927, 37.40079 ], [ -113.67931, 37.40081 ], [ -113.67935, 37.40082 ], [ -113.67941, 37.40082 ], [ -113.67988, 37.40079 ], [ -113.68021, 37.40074 ], [ -113.68024, 37.40071 ], [ -113.68032, 37.40059 ], [ -113.68039, 37.40042 ], [ -113.68041, 37.40033 ], [ -113.68043, 37.40015 ], [ -113.68043, 37.39997 ], [ -113.68042, 37.39982 ], [ -113.68042, 37.39975 ], [ -113.68043, 37.39966 ], [ -113.68048, 37.39953 ], [ -113.68059, 37.39937 ], [ -113.68072, 37.39923 ], [ -113.68084, 37.39907 ], [ -113.68091, 37.39895 ], [ -113.68095, 37.39886 ], [ -113.68097, 37.39873 ], [ -113.68098, 37.39859 ], [ -113.68097, 37.39855 ], [ -113.6809, 37.39833 ], [ -113.6809, 37.39824 ], [ -113.68092, 37.39811 ], [ -113.68094, 37.39802 ], [ -113.68101, 37.3978 ], [ -113.68108, 37.39744 ], [ -113.6812, 37.39705 ], [ -113.68126, 37.39683 ], [ -113.68127, 37.39679 ], [ -113.68133, 37.39671 ], [ -113.68147, 37.39669 ], [ -113.68197, 37.39674 ], [ -113.68214, 37.39674 ], [ -113.68248, 37.39676 ], [ -113.6827, 37.3968 ], [ -113.68286, 37.39683 ], [ -113.68307, 37.3969 ], [ -113.68318, 37.39691 ], [ -113.68324, 37.3969 ], [ -113.68333, 37.39685 ], [ -113.68336, 37.39681 ], [ -113.68338, 37.39677 ], [ -113.68337, 37.39672 ], [ -113.68335, 37.39663 ], [ -113.68331, 37.39655 ], [ -113.68309, 37.39629 ], [ -113.68304, 37.39621 ], [ -113.68301, 37.39612 ], [ -113.68299, 37.39599 ], [ -113.683, 37.3959 ], [ -113.68304, 37.39581 ], [ -113.68307, 37.39578 ], [ -113.68313, 37.39576 ], [ -113.68318, 37.39575 ], [ -113.68324, 37.39576 ], [ -113.6834, 37.3958 ], [ -113.68383, 37.39592 ], [ -113.68427, 37.39598 ], [ -113.68438, 37.39601 ], [ -113.68447, 37.39606 ], [ -113.68461, 37.39614 ], [ -113.68474, 37.39623 ], [ -113.68479, 37.39625 ], [ -113.68484, 37.39626 ], [ -113.68496, 37.39627 ], [ -113.68501, 37.39626 ], [ -113.68506, 37.39624 ], [ -113.68511, 37.39622 ], [ -113.68524, 37.39614 ], [ -113.68539, 37.396 ], [ -113.68557, 37.39577 ], [ -113.68579, 37.39556 ], [ -113.68587, 37.3955 ], [ -113.68596, 37.39544 ], [ -113.68606, 37.3954 ], [ -113.68611, 37.39539 ], [ -113.68617, 37.39541 ], [ -113.6862, 37.39544 ], [ -113.68625, 37.39552 ], [ -113.68628, 37.39561 ], [ -113.6863, 37.39579 ], [ -113.68634, 37.39597 ], [ -113.68637, 37.39605 ], [ -113.68643, 37.39613 ], [ -113.68654, 37.39622 ], [ -113.68691, 37.39644 ], [ -113.68701, 37.39648 ], [ -113.68711, 37.39651 ], [ -113.68728, 37.39652 ], [ -113.6874, 37.39651 ], [ -113.6875, 37.39648 ], [ -113.68759, 37.39643 ], [ -113.68766, 37.39636 ], [ -113.68771, 37.39627 ], [ -113.68776, 37.39605 ], [ -113.68781, 37.39597 ], [ -113.6879, 37.39586 ], [ -113.68795, 37.39583 ], [ -113.688, 37.39583 ], [ -113.68806, 37.39584 ], [ -113.68811, 37.39586 ], [ -113.68819, 37.39593 ], [ -113.68826, 37.39604 ], [ -113.68838, 37.39625 ], [ -113.68844, 37.39638 ], [ -113.6885, 37.39655 ], [ -113.68852, 37.39659 ], [ -113.68857, 37.39662 ], [ -113.68863, 37.39663 ], [ -113.68874, 37.39661 ], [ -113.68884, 37.39657 ], [ -113.68893, 37.39652 ], [ -113.68904, 37.39641 ], [ -113.6891, 37.39634 ], [ -113.68935, 37.39599 ], [ -113.68947, 37.39589 ], [ -113.68951, 37.39586 ], [ -113.68957, 37.39585 ], [ -113.68968, 37.39584 ], [ -113.68985, 37.39585 ], [ -113.6899, 37.39586 ], [ -113.69012, 37.39591 ], [ -113.69033, 37.39598 ], [ -113.69047, 37.39605 ], [ -113.69076, 37.39633 ], [ -113.69081, 37.39634 ], [ -113.69093, 37.39632 ], [ -113.69098, 37.3963 ], [ -113.69105, 37.39618 ], [ -113.69108, 37.39614 ], [ -113.69115, 37.39597 ], [ -113.69119, 37.39588 ], [ -113.69135, 37.3956 ], [ -113.69139, 37.39551 ], [ -113.6914, 37.39547 ], [ -113.69139, 37.39524 ], [ -113.69139, 37.39511 ], [ -113.69142, 37.3948 ], [ -113.69149, 37.39453 ], [ -113.69154, 37.39426 ], [ -113.69159, 37.39413 ], [ -113.69162, 37.39409 ], [ -113.69165, 37.39406 ], [ -113.6917, 37.39407 ], [ -113.69176, 37.39409 ], [ -113.69184, 37.39415 ], [ -113.69195, 37.39425 ], [ -113.69234, 37.39475 ], [ -113.69241, 37.39482 ], [ -113.69249, 37.39488 ], [ -113.69264, 37.39494 ], [ -113.69297, 37.39502 ], [ -113.69317, 37.39509 ], [ -113.69328, 37.39512 ], [ -113.69339, 37.39513 ], [ -113.6935, 37.39512 ], [ -113.69371, 37.39505 ], [ -113.69386, 37.39498 ], [ -113.694, 37.3949 ], [ -113.69411, 37.39481 ], [ -113.69424, 37.39466 ], [ -113.69436, 37.39451 ], [ -113.6948, 37.39387 ], [ -113.6949, 37.39377 ], [ -113.69506, 37.39364 ], [ -113.69524, 37.39353 ], [ -113.69558, 37.39337 ], [ -113.69586, 37.39322 ], [ -113.69597, 37.39318 ], [ -113.69629, 37.3931 ], [ -113.69634, 37.39308 ], [ -113.69638, 37.39305 ], [ -113.69646, 37.39284 ], [ -113.69651, 37.39266 ], [ -113.69655, 37.39258 ], [ -113.69664, 37.39246 ], [ -113.69679, 37.39233 ], [ -113.69697, 37.39221 ], [ -113.69707, 37.39218 ], [ -113.69713, 37.39217 ], [ -113.69724, 37.39218 ], [ -113.69735, 37.39221 ], [ -113.69739, 37.39223 ], [ -113.69746, 37.3923 ], [ -113.69756, 37.39246 ], [ -113.69756, 37.38149 ], [ -113.69756, 37.38148 ], [ -113.69756, 37.37425 ], [ -113.721, 37.3743 ], [ -113.721, 37.37423 ], [ -113.72112, 37.37401 ], [ -113.72118, 37.37384 ], [ -113.72123, 37.37378 ], [ -113.72145, 37.37361 ], [ -113.72149, 37.37356 ], [ -113.7215, 37.3735 ], [ -113.72145, 37.37344 ], [ -113.72134, 37.3734 ], [ -113.72103, 37.37337 ], [ -113.72089, 37.37333 ], [ -113.72062, 37.37322 ], [ -113.72049, 37.37315 ], [ -113.72035, 37.37307 ], [ -113.71998, 37.37281 ], [ -113.71963, 37.37258 ], [ -113.71954, 37.37251 ], [ -113.7194, 37.37235 ], [ -113.71935, 37.37224 ], [ -113.71929, 37.37208 ], [ -113.71915, 37.3718 ], [ -113.71891, 37.37145 ], [ -113.71884, 37.37133 ], [ -113.71859, 37.37085 ], [ -113.71841, 37.37056 ], [ -113.71817, 37.37016 ], [ -113.71795, 37.36971 ], [ -113.7177, 37.36929 ], [ -113.71757, 37.36907 ], [ -113.71751, 37.36895 ], [ -113.71722, 37.36845 ], [ -113.7172, 37.36839 ], [ -113.71707, 37.36814 ], [ -113.717, 37.36803 ], [ -113.71672, 37.36767 ], [ -113.7164, 37.36725 ], [ -113.7163, 37.36717 ], [ -113.71623, 37.3671 ], [ -113.71615, 37.36705 ], [ -113.71596, 37.36696 ], [ -113.71566, 37.36684 ], [ -113.71566, 37.36534 ], [ -113.71566, 37.35989 ], [ -113.71491, 37.35988 ], [ -113.71491, 37.35987 ], [ -113.71491, 37.35979 ], [ -113.71512, 37.35962 ], [ -113.71517, 37.35956 ], [ -113.71527, 37.35935 ], [ -113.71529, 37.35922 ], [ -113.71536, 37.3591 ], [ -113.71555, 37.35886 ], [ -113.71564, 37.35867 ], [ -113.71568, 37.35861 ], [ -113.71569, 37.35778 ], [ -113.71568, 37.35777 ], [ -113.71569, 37.35775 ], [ -113.7157, 37.35666 ], [ -113.71569, 37.35664 ], [ -113.71567, 37.35655 ], [ -113.7156, 37.35642 ], [ -113.71557, 37.35636 ], [ -113.71557, 37.35629 ], [ -113.71561, 37.35615 ], [ -113.71564, 37.35592 ], [ -113.71569, 37.35525 ], [ -113.7157, 37.35501 ], [ -113.71567, 37.35491 ], [ -113.71558, 37.35468 ], [ -113.7155, 37.35437 ], [ -113.71544, 37.35402 ], [ -113.71542, 37.35385 ], [ -113.71528, 37.35318 ], [ -113.71506, 37.35264 ], [ -113.71575, 37.35265 ], [ -113.72026, 37.35268 ], [ -113.72031, 37.34544 ], [ -113.72032, 37.34544 ], [ -113.72032, 37.3451 ], [ -113.72031, 37.34173 ], [ -113.72031, 37.33815 ], [ -113.72104, 37.33815 ], [ -113.72249, 37.33816 ], [ -113.72482, 37.33817 ], [ -113.72478, 37.33799 ], [ -113.72477, 37.33778 ], [ -113.72479, 37.33752 ], [ -113.72485, 37.33727 ], [ -113.72487, 37.33704 ], [ -113.72485, 37.33683 ], [ -113.72477, 37.33661 ], [ -113.72464, 37.33641 ], [ -113.72448, 37.33624 ], [ -113.72408, 37.33583 ], [ -113.72379, 37.33557 ], [ -113.72362, 37.33545 ], [ -113.72341, 37.33535 ], [ -113.7232, 37.33528 ], [ -113.72295, 37.33528 ], [ -113.72273, 37.3353 ], [ -113.7225, 37.33535 ], [ -113.72226, 37.33543 ], [ -113.72206, 37.3355 ], [ -113.72164, 37.33563 ], [ -113.72143, 37.33573 ], [ -113.72126, 37.33584 ], [ -113.72111, 37.33594 ], [ -113.72076, 37.33624 ], [ -113.72066, 37.33627 ], [ -113.72055, 37.33629 ], [ -113.72041, 37.33626 ], [ -113.72014, 37.33617 ], [ -113.7199, 37.33601 ], [ -113.71978, 37.33592 ], [ -113.71956, 37.33574 ], [ -113.7195, 37.33566 ], [ -113.71951, 37.3356 ], [ -113.71953, 37.33553 ], [ -113.71963, 37.33553 ], [ -113.71973, 37.3355 ], [ -113.7198, 37.33543 ], [ -113.71987, 37.33534 ], [ -113.72, 37.33504 ], [ -113.7203, 37.33455 ], [ -113.72031, 37.33454 ], [ -113.72031, 37.33355 ], [ -113.72048, 37.33327 ], [ -113.72061, 37.333 ], [ -113.72067, 37.33272 ], [ -113.72067, 37.33249 ], [ -113.72066, 37.33244 ], [ -113.72044, 37.33159 ], [ -113.72036, 37.33131 ], [ -113.7203, 37.33114 ], [ -113.72026, 37.33101 ], [ -113.72022, 37.33094 ], [ -113.71998, 37.33043 ], [ -113.71985, 37.33013 ], [ -113.71973, 37.32981 ], [ -113.71964, 37.32947 ], [ -113.71952, 37.32884 ], [ -113.71948, 37.32853 ], [ -113.7195, 37.32824 ], [ -113.71953, 37.32811 ], [ -113.71969, 37.32751 ], [ -113.7197, 37.32726 ], [ -113.72024, 37.32725 ], [ -113.72244, 37.3273 ], [ -113.72252, 37.32725 ], [ -113.72295, 37.32711 ], [ -113.72342, 37.32701 ], [ -113.72385, 37.32689 ], [ -113.72416, 37.32672 ], [ -113.72419, 37.32669 ], [ -113.72446, 37.32645 ], [ -113.72449, 37.3264 ], [ -113.72437, 37.32629 ], [ -113.72442, 37.32624 ], [ -113.72448, 37.3262 ], [ -113.72453, 37.32615 ], [ -113.72458, 37.3261 ], [ -113.72463, 37.32605 ], [ -113.72467, 37.32599 ], [ -113.72471, 37.32594 ], [ -113.72475, 37.32589 ], [ -113.72476, 37.32586 ], [ -113.72483, 37.32561 ], [ -113.72483, 37.32558 ], [ -113.72485, 37.325 ], [ -113.72489, 37.32374 ], [ -113.72525, 37.32374 ], [ -113.72532, 37.32375 ], [ -113.72554, 37.32295 ], [ -113.72643, 37.32033 ], [ -113.72656, 37.31998 ], [ -113.7267, 37.31967 ], [ -113.72686, 37.31943 ], [ -113.72704, 37.31923 ], [ -113.72719, 37.31913 ], [ -113.72733, 37.31905 ], [ -113.72753, 37.31899 ], [ -113.72781, 37.31892 ], [ -113.72816, 37.31886 ], [ -113.72855, 37.31878 ], [ -113.72883, 37.31872 ], [ -113.72914, 37.31863 ], [ -113.72944, 37.31851 ], [ -113.73109, 37.31778 ], [ -113.7313, 37.31767 ], [ -113.73142, 37.31759 ], [ -113.73165, 37.31737 ], [ -113.73186, 37.31706 ], [ -113.73202, 37.31673 ], [ -113.73208, 37.31659 ], [ -113.73211, 37.31659 ], [ -113.73224, 37.31616 ], [ -113.73296, 37.31431 ], [ -113.73311, 37.31399 ], [ -113.73325, 37.31375 ], [ -113.73329, 37.31368 ], [ -113.73358, 37.31335 ], [ -113.73397, 37.31302 ], [ -113.73397, 37.31299 ], [ -113.73397, 37.31288 ], [ -113.73409, 37.31281 ], [ -113.73421, 37.31274 ], [ -113.73429, 37.31269 ], [ -113.73566, 37.31198 ], [ -113.7358, 37.31191 ], [ -113.73594, 37.31184 ], [ -113.73609, 37.31178 ], [ -113.73624, 37.31172 ], [ -113.73639, 37.31167 ], [ -113.73654, 37.31162 ], [ -113.73669, 37.31158 ], [ -113.73685, 37.31154 ], [ -113.73854, 37.31115 ], [ -113.73854, 37.31096 ], [ -113.73851, 37.3058 ], [ -113.73894, 37.3058 ], [ -113.74302, 37.30575 ], [ -113.74302, 37.30308 ], [ -113.74348, 37.30286 ], [ -113.74387, 37.30281 ], [ -113.744, 37.30281 ], [ -113.74466, 37.30285 ], [ -113.74503, 37.30289 ], [ -113.74534, 37.30289 ], [ -113.74588, 37.30277 ], [ -113.74631, 37.30272 ], [ -113.74686, 37.30313 ], [ -113.74817, 37.30311 ], [ -113.7485, 37.30305 ], [ -113.74883, 37.30282 ], [ -113.74916, 37.30278 ], [ -113.74924, 37.30288 ], [ -113.74931, 37.30299 ], [ -113.74936, 37.30307 ], [ -113.7496, 37.30278 ], [ -113.74976, 37.30255 ], [ -113.75, 37.30223 ], [ -113.75011, 37.30211 ], [ -113.75029, 37.30192 ], [ -113.75061, 37.30164 ], [ -113.75093, 37.30138 ], [ -113.75153, 37.30092 ], [ -113.75182, 37.30069 ], [ -113.7521, 37.30044 ], [ -113.75229, 37.30024 ], [ -113.75238, 37.3001 ], [ -113.75248, 37.29988 ], [ -113.7525, 37.29982 ], [ -113.75257, 37.29956 ], [ -113.75257, 37.29921 ], [ -113.75251, 37.29885 ], [ -113.75243, 37.29855 ], [ -113.75236, 37.29831 ], [ -113.75225, 37.29808 ], [ -113.75211, 37.29793 ], [ -113.75211, 37.29775 ], [ -113.75204, 37.2977 ], [ -113.75197, 37.29766 ], [ -113.75142, 37.2973 ], [ -113.75136, 37.29727 ], [ -113.75131, 37.29723 ], [ -113.75126, 37.29719 ], [ -113.75121, 37.29715 ], [ -113.75117, 37.2971 ], [ -113.75112, 37.29706 ], [ -113.75108, 37.29701 ], [ -113.75104, 37.29696 ], [ -113.75101, 37.29691 ], [ -113.75097, 37.29686 ], [ -113.75094, 37.29681 ], [ -113.75091, 37.29676 ], [ -113.75089, 37.29671 ], [ -113.75086, 37.29665 ], [ -113.75084, 37.2966 ], [ -113.75083, 37.29655 ], [ -113.75081, 37.29649 ], [ -113.7508, 37.29643 ], [ -113.75079, 37.29638 ], [ -113.75078, 37.29632 ], [ -113.75078, 37.29626 ], [ -113.75078, 37.29621 ], [ -113.75078, 37.29615 ], [ -113.75079, 37.29609 ], [ -113.75079, 37.29604 ], [ -113.7508, 37.29598 ], [ -113.75082, 37.29593 ], [ -113.75083, 37.29587 ], [ -113.75085, 37.29582 ], [ -113.75088, 37.29576 ], [ -113.7509, 37.29571 ], [ -113.75125, 37.295 ], [ -113.75217, 37.295 ], [ -113.75217, 37.29282 ], [ -113.75223, 37.29276 ], [ -113.75229, 37.29269 ], [ -113.75236, 37.29263 ], [ -113.75243, 37.29258 ], [ -113.7525, 37.29252 ], [ -113.75258, 37.29248 ], [ -113.75267, 37.29243 ], [ -113.75275, 37.29239 ], [ -113.75374, 37.29197 ], [ -113.75404, 37.29184 ], [ -113.75435, 37.29172 ], [ -113.75465, 37.2916 ], [ -113.75496, 37.29149 ], [ -113.75496, 37.29287 ], [ -113.75496, 37.2932 ], [ -113.75496, 37.29326 ], [ -113.7556, 37.29269 ], [ -113.75604, 37.29229 ], [ -113.75595, 37.29196 ], [ -113.75623, 37.29188 ], [ -113.75589, 37.29116 ], [ -113.75621, 37.29105 ], [ -113.75632, 37.29101 ], [ -113.75629, 37.29093 ], [ -113.75678, 37.29074 ], [ -113.75708, 37.29062 ], [ -113.75735, 37.29046 ], [ -113.7579, 37.29014 ], [ -113.75853, 37.28969 ], [ -113.75915, 37.28924 ], [ -113.75941, 37.28903 ], [ -113.75958, 37.28891 ], [ -113.76071, 37.28802 ], [ -113.76075, 37.288 ], [ -113.76114, 37.28772 ], [ -113.76113, 37.28771 ], [ -113.76096, 37.28756 ], [ -113.76111, 37.28745 ], [ -113.76148, 37.28718 ], [ -113.76147, 37.28717 ], [ -113.7613, 37.28699 ], [ -113.76112, 37.2868 ], [ -113.76142, 37.28658 ], [ -113.76139, 37.28654 ], [ -113.76137, 37.2865 ], [ -113.76135, 37.28646 ], [ -113.76134, 37.28646 ], [ -113.76134, 37.28645 ], [ -113.76133, 37.28644 ], [ -113.76127, 37.28643 ], [ -113.76125, 37.28642 ], [ -113.76122, 37.28641 ], [ -113.7612, 37.2864 ], [ -113.76118, 37.28637 ], [ -113.76116, 37.28634 ], [ -113.76116, 37.2863 ], [ -113.76116, 37.28627 ], [ -113.76117, 37.28625 ], [ -113.76119, 37.28623 ], [ -113.7612, 37.28621 ], [ -113.76122, 37.2862 ], [ -113.76125, 37.28618 ], [ -113.76128, 37.28617 ], [ -113.76133, 37.28617 ], [ -113.76137, 37.28617 ], [ -113.76141, 37.28618 ], [ -113.76154, 37.28596 ], [ -113.76133, 37.28577 ], [ -113.76151, 37.28565 ], [ -113.76166, 37.28578 ], [ -113.76201, 37.28554 ], [ -113.76239, 37.28532 ], [ -113.76276, 37.2851 ], [ -113.76298, 37.28502 ], [ -113.76323, 37.28486 ], [ -113.76328, 37.28482 ], [ -113.76356, 37.28468 ], [ -113.76361, 37.28471 ], [ -113.76389, 37.28455 ], [ -113.76392, 37.28457 ], [ -113.76399, 37.28454 ], [ -113.76425, 37.28412 ], [ -113.76451, 37.28386 ], [ -113.76441, 37.28378 ], [ -113.76477, 37.2835 ], [ -113.76508, 37.28325 ], [ -113.76502, 37.28321 ], [ -113.7652, 37.28296 ], [ -113.76544, 37.28276 ], [ -113.76563, 37.28288 ], [ -113.76563, 37.28238 ], [ -113.76581, 37.28247 ], [ -113.76605, 37.28215 ], [ -113.76617, 37.28205 ], [ -113.76556, 37.28218 ], [ -113.76556, 37.28199 ], [ -113.76556, 37.28175 ], [ -113.76556, 37.28163 ], [ -113.76768, 37.28123 ], [ -113.76778, 37.28116 ], [ -113.76801, 37.28121 ], [ -113.76804, 37.2811 ], [ -113.76805, 37.28108 ], [ -113.76811, 37.28094 ], [ -113.76821, 37.28067 ], [ -113.76826, 37.28067 ], [ -113.76828, 37.28062 ], [ -113.76832, 37.28039 ], [ -113.76834, 37.28012 ], [ -113.76834, 37.27984 ], [ -113.76834, 37.27968 ], [ -113.76826, 37.27918 ], [ -113.76819, 37.27898 ], [ -113.76815, 37.27886 ], [ -113.76788, 37.27796 ], [ -113.76785, 37.27775 ], [ -113.76781, 37.27757 ], [ -113.7678, 37.27743 ], [ -113.7678, 37.27737 ], [ -113.76786, 37.27714 ], [ -113.76801, 37.27691 ], [ -113.76819, 37.27667 ], [ -113.76841, 37.2764 ], [ -113.76867, 37.27612 ], [ -113.76893, 37.27585 ], [ -113.76923, 37.27551 ], [ -113.76946, 37.27522 ], [ -113.76958, 37.27503 ], [ -113.76966, 37.27484 ], [ -113.76969, 37.27468 ], [ -113.76966, 37.27407 ], [ -113.76957, 37.27336 ], [ -113.76797, 37.27337 ], [ -113.76812, 37.26982 ], [ -113.76597, 37.26983 ], [ -113.75763, 37.26983 ], [ -113.7579, 37.26905 ], [ -113.75801, 37.26819 ], [ -113.75808, 37.26751 ], [ -113.75804, 37.2663 ], [ -113.75798, 37.26563 ], [ -113.75751, 37.265 ], [ -113.75719, 37.26457 ], [ -113.75674, 37.2643 ], [ -113.75717, 37.26397 ], [ -113.75774, 37.26374 ], [ -113.75872, 37.26355 ], [ -113.75898, 37.26336 ], [ -113.75905, 37.26279 ], [ -113.75877, 37.26223 ], [ -113.75814, 37.26213 ], [ -113.75782, 37.26178 ], [ -113.7578, 37.26103 ], [ -113.75833, 37.26084 ], [ -113.75886, 37.2608 ], [ -113.75922, 37.26093 ], [ -113.75965, 37.26053 ], [ -113.75987, 37.26017 ], [ -113.75993, 37.25917 ], [ -113.75938, 37.25886 ], [ -113.75995, 37.25864 ], [ -113.76026, 37.25842 ], [ -113.76045, 37.25749 ], [ -113.76043, 37.25746 ], [ -113.76022, 37.25721 ], [ -113.76079, 37.2567 ], [ -113.76033, 37.25631 ], [ -113.76081, 37.25602 ], [ -113.7607, 37.25542 ], [ -113.76092, 37.25509 ], [ -113.76066, 37.25406 ], [ -113.75965, 37.2531 ], [ -113.7613, 37.25318 ], [ -113.76183, 37.25285 ], [ -113.76194, 37.25195 ], [ -113.7636, 37.24811 ], [ -113.76358, 37.24736 ], [ -113.76389, 37.2471 ], [ -113.76411, 37.24706 ], [ -113.7641, 37.24671 ], [ -113.7635, 37.24626 ], [ -113.76309, 37.24573 ], [ -113.76466, 37.24613 ], [ -113.76479, 37.24591 ], [ -113.76446, 37.24563 ], [ -113.76432, 37.24538 ], [ -113.76486, 37.24534 ], [ -113.76516, 37.24519 ], [ -113.76546, 37.24465 ], [ -113.76518, 37.24432 ], [ -113.7653, 37.24392 ], [ -113.76575, 37.24377 ], [ -113.76617, 37.24319 ], [ -113.76638, 37.24255 ], [ -113.7661, 37.24205 ], [ -113.76613, 37.24173 ], [ -113.76653, 37.24169 ], [ -113.76683, 37.2414 ], [ -113.76691, 37.24097 ], [ -113.76739, 37.2406 ], [ -113.76778, 37.24013 ], [ -113.76772, 37.23967 ], [ -113.7674, 37.2395 ], [ -113.76664, 37.23951 ], [ -113.76584, 37.23946 ], [ -113.76471, 37.23887 ], [ -113.7643, 37.2387 ], [ -113.76324, 37.23901 ], [ -113.76323, 37.23876 ], [ -113.76406, 37.23824 ], [ -113.76482, 37.23826 ], [ -113.76457, 37.23734 ], [ -113.76422, 37.23621 ], [ -113.76377, 37.23582 ], [ -113.76278, 37.2357 ], [ -113.76277, 37.23545 ], [ -113.76281, 37.23509 ], [ -113.7647, 37.2357 ], [ -113.76543, 37.23615 ], [ -113.76604, 37.23735 ], [ -113.76632, 37.23784 ], [ -113.76677, 37.23794 ], [ -113.76722, 37.23793 ], [ -113.76761, 37.23775 ], [ -113.76747, 37.23729 ], [ -113.76664, 37.23641 ], [ -113.76662, 37.23588 ], [ -113.76679, 37.23548 ], [ -113.76685, 37.23461 ], [ -113.76571, 37.23388 ], [ -113.76637, 37.23344 ], [ -113.76709, 37.23221 ], [ -113.76659, 37.23197 ], [ -113.7661, 37.23191 ], [ -113.76574, 37.23181 ], [ -113.76491, 37.23222 ], [ -113.76453, 37.23144 ], [ -113.76416, 37.23124 ], [ -113.76428, 37.23084 ], [ -113.76474, 37.22955 ], [ -113.76476, 37.22891 ], [ -113.76415, 37.22785 ], [ -113.76414, 37.2276 ], [ -113.76365, 37.22761 ], [ -113.76355, 37.22715 ], [ -113.76318, 37.22687 ], [ -113.76422, 37.22635 ], [ -113.76457, 37.22612 ], [ -113.77052, 37.22612 ], [ -113.77053, 37.21163 ], [ -113.7524, 37.21164 ], [ -113.75238, 37.19719 ], [ -113.75234, 37.1827 ], [ -113.73652, 37.18265 ], [ -113.73583, 37.18296 ], [ -113.73577, 37.18299 ], [ -113.73522, 37.18324 ], [ -113.73485, 37.18342 ], [ -113.73468, 37.18349 ], [ -113.7342, 37.18372 ], [ -113.73387, 37.18387 ], [ -113.73344, 37.18407 ], [ -113.73317, 37.18419 ], [ -113.73308, 37.18425 ], [ -113.73302, 37.18264 ], [ -113.72515, 37.18266 ], [ -113.72488, 37.18266 ], [ -113.71609, 37.18264 ], [ -113.71607, 37.17838 ], [ -113.71539, 37.17838 ], [ -113.71551, 37.17833 ], [ -113.71547, 37.17826 ], [ -113.71546, 37.1782 ], [ -113.71546, 37.17813 ], [ -113.71547, 37.17807 ], [ -113.7155, 37.178 ], [ -113.71561, 37.17796 ], [ -113.71571, 37.17796 ], [ -113.71575, 37.17795 ], [ -113.71579, 37.17795 ], [ -113.7158, 37.17794 ], [ -113.71582, 37.17793 ], [ -113.71583, 37.17792 ], [ -113.71584, 37.17791 ], [ -113.71586, 37.17787 ], [ -113.71586, 37.17786 ], [ -113.71586, 37.17785 ], [ -113.71586, 37.17784 ], [ -113.71585, 37.17783 ], [ -113.71581, 37.17782 ], [ -113.71579, 37.17781 ], [ -113.71577, 37.17775 ], [ -113.71533, 37.17786 ], [ -113.71503, 37.17793 ], [ -113.71411, 37.17797 ], [ -113.71397, 37.17799 ], [ -113.71382, 37.17802 ], [ -113.71362, 37.17808 ], [ -113.71344, 37.17815 ], [ -113.71332, 37.1782 ], [ -113.71331, 37.17821 ], [ -113.71329, 37.17817 ], [ -113.71306, 37.17768 ], [ -113.71247, 37.17777 ], [ -113.71246, 37.17774 ], [ -113.71245, 37.17773 ], [ -113.71243, 37.1777 ], [ -113.7124, 37.17768 ], [ -113.71235, 37.17766 ], [ -113.71234, 37.17765 ], [ -113.71233, 37.17763 ], [ -113.71232, 37.17762 ], [ -113.71232, 37.1776 ], [ -113.71232, 37.17724 ], [ -113.71231, 37.17721 ], [ -113.7123, 37.17719 ], [ -113.71229, 37.17717 ], [ -113.71227, 37.17715 ], [ -113.71225, 37.17713 ], [ -113.71223, 37.17712 ], [ -113.7122, 37.17711 ], [ -113.71217, 37.1771 ], [ -113.71214, 37.1771 ], [ -113.71211, 37.1771 ], [ -113.71208, 37.17711 ], [ -113.71206, 37.17712 ], [ -113.71203, 37.17713 ], [ -113.71201, 37.17715 ], [ -113.71199, 37.17717 ], [ -113.71198, 37.17719 ], [ -113.71197, 37.17721 ], [ -113.71145, 37.17714 ], [ -113.71145, 37.17662 ], [ -113.71137, 37.17662 ], [ -113.71136, 37.17607 ], [ -113.71191, 37.17607 ], [ -113.71204, 37.17607 ], [ -113.71206, 37.17607 ], [ -113.71209, 37.17608 ], [ -113.71213, 37.17611 ], [ -113.71217, 37.17612 ], [ -113.7122, 37.17613 ], [ -113.71224, 37.17614 ], [ -113.71228, 37.17613 ], [ -113.71232, 37.17612 ], [ -113.71235, 37.1761 ], [ -113.71236, 37.17609 ], [ -113.71239, 37.17606 ], [ -113.7124, 37.17604 ], [ -113.7124, 37.17601 ], [ -113.7124, 37.17598 ], [ -113.7124, 37.17596 ], [ -113.71238, 37.17593 ], [ -113.71237, 37.17591 ], [ -113.71234, 37.17589 ], [ -113.71231, 37.17588 ], [ -113.71229, 37.17587 ], [ -113.71226, 37.17586 ], [ -113.71224, 37.17586 ], [ -113.71221, 37.17586 ], [ -113.71218, 37.17587 ], [ -113.71216, 37.17587 ], [ -113.71213, 37.17589 ], [ -113.71209, 37.17592 ], [ -113.71207, 37.17592 ], [ -113.71206, 37.17593 ], [ -113.71204, 37.17593 ], [ -113.71191, 37.17593 ], [ -113.71136, 37.17593 ], [ -113.71089, 37.17593 ], [ -113.71087, 37.17593 ], [ -113.71086, 37.17592 ], [ -113.71084, 37.17592 ], [ -113.71083, 37.17591 ], [ -113.71082, 37.1759 ], [ -113.71081, 37.17589 ], [ -113.71081, 37.17588 ], [ -113.71081, 37.17587 ], [ -113.7108, 37.17538 ], [ -113.7107, 37.17538 ], [ -113.71071, 37.17599 ], [ -113.71074, 37.17775 ], [ -113.71073, 37.17791 ], [ -113.71071, 37.17806 ], [ -113.71069, 37.1782 ], [ -113.71066, 37.17838 ], [ -113.71052, 37.1791 ], [ -113.71041, 37.17909 ], [ -113.71044, 37.17896 ], [ -113.71043, 37.17897 ], [ -113.71042, 37.17898 ], [ -113.71041, 37.17899 ], [ -113.7104, 37.179 ], [ -113.71039, 37.17901 ], [ -113.71037, 37.17901 ], [ -113.71036, 37.17901 ], [ -113.71034, 37.17901 ], [ -113.71015, 37.17899 ], [ -113.71003, 37.17897 ], [ -113.70991, 37.17895 ], [ -113.7098, 37.17892 ], [ -113.70969, 37.17889 ], [ -113.70962, 37.17886 ], [ -113.70955, 37.17884 ], [ -113.70948, 37.17881 ], [ -113.70942, 37.17877 ], [ -113.70936, 37.17874 ], [ -113.7093, 37.1787 ], [ -113.70924, 37.17866 ], [ -113.70919, 37.17861 ], [ -113.70979, 37.17806 ], [ -113.70941, 37.17775 ], [ -113.71001, 37.17773 ], [ -113.71, 37.17716 ], [ -113.7097, 37.17711 ], [ -113.7097, 37.17662 ], [ -113.70943, 37.17662 ], [ -113.70944, 37.17608 ], [ -113.70912, 37.17608 ], [ -113.70883, 37.17609 ], [ -113.70864, 37.1761 ], [ -113.70845, 37.17611 ], [ -113.70818, 37.17617 ], [ -113.70816, 37.17617 ], [ -113.70815, 37.17618 ], [ -113.70814, 37.17618 ], [ -113.70813, 37.1762 ], [ -113.70812, 37.17621 ], [ -113.70812, 37.17622 ], [ -113.70811, 37.17623 ], [ -113.70812, 37.17624 ], [ -113.70811, 37.17625 ], [ -113.70799, 37.17627 ], [ -113.70796, 37.17616 ], [ -113.70793, 37.17609 ], [ -113.70791, 37.17602 ], [ -113.70788, 37.17595 ], [ -113.70784, 37.17588 ], [ -113.70781, 37.17582 ], [ -113.70777, 37.17575 ], [ -113.70772, 37.17569 ], [ -113.7075, 37.17539 ], [ -113.70736, 37.17521 ], [ -113.70746, 37.17516 ], [ -113.70729, 37.17494 ], [ -113.70714, 37.17471 ], [ -113.707, 37.17441 ], [ -113.70697, 37.17434 ], [ -113.70683, 37.17407 ], [ -113.70668, 37.17381 ], [ -113.70651, 37.17356 ], [ -113.70626, 37.17332 ], [ -113.70598, 37.17317 ], [ -113.70586, 37.17311 ], [ -113.70422, 37.17311 ], [ -113.70428, 37.17307 ], [ -113.70484, 37.17276 ], [ -113.70438, 37.17251 ], [ -113.70401, 37.17234 ], [ -113.70367, 37.17218 ], [ -113.70325, 37.17203 ], [ -113.70283, 37.17189 ], [ -113.70271, 37.17185 ], [ -113.70247, 37.1718 ], [ -113.70246, 37.1718 ], [ -113.70246, 37.17063 ], [ -113.70246, 37.16814 ], [ -113.70229, 37.16814 ], [ -113.7023, 37.16649 ], [ -113.7023, 37.16627 ], [ -113.7023, 37.16596 ], [ -113.70209, 37.1658 ], [ -113.70212, 37.16577 ], [ -113.70192, 37.16562 ], [ -113.70195, 37.1656 ], [ -113.70165, 37.16536 ], [ -113.70134, 37.16513 ], [ -113.70141, 37.16507 ], [ -113.70048, 37.16435 ], [ -113.70033, 37.16435 ], [ -113.69796, 37.16253 ], [ -113.69796, 37.16242 ], [ -113.69787, 37.16235 ], [ -113.69787, 37.16216 ], [ -113.69684, 37.16145 ], [ -113.69571, 37.16077 ], [ -113.69509, 37.16038 ], [ -113.69322, 37.15932 ], [ -113.69111, 37.15805 ], [ -113.68885, 37.15673 ], [ -113.68893, 37.15663 ], [ -113.68874, 37.15653 ], [ -113.68877, 37.15654 ], [ -113.6888, 37.15654 ], [ -113.68882, 37.15654 ], [ -113.68885, 37.15653 ], [ -113.68887, 37.15652 ], [ -113.68889, 37.15651 ], [ -113.68894, 37.15646 ], [ -113.68881, 37.15647 ], [ -113.68869, 37.15639 ], [ -113.68868, 37.15567 ], [ -113.6886, 37.15563 ], [ -113.6886, 37.15557 ], [ -113.68859, 37.15471 ], [ -113.68858, 37.15471 ], [ -113.68853, 37.15471 ], [ -113.68849, 37.15471 ], [ -113.68831, 37.15472 ], [ -113.68822, 37.15472 ], [ -113.68822, 37.15468 ], [ -113.68822, 37.15451 ], [ -113.68816, 37.15451 ], [ -113.68815, 37.15447 ], [ -113.68814, 37.15444 ], [ -113.68811, 37.1544 ], [ -113.68807, 37.15435 ], [ -113.68796, 37.15426 ], [ -113.68792, 37.15423 ], [ -113.68784, 37.15418 ], [ -113.6878, 37.15415 ], [ -113.68771, 37.1541 ], [ -113.68762, 37.15406 ], [ -113.68752, 37.15403 ], [ -113.68743, 37.154 ], [ -113.68738, 37.15398 ], [ -113.68727, 37.15396 ], [ -113.68714, 37.15394 ], [ -113.68718, 37.1539 ], [ -113.68695, 37.15378 ], [ -113.68683, 37.15378 ], [ -113.68683, 37.15365 ], [ -113.68664, 37.15365 ], [ -113.68578, 37.15365 ], [ -113.68574, 37.15365 ], [ -113.68568, 37.15366 ], [ -113.68564, 37.15367 ], [ -113.6856, 37.15368 ], [ -113.68553, 37.1537 ], [ -113.68547, 37.15372 ], [ -113.68541, 37.15376 ], [ -113.68536, 37.15379 ], [ -113.68532, 37.15384 ], [ -113.6851, 37.15408 ], [ -113.68491, 37.15429 ], [ -113.68482, 37.15424 ], [ -113.68474, 37.15419 ], [ -113.68398, 37.15374 ], [ -113.68394, 37.15372 ], [ -113.68394, 37.15357 ], [ -113.68369, 37.15357 ], [ -113.68177, 37.15245 ], [ -113.68162, 37.15236 ], [ -113.68147, 37.15227 ], [ -113.68133, 37.15217 ], [ -113.68118, 37.15208 ], [ -113.68104, 37.15198 ], [ -113.68091, 37.15188 ], [ -113.68077, 37.15178 ], [ -113.68064, 37.15167 ], [ -113.67926, 37.15057 ], [ -113.67925, 37.14991 ], [ -113.67845, 37.14992 ], [ -113.675134322580647, 37.147271440860216 ], [ -113.67516, 37.14728 ], [ -113.67518, 37.14728 ], [ -113.67521, 37.14727 ], [ -113.67522, 37.14726 ], [ -113.67553, 37.14701 ], [ -113.67555, 37.14699 ], [ -113.67555, 37.14697 ], [ -113.67555, 37.14695 ], [ -113.67553, 37.14693 ], [ -113.67512, 37.1466 ], [ -113.67471, 37.14693 ], [ -113.67463, 37.14686 ], [ -113.67462, 37.14632 ], [ -113.6747, 37.14631 ], [ -113.6747, 37.14625 ], [ -113.67462, 37.14625 ], [ -113.67453, 37.14625 ], [ -113.67375, 37.14625 ], [ -113.6727, 37.14538 ], [ -113.67177, 37.14459 ], [ -113.67101, 37.14365 ], [ -113.67086, 37.14341 ], [ -113.6704, 37.14267 ], [ -113.67016, 37.14234 ], [ -113.66998, 37.14211 ], [ -113.66872, 37.14009 ], [ -113.66805, 37.13944 ], [ -113.66731, 37.13904 ], [ -113.66764, 37.13904 ], [ -113.66932, 37.13905 ], [ -113.66995, 37.13905 ], [ -113.66955, 37.13878 ], [ -113.66948, 37.13858 ], [ -113.66912, 37.13823 ], [ -113.66811, 37.13777 ], [ -113.66799, 37.13772 ], [ -113.668, 37.1377 ], [ -113.66805, 37.13763 ], [ -113.66813, 37.13753 ], [ -113.66821, 37.13745 ], [ -113.66835, 37.13736 ], [ -113.66851, 37.13731 ], [ -113.66871, 37.13728 ], [ -113.66893, 37.13726 ], [ -113.66915, 37.13724 ], [ -113.66938, 37.13724 ], [ -113.66957, 37.13722 ], [ -113.66968, 37.13718 ], [ -113.66975, 37.13713 ], [ -113.66988, 37.13703 ], [ -113.6699, 37.13702 ], [ -113.66988, 37.13651 ], [ -113.66987, 37.13651 ], [ -113.66986, 37.13531 ], [ -113.67202, 37.13529 ], [ -113.67202, 37.13527 ], [ -113.67204, 37.13507 ], [ -113.67214, 37.13482 ], [ -113.67222, 37.13467 ], [ -113.67232, 37.13454 ], [ -113.67248, 37.13441 ], [ -113.67258, 37.13431 ], [ -113.67269, 37.13423 ], [ -113.67232, 37.13405 ], [ -113.67178, 37.13412 ], [ -113.67158, 37.13424 ], [ -113.67151, 37.13416 ], [ -113.66993, 37.13438 ], [ -113.66999, 37.13434 ], [ -113.67001, 37.13429 ], [ -113.66983, 37.13417 ], [ -113.6698, 37.13415 ], [ -113.66977, 37.13418 ], [ -113.66974, 37.1342 ], [ -113.6697, 37.13423 ], [ -113.66966, 37.13425 ], [ -113.66962, 37.13427 ], [ -113.66958, 37.13428 ], [ -113.66954, 37.1343 ], [ -113.66949, 37.13431 ], [ -113.66945, 37.13432 ], [ -113.66938, 37.13433 ], [ -113.66918, 37.13434 ], [ -113.66904, 37.13435 ], [ -113.66904, 37.13429 ], [ -113.66904, 37.13426 ], [ -113.66937, 37.13424 ], [ -113.66944, 37.13423 ], [ -113.66949, 37.13422 ], [ -113.66939, 37.13401 ], [ -113.6695, 37.13385 ], [ -113.66984, 37.13391 ], [ -113.66985, 37.13386 ], [ -113.66985, 37.13382 ], [ -113.66985, 37.13358 ], [ -113.66984, 37.13331 ], [ -113.66983, 37.13303 ], [ -113.66983, 37.13276 ], [ -113.66982, 37.13249 ], [ -113.66947, 37.13249 ], [ -113.66946, 37.13226 ], [ -113.66941, 37.13221 ], [ -113.66936, 37.13215 ], [ -113.66935, 37.13216 ], [ -113.6693, 37.13218 ], [ -113.66924, 37.1322 ], [ -113.66921, 37.13221 ], [ -113.66917, 37.13222 ], [ -113.66912, 37.13223 ], [ -113.66908, 37.13224 ], [ -113.66904, 37.13224 ], [ -113.66871, 37.13224 ], [ -113.66835, 37.13225 ], [ -113.66796, 37.13225 ], [ -113.66791, 37.13225 ], [ -113.66787, 37.13225 ], [ -113.66781, 37.13223 ], [ -113.66777, 37.13222 ], [ -113.66774, 37.13221 ], [ -113.6677, 37.13219 ], [ -113.66766, 37.13217 ], [ -113.66763, 37.13214 ], [ -113.66761, 37.13212 ], [ -113.66758, 37.13209 ], [ -113.66756, 37.13206 ], [ -113.66754, 37.13203 ], [ -113.66753, 37.132 ], [ -113.66752, 37.13198 ], [ -113.66744, 37.13167 ], [ -113.66742, 37.13161 ], [ -113.6672, 37.13107 ], [ -113.66718, 37.13102 ], [ -113.66714, 37.13095 ], [ -113.6671, 37.1309 ], [ -113.66704, 37.13085 ], [ -113.66698, 37.13079 ], [ -113.66693, 37.13076 ], [ -113.66686, 37.13073 ], [ -113.6668, 37.1307 ], [ -113.66673, 37.13068 ], [ -113.66556, 37.13037 ], [ -113.66552, 37.13036 ], [ -113.66548, 37.13035 ], [ -113.66544, 37.13033 ], [ -113.66539, 37.1303 ], [ -113.66535, 37.13028 ], [ -113.66531, 37.13025 ], [ -113.66526, 37.1302 ], [ -113.66515, 37.13006 ], [ -113.66501, 37.1299 ], [ -113.66498, 37.12986 ], [ -113.66494, 37.12982 ], [ -113.66423, 37.12923 ], [ -113.66419, 37.1292 ], [ -113.66415, 37.12918 ], [ -113.6641, 37.12915 ], [ -113.66405, 37.12913 ], [ -113.66397, 37.12911 ], [ -113.66391, 37.1291 ], [ -113.66116, 37.12871 ], [ -113.66116, 37.12879 ], [ -113.66103, 37.12876 ], [ -113.66046, 37.12867 ], [ -113.66003, 37.12855 ], [ -113.6593, 37.12833 ], [ -113.65921, 37.12831 ], [ -113.65911, 37.1283 ], [ -113.65899, 37.12831 ], [ -113.65885, 37.12834 ], [ -113.65873, 37.12838 ], [ -113.65863, 37.12843 ], [ -113.65854, 37.12851 ], [ -113.65847, 37.12858 ], [ -113.65837, 37.12868 ], [ -113.65825, 37.12876 ], [ -113.65814, 37.12881 ], [ -113.65803, 37.12885 ], [ -113.65793, 37.12888 ], [ -113.65791, 37.12882 ], [ -113.65784, 37.12883 ], [ -113.65778, 37.12884 ], [ -113.65772, 37.12885 ], [ -113.65765, 37.12885 ], [ -113.65758, 37.12885 ], [ -113.65737, 37.12885 ], [ -113.65644, 37.12884 ], [ -113.65638, 37.12884 ], [ -113.65632, 37.12884 ], [ -113.65626, 37.12885 ], [ -113.65617, 37.12886 ], [ -113.6561, 37.12888 ], [ -113.6561, 37.12877 ], [ -113.65596, 37.12869 ], [ -113.65582, 37.12863 ], [ -113.65579, 37.12865 ], [ -113.65574, 37.12869 ], [ -113.65566, 37.12878 ], [ -113.65557, 37.12872 ], [ -113.65535, 37.12858 ], [ -113.65508, 37.12845 ], [ -113.65507, 37.12844 ], [ -113.65492, 37.12829 ], [ -113.65492, 37.12832 ], [ -113.65492, 37.12835 ], [ -113.65492, 37.12839 ], [ -113.65492, 37.12842 ], [ -113.65483, 37.12883 ], [ -113.65482, 37.12888 ], [ -113.6548, 37.12888 ], [ -113.65479, 37.12896 ], [ -113.65473, 37.12895 ], [ -113.65471, 37.12902 ], [ -113.65473, 37.12903 ], [ -113.65475, 37.12904 ], [ -113.65476, 37.12906 ], [ -113.65476, 37.12908 ], [ -113.65475, 37.1291 ], [ -113.65465, 37.12906 ], [ -113.65354, 37.12818 ], [ -113.65351, 37.12817 ], [ -113.65348, 37.12816 ], [ -113.65301, 37.12816 ], [ -113.65289, 37.12805 ], [ -113.65256, 37.12792 ], [ -113.65223, 37.12744 ], [ -113.65134, 37.12697 ], [ -113.65134, 37.1275 ], [ -113.65087, 37.12748 ], [ -113.6507, 37.12745 ], [ -113.65065, 37.12785 ], [ -113.65059, 37.12834 ], [ -113.65058, 37.12842 ], [ -113.65052, 37.12889 ], [ -113.65051, 37.12894 ], [ -113.6505, 37.12907 ], [ -113.6502, 37.1294 ], [ -113.65016, 37.12942 ], [ -113.6501, 37.12944 ], [ -113.65003, 37.12949 ], [ -113.65009, 37.12953 ], [ -113.64995, 37.12964 ], [ -113.64989, 37.12975 ], [ -113.64987, 37.12987 ], [ -113.64994, 37.13021 ], [ -113.64997, 37.13077 ], [ -113.65006, 37.13077 ], [ -113.65006, 37.13093 ], [ -113.65074, 37.13103 ], [ -113.65074, 37.13102 ], [ -113.65074, 37.13074 ], [ -113.65005, 37.13064 ], [ -113.65005, 37.13039 ], [ -113.65004, 37.13037 ], [ -113.65004, 37.13024 ], [ -113.65003, 37.13017 ], [ -113.65001, 37.13009 ], [ -113.64997, 37.12997 ], [ -113.64996, 37.12993 ], [ -113.64996, 37.12988 ], [ -113.64997, 37.12982 ], [ -113.64999, 37.12977 ], [ -113.65001, 37.12973 ], [ -113.65004, 37.12968 ], [ -113.65008, 37.12964 ], [ -113.65011, 37.12961 ], [ -113.65014, 37.12959 ], [ -113.65017, 37.12957 ], [ -113.65023, 37.12954 ], [ -113.65028, 37.12952 ], [ -113.65031, 37.12951 ], [ -113.65035, 37.12949 ], [ -113.65039, 37.12947 ], [ -113.65042, 37.12945 ], [ -113.65046, 37.12942 ], [ -113.65049, 37.1294 ], [ -113.65052, 37.12937 ], [ -113.65054, 37.12934 ], [ -113.65057, 37.12931 ], [ -113.65059, 37.12928 ], [ -113.65061, 37.12925 ], [ -113.65063, 37.12922 ], [ -113.65064, 37.12918 ], [ -113.65065, 37.12915 ], [ -113.65066, 37.12911 ], [ -113.65068, 37.12898 ], [ -113.65074, 37.12854 ], [ -113.6508, 37.12803 ], [ -113.65083, 37.12777 ], [ -113.65084, 37.12772 ], [ -113.65135, 37.12795 ], [ -113.65146, 37.12801 ], [ -113.65159, 37.12807 ], [ -113.65186, 37.12818 ], [ -113.65224, 37.12847 ], [ -113.65235, 37.12855 ], [ -113.65274, 37.12886 ], [ -113.65319, 37.12922 ], [ -113.65325, 37.12927 ], [ -113.65332, 37.12931 ], [ -113.65338, 37.12935 ], [ -113.65345, 37.1294 ], [ -113.65352, 37.12943 ], [ -113.65359, 37.12947 ], [ -113.65366, 37.1295 ], [ -113.65373, 37.12954 ], [ -113.65381, 37.12956 ], [ -113.65389, 37.12959 ], [ -113.65396, 37.12962 ], [ -113.65404, 37.12964 ], [ -113.65412, 37.12966 ], [ -113.65421, 37.12967 ], [ -113.65429, 37.12969 ], [ -113.65456, 37.12972 ], [ -113.65455, 37.12979 ], [ -113.65475, 37.12983 ], [ -113.65532, 37.12984 ], [ -113.65556, 37.12985 ], [ -113.65608, 37.12986 ], [ -113.65617, 37.12986 ], [ -113.65797, 37.13089 ], [ -113.65889, 37.13157 ], [ -113.65879, 37.13166 ], [ -113.65925, 37.13199 ], [ -113.65864, 37.13249 ], [ -113.65864, 37.13231 ], [ -113.65824, 37.13225 ], [ -113.65824, 37.13218 ], [ -113.65771, 37.13224 ], [ -113.65768, 37.13247 ], [ -113.65768, 37.1325 ], [ -113.65767, 37.13286 ], [ -113.65764, 37.13286 ], [ -113.65764, 37.13296 ], [ -113.65613, 37.13296 ], [ -113.65454, 37.13294 ], [ -113.65296, 37.13292 ], [ -113.65296, 37.13336 ], [ -113.65297, 37.13362 ], [ -113.65296, 37.13382 ], [ -113.65294, 37.13406 ], [ -113.65292, 37.13422 ], [ -113.65289, 37.13437 ], [ -113.65286, 37.13449 ], [ -113.65284, 37.13466 ], [ -113.65283, 37.13474 ], [ -113.65282, 37.13473 ], [ -113.65283, 37.13452 ], [ -113.65283, 37.13445 ], [ -113.65284, 37.13412 ], [ -113.65284, 37.13385 ], [ -113.65284, 37.13358 ], [ -113.65285, 37.13341 ], [ -113.65286, 37.13304 ], [ -113.65252, 37.13303 ], [ -113.65218, 37.13302 ], [ -113.65214, 37.13302 ], [ -113.65184, 37.13302 ], [ -113.6515, 37.13301 ], [ -113.65148, 37.13355 ], [ -113.65146, 37.13394 ], [ -113.6514, 37.13409 ], [ -113.65138, 37.13407 ], [ -113.65138, 37.13405 ], [ -113.65139, 37.13403 ], [ -113.65134, 37.134 ], [ -113.65132, 37.13398 ], [ -113.65126, 37.13393 ], [ -113.65131, 37.13399 ], [ -113.6512, 37.1339 ], [ -113.65091, 37.13367 ], [ -113.65076, 37.13367 ], [ -113.65042, 37.13368 ], [ -113.65008, 37.13368 ], [ -113.64982, 37.13357 ], [ -113.64956, 37.13345 ], [ -113.6493, 37.13384 ], [ -113.64956, 37.13395 ], [ -113.64982, 37.13407 ], [ -113.65007, 37.13418 ], [ -113.65033, 37.13429 ], [ -113.65035, 37.1343 ], [ -113.65037, 37.13431 ], [ -113.65039, 37.13431 ], [ -113.65041, 37.13431 ], [ -113.65046, 37.13431 ], [ -113.65048, 37.1343 ], [ -113.65051, 37.1343 ], [ -113.65053, 37.13431 ], [ -113.65055, 37.13431 ], [ -113.65057, 37.13432 ], [ -113.65059, 37.13433 ], [ -113.65061, 37.13435 ], [ -113.65064, 37.13437 ], [ -113.65065, 37.13441 ], [ -113.65066, 37.13444 ], [ -113.65065, 37.13447 ], [ -113.65064, 37.1345 ], [ -113.65062, 37.13453 ], [ -113.65059, 37.13455 ], [ -113.65056, 37.13457 ], [ -113.65052, 37.13458 ], [ -113.65047, 37.13458 ], [ -113.65043, 37.13457 ], [ -113.65039, 37.13456 ], [ -113.65038, 37.13455 ], [ -113.65035, 37.13452 ], [ -113.65034, 37.13451 ], [ -113.65033, 37.13449 ], [ -113.65032, 37.13447 ], [ -113.65031, 37.13446 ], [ -113.6503, 37.13444 ], [ -113.65028, 37.13443 ], [ -113.65027, 37.13442 ], [ -113.65015, 37.13437 ], [ -113.64988, 37.13425 ], [ -113.64965, 37.13415 ], [ -113.64963, 37.13414 ], [ -113.64961, 37.13415 ], [ -113.6496, 37.13415 ], [ -113.64958, 37.13416 ], [ -113.64941, 37.13442 ], [ -113.64922, 37.1347 ], [ -113.64921, 37.13471 ], [ -113.64921, 37.13472 ], [ -113.64922, 37.13474 ], [ -113.64923, 37.13475 ], [ -113.64946, 37.13485 ], [ -113.64973, 37.13497 ], [ -113.65, 37.13509 ], [ -113.65027, 37.13521 ], [ -113.65054, 37.13533 ], [ -113.6506, 37.13536 ], [ -113.65086, 37.13547 ], [ -113.65075, 37.13547 ], [ -113.64906, 37.13475 ], [ -113.64912, 37.13468 ], [ -113.64956, 37.13403 ], [ -113.6492, 37.13388 ], [ -113.64851, 37.13356 ], [ -113.64823, 37.13342 ], [ -113.64813, 37.13335 ], [ -113.64807, 37.13328 ], [ -113.64801, 37.1332 ], [ -113.64793, 37.13301 ], [ -113.64732, 37.13318 ], [ -113.64692, 37.13329 ], [ -113.64683, 37.13332 ], [ -113.64674, 37.13336 ], [ -113.64667, 37.13341 ], [ -113.64656, 37.13353 ], [ -113.64652, 37.13361 ], [ -113.64632, 37.13354 ], [ -113.64586, 37.13331 ], [ -113.64524, 37.13299 ], [ -113.64499, 37.1334 ], [ -113.64476, 37.13374 ], [ -113.64351, 37.1332 ], [ -113.6434, 37.13316 ], [ -113.64333, 37.13315 ], [ -113.64324, 37.13314 ], [ -113.64233, 37.13316 ], [ -113.64232, 37.13316 ], [ -113.64232, 37.13276 ], [ -113.64232, 37.13255 ], [ -113.6423, 37.13237 ], [ -113.6416, 37.13237 ], [ -113.6416, 37.13244 ], [ -113.64191, 37.13244 ], [ -113.64217, 37.13243 ], [ -113.64219, 37.13244 ], [ -113.6422, 37.13244 ], [ -113.64221, 37.13246 ], [ -113.64222, 37.13247 ], [ -113.64222, 37.13276 ], [ -113.64222, 37.13305 ], [ -113.64222, 37.13307 ], [ -113.64221, 37.13308 ], [ -113.64219, 37.13309 ], [ -113.64218, 37.13309 ], [ -113.64192, 37.13309 ], [ -113.64191, 37.13276 ], [ -113.6416, 37.13277 ], [ -113.64161, 37.1331 ], [ -113.64161, 37.13316 ], [ -113.64079, 37.13317 ], [ -113.64083, 37.13357 ], [ -113.64078, 37.13358 ], [ -113.64079, 37.13362 ], [ -113.6408, 37.13367 ], [ -113.6408, 37.13369 ], [ -113.64063, 37.1337 ], [ -113.64044, 37.13371 ], [ -113.64043, 37.13364 ], [ -113.64043, 37.13362 ], [ -113.64008, 37.13364 ], [ -113.63991, 37.13365 ], [ -113.63982, 37.13366 ], [ -113.63965, 37.13369 ], [ -113.63948, 37.13372 ], [ -113.63815, 37.13398 ], [ -113.63792, 37.13402 ], [ -113.63784, 37.13404 ], [ -113.63776, 37.13407 ], [ -113.63769, 37.1341 ], [ -113.63769, 37.13419 ], [ -113.63744, 37.13431 ], [ -113.63729, 37.13437 ], [ -113.63718, 37.13439 ], [ -113.63709, 37.1344 ], [ -113.637, 37.13441 ], [ -113.63681, 37.13441 ], [ -113.6347, 37.13441 ], [ -113.63454, 37.13442 ], [ -113.63441, 37.13445 ], [ -113.63428, 37.13448 ], [ -113.6341, 37.13454 ], [ -113.63423, 37.13486 ], [ -113.63447, 37.1354 ], [ -113.63452, 37.1355 ], [ -113.63453, 37.13561 ], [ -113.63453, 37.13564 ], [ -113.63442, 37.13564 ], [ -113.63409, 37.13564 ], [ -113.63379, 37.13565 ], [ -113.63334, 37.13565 ], [ -113.63306, 37.13565 ], [ -113.63306, 37.13603 ], [ -113.63306, 37.13641 ], [ -113.63306, 37.13679 ], [ -113.63306, 37.13707 ], [ -113.63306, 37.13734 ], [ -113.63307, 37.13761 ], [ -113.63307, 37.13788 ], [ -113.63307, 37.13815 ], [ -113.63307, 37.13842 ], [ -113.63307, 37.13867 ], [ -113.63307, 37.1392 ], [ -113.63307, 37.13927 ], [ -113.63307, 37.13931 ], [ -113.63166, 37.13932 ], [ -113.631, 37.13933 ], [ -113.63099, 37.13933 ], [ -113.63098, 37.13933 ], [ -113.63079, 37.13933 ], [ -113.63076, 37.13887 ], [ -113.63078, 37.13872 ], [ -113.63079, 37.13856 ], [ -113.63094, 37.13808 ], [ -113.63097, 37.13791 ], [ -113.631, 37.13749 ], [ -113.631, 37.13715 ], [ -113.63097, 37.13674 ], [ -113.63093, 37.13568 ], [ -113.63092, 37.13534 ], [ -113.63091, 37.13392 ], [ -113.63089, 37.1331 ], [ -113.63089, 37.13249 ], [ -113.63074, 37.13249 ], [ -113.63074, 37.13242 ], [ -113.63074, 37.13217 ], [ -113.63074, 37.13198 ], [ -113.63074, 37.13179 ], [ -113.63074, 37.1316 ], [ -113.63044, 37.1316 ], [ -113.63036, 37.1316 ], [ -113.63036, 37.13156 ], [ -113.63027, 37.13156 ], [ -113.62998, 37.13156 ], [ -113.62973, 37.13159 ], [ -113.62973, 37.13134 ], [ -113.62949, 37.13137 ], [ -113.6294, 37.13137 ], [ -113.62925, 37.13138 ], [ -113.62904, 37.13138 ], [ -113.62902, 37.13138 ], [ -113.62901, 37.13138 ], [ -113.62899, 37.13139 ], [ -113.62898, 37.1314 ], [ -113.62897, 37.13141 ], [ -113.62896, 37.13142 ], [ -113.62895, 37.13143 ], [ -113.62895, 37.13145 ], [ -113.62895, 37.13162 ], [ -113.62887, 37.13162 ], [ -113.62887, 37.13156 ], [ -113.62878, 37.13156 ], [ -113.62878, 37.13137 ], [ -113.62878, 37.13117 ], [ -113.62843, 37.13117 ], [ -113.62843, 37.13116 ], [ -113.62812, 37.13116 ], [ -113.62812, 37.13126 ], [ -113.62812, 37.13137 ], [ -113.62813, 37.13147 ], [ -113.62813, 37.13157 ], [ -113.62813, 37.13167 ], [ -113.62813, 37.13177 ], [ -113.62813, 37.13187 ], [ -113.62813, 37.13198 ], [ -113.62844, 37.13197 ], [ -113.62844, 37.13199 ], [ -113.62844, 37.13204 ], [ -113.6283, 37.13204 ], [ -113.62811, 37.13204 ], [ -113.6281, 37.13188 ], [ -113.628099460926535, 37.131789974730935 ], [ -113.62746, 37.13176 ], [ -113.62673, 37.13178 ], [ -113.62603, 37.13177 ], [ -113.62572, 37.13177 ], [ -113.62533, 37.13177 ], [ -113.62491, 37.13175 ], [ -113.62451, 37.13156 ], [ -113.62444, 37.13141 ], [ -113.62439, 37.1313 ], [ -113.6243, 37.13112 ], [ -113.62397, 37.13111 ], [ -113.62383, 37.13111 ], [ -113.62382, 37.13095 ], [ -113.61927, 37.13089 ], [ -113.61926, 37.13008 ], [ -113.61926, 37.13003 ], [ -113.61926, 37.12967 ], [ -113.61917, 37.12967 ], [ -113.61879, 37.12967 ], [ -113.6184, 37.12967 ], [ -113.6184, 37.1297 ], [ -113.61831, 37.1297 ], [ -113.61832, 37.12934 ], [ -113.61781, 37.12934 ], [ -113.61728, 37.12933 ], [ -113.61664, 37.12933 ], [ -113.61631, 37.12933 ], [ -113.61593, 37.12934 ], [ -113.61514, 37.12946 ], [ -113.61489, 37.1291 ], [ -113.61499, 37.12904 ], [ -113.61495, 37.129 ], [ -113.61417, 37.12815 ], [ -113.61409, 37.12819 ], [ -113.61387, 37.12797 ], [ -113.61377, 37.12797 ], [ -113.61377, 37.12796 ], [ -113.61372, 37.12787 ], [ -113.61367, 37.12777 ], [ -113.61363, 37.12767 ], [ -113.6136, 37.12757 ], [ -113.61357, 37.12746 ], [ -113.61356, 37.12745 ], [ -113.61355, 37.12744 ], [ -113.61354, 37.12743 ], [ -113.61352, 37.12743 ], [ -113.61288, 37.12747 ], [ -113.61288, 37.12739 ], [ -113.61253, 37.12742 ], [ -113.61188, 37.12745 ], [ -113.61188, 37.12676 ], [ -113.61187, 37.12676 ], [ -113.6118, 37.12676 ], [ -113.61085, 37.12677 ], [ -113.61085, 37.12643 ], [ -113.61079, 37.12643 ], [ -113.61079, 37.1264 ], [ -113.61073, 37.12638 ], [ -113.61057, 37.12638 ], [ -113.61027, 37.12638 ], [ -113.61003, 37.12638 ], [ -113.60951, 37.12638 ], [ -113.60951, 37.12613 ], [ -113.60952, 37.12591 ], [ -113.60946, 37.12591 ], [ -113.60852, 37.12591 ], [ -113.60852, 37.12614 ], [ -113.60854, 37.12634 ], [ -113.60858, 37.12636 ], [ -113.60856, 37.12687 ], [ -113.60943, 37.12685 ], [ -113.60943, 37.12704 ], [ -113.60877, 37.12705 ], [ -113.60827, 37.12705 ], [ -113.60826, 37.12705 ], [ -113.60826, 37.12669 ], [ -113.60825, 37.12624 ], [ -113.60824, 37.12567 ], [ -113.60789, 37.12567 ], [ -113.60789, 37.12528 ], [ -113.60726, 37.12541 ], [ -113.60724, 37.12542 ], [ -113.60723, 37.12543 ], [ -113.60722, 37.12544 ], [ -113.60721, 37.12545 ], [ -113.60721, 37.12537 ], [ -113.6072, 37.12531 ], [ -113.60713, 37.12532 ], [ -113.60703, 37.12534 ], [ -113.60702, 37.1251 ], [ -113.60702, 37.12486 ], [ -113.6067, 37.12486 ], [ -113.60639, 37.12486 ], [ -113.60628, 37.1251 ], [ -113.6062, 37.12529 ], [ -113.60616, 37.1254 ], [ -113.60604, 37.12576 ], [ -113.60566, 37.12572 ], [ -113.60558, 37.12547 ], [ -113.60561, 37.1254 ], [ -113.60568, 37.12538 ], [ -113.60576, 37.12517 ], [ -113.60591, 37.12505 ], [ -113.60584, 37.12484 ], [ -113.60602, 37.12481 ], [ -113.60597, 37.12465 ], [ -113.6053, 37.12478 ], [ -113.60479, 37.12487 ], [ -113.6047, 37.12489 ], [ -113.60452, 37.12491 ], [ -113.60422, 37.12491 ], [ -113.60397, 37.12492 ], [ -113.60375, 37.12493 ], [ -113.60341, 37.12492 ], [ -113.60326, 37.12491 ], [ -113.60318, 37.12491 ], [ -113.60285, 37.1249 ], [ -113.60275, 37.1249 ], [ -113.60255, 37.12496 ], [ -113.6023, 37.12491 ], [ -113.60228, 37.1249 ], [ -113.60221, 37.12483 ], [ -113.60219, 37.12481 ], [ -113.60205, 37.12477 ], [ -113.60167, 37.12466 ], [ -113.60161, 37.12464 ], [ -113.60156, 37.12463 ], [ -113.6015, 37.12462 ], [ -113.60144, 37.12461 ], [ -113.60139, 37.12461 ], [ -113.60133, 37.12461 ], [ -113.60127, 37.12461 ], [ -113.60121, 37.12461 ], [ -113.60114, 37.12462 ], [ -113.60108, 37.12464 ], [ -113.60105, 37.12464 ], [ -113.60102, 37.12465 ], [ -113.60099, 37.12467 ], [ -113.60097, 37.12468 ], [ -113.60095, 37.1247 ], [ -113.60093, 37.12472 ], [ -113.60091, 37.12474 ], [ -113.6009, 37.12476 ], [ -113.6009, 37.12483 ], [ -113.60131, 37.12574 ], [ -113.60187, 37.12697 ], [ -113.60209, 37.12746 ], [ -113.60214, 37.12757 ], [ -113.60223, 37.12778 ], [ -113.60234, 37.12806 ], [ -113.60243, 37.12829 ], [ -113.60251, 37.12851 ], [ -113.60257, 37.12868 ], [ -113.60258, 37.12873 ], [ -113.6026, 37.12878 ], [ -113.60222, 37.12878 ], [ -113.602, 37.12819 ], [ -113.60175, 37.12762 ], [ -113.60133, 37.12665 ], [ -113.60061, 37.12505 ], [ -113.60039, 37.12459 ], [ -113.60069, 37.12451 ], [ -113.60105, 37.12444 ], [ -113.60123, 37.12442 ], [ -113.60139, 37.12443 ], [ -113.60164, 37.12447 ], [ -113.60208, 37.12461 ], [ -113.60254, 37.12471 ], [ -113.60308, 37.1248 ], [ -113.60358, 37.12484 ], [ -113.60395, 37.12484 ], [ -113.60428, 37.12482 ], [ -113.60462, 37.12477 ], [ -113.60584, 37.12454 ], [ -113.6071, 37.12429 ], [ -113.61186, 37.12339 ], [ -113.61363, 37.12305 ], [ -113.61497, 37.12279 ], [ -113.61628, 37.12272 ], [ -113.61628, 37.12288 ], [ -113.616485714285716, 37.122871428571429 ], [ -113.61649, 37.12287 ], [ -113.61652, 37.12287 ], [ -113.61665, 37.12287 ], [ -113.61864, 37.1229 ], [ -113.61864, 37.12294 ], [ -113.61864, 37.12334 ], [ -113.61864, 37.12392 ], [ -113.61864, 37.12534 ], [ -113.61864, 37.1254 ], [ -113.61889, 37.1254 ], [ -113.61925, 37.1254 ], [ -113.61961, 37.12525 ], [ -113.61987, 37.12514 ], [ -113.61988, 37.12433 ], [ -113.61999, 37.12433 ], [ -113.62011, 37.12422 ], [ -113.62018, 37.12415 ], [ -113.62046, 37.12388 ], [ -113.6209, 37.12368 ], [ -113.62103, 37.12351 ], [ -113.62084, 37.12351 ], [ -113.62033, 37.12349 ], [ -113.61996, 37.12348 ], [ -113.61962, 37.12347 ], [ -113.61921, 37.12345 ], [ -113.61921, 37.1229 ], [ -113.61962, 37.12292 ], [ -113.61996, 37.12293 ], [ -113.62033, 37.12294 ], [ -113.62067, 37.12295 ], [ -113.62089, 37.12296 ], [ -113.62119, 37.12297 ], [ -113.62137, 37.12297 ], [ -113.6214, 37.12297 ], [ -113.62140075, 37.1229705 ], [ -113.6226, 37.12299 ], [ -113.62311, 37.12299 ], [ -113.62347, 37.123 ], [ -113.6235, 37.123 ], [ -113.62353, 37.12301 ], [ -113.62356, 37.12302 ], [ -113.62358, 37.12304 ], [ -113.6236, 37.12306 ], [ -113.62362, 37.12308 ], [ -113.62363, 37.12311 ], [ -113.62363, 37.12313 ], [ -113.62364, 37.12341 ], [ -113.62364, 37.12365 ], [ -113.62365, 37.12396 ], [ -113.62366, 37.12429 ], [ -113.62369, 37.12429 ], [ -113.62369, 37.12459 ], [ -113.62369, 37.12461 ], [ -113.62368, 37.12462 ], [ -113.62366, 37.12463 ], [ -113.62364, 37.12463 ], [ -113.62211, 37.12464 ], [ -113.62085, 37.12467 ], [ -113.62083, 37.12467 ], [ -113.62081, 37.12467 ], [ -113.6208, 37.12466 ], [ -113.62078, 37.12465 ], [ -113.62076, 37.12463 ], [ -113.62073, 37.12462 ], [ -113.6207, 37.12461 ], [ -113.62066, 37.12461 ], [ -113.62063, 37.12461 ], [ -113.62059, 37.12462 ], [ -113.62056, 37.12463 ], [ -113.62053, 37.12465 ], [ -113.62051, 37.12467 ], [ -113.6205, 37.12469 ], [ -113.62049, 37.12472 ], [ -113.62048, 37.12475 ], [ -113.62049, 37.12477 ], [ -113.6205, 37.1248 ], [ -113.62052, 37.12482 ], [ -113.62055, 37.12486 ], [ -113.62056, 37.12487 ], [ -113.62057, 37.12488 ], [ -113.62057, 37.1249 ], [ -113.62055, 37.12581 ], [ -113.62055, 37.12582 ], [ -113.62054, 37.12584 ], [ -113.62053, 37.12584 ], [ -113.62051, 37.12585 ], [ -113.6205, 37.12585 ], [ -113.62002, 37.12584 ], [ -113.62, 37.12584 ], [ -113.61997, 37.12583 ], [ -113.61995, 37.12582 ], [ -113.61993, 37.1258 ], [ -113.61991, 37.12577 ], [ -113.61989, 37.12575 ], [ -113.61987, 37.12574 ], [ -113.61985, 37.12572 ], [ -113.61983, 37.12572 ], [ -113.61981, 37.12571 ], [ -113.61979, 37.12571 ], [ -113.61977, 37.1257 ], [ -113.61973, 37.12571 ], [ -113.61969, 37.12572 ], [ -113.61965, 37.12574 ], [ -113.61962, 37.12576 ], [ -113.6196, 37.12579 ], [ -113.6196, 37.12582 ], [ -113.6196, 37.12584 ], [ -113.6196, 37.12586 ], [ -113.61961, 37.12588 ], [ -113.61962, 37.1259 ], [ -113.61964, 37.12592 ], [ -113.61966, 37.12593 ], [ -113.61968, 37.12595 ], [ -113.61971, 37.12596 ], [ -113.61974, 37.12596 ], [ -113.61977, 37.12596 ], [ -113.6199, 37.12596 ], [ -113.62051, 37.12596 ], [ -113.62053, 37.12596 ], [ -113.62068, 37.12596 ], [ -113.62075, 37.12596 ], [ -113.62076, 37.12596 ], [ -113.62078, 37.12596 ], [ -113.6221, 37.12595 ], [ -113.6221, 37.12622 ], [ -113.6221, 37.12627 ], [ -113.6221, 37.1263 ], [ -113.62073, 37.12631 ], [ -113.62073, 37.12653 ], [ -113.62107, 37.12653 ], [ -113.62134, 37.12653 ], [ -113.62169, 37.12653 ], [ -113.62169, 37.1271 ], [ -113.622, 37.1271 ], [ -113.62202, 37.1271 ], [ -113.62204, 37.12709 ], [ -113.62205, 37.12708 ], [ -113.62206, 37.12707 ], [ -113.62206, 37.12705 ], [ -113.62206, 37.12704 ], [ -113.62206, 37.12702 ], [ -113.62203, 37.12699 ], [ -113.62202, 37.12697 ], [ -113.62201, 37.12694 ], [ -113.62201, 37.12691 ], [ -113.62201, 37.12689 ], [ -113.62203, 37.12686 ], [ -113.62204, 37.12684 ], [ -113.62206, 37.12682 ], [ -113.62172, 37.12653 ], [ -113.62262, 37.12652 ], [ -113.62269, 37.12652 ], [ -113.62269, 37.12622 ], [ -113.62244, 37.12622 ], [ -113.62244, 37.12594 ], [ -113.62244, 37.12588 ], [ -113.6221, 37.12588 ], [ -113.6221, 37.12587 ], [ -113.62194, 37.12587 ], [ -113.62069, 37.1259 ], [ -113.62062, 37.12476 ], [ -113.62274, 37.12471 ], [ -113.62369, 37.12468 ], [ -113.62381, 37.12468 ], [ -113.62377, 37.12301 ], [ -113.62377, 37.12287 ], [ -113.62377, 37.12273 ], [ -113.62345, 37.12272 ], [ -113.62288, 37.12271 ], [ -113.62237, 37.1227 ], [ -113.62147, 37.12268 ], [ -113.62129, 37.12268 ], [ -113.62103, 37.12266 ], [ -113.62, 37.12267 ], [ -113.61956, 37.12266 ], [ -113.61913, 37.12265 ], [ -113.61836, 37.12263 ], [ -113.61784, 37.12262 ], [ -113.61648, 37.12259 ], [ -113.61628, 37.12259 ], [ -113.61602, 37.12258 ], [ -113.6157, 37.1226 ], [ -113.61544, 37.12262 ], [ -113.61521, 37.12264 ], [ -113.61499, 37.12267 ], [ -113.61477, 37.12269 ], [ -113.61456, 37.12273 ], [ -113.61451, 37.12273 ], [ -113.61433, 37.12277 ], [ -113.61385, 37.12286 ], [ -113.6138, 37.12287 ], [ -113.61291, 37.12304 ], [ -113.6127, 37.12308 ], [ -113.61249, 37.12312 ], [ -113.61207, 37.1232 ], [ -113.61199, 37.12321 ], [ -113.61186, 37.12324 ], [ -113.61177, 37.12325 ], [ -113.61169, 37.12327 ], [ -113.61162, 37.12328 ], [ -113.61133, 37.12334 ], [ -113.61002, 37.12359 ], [ -113.6096, 37.12367 ], [ -113.609, 37.12378 ], [ -113.6086, 37.12385 ], [ -113.60776, 37.124 ], [ -113.60775, 37.12283 ], [ -113.60721, 37.12295 ], [ -113.6072, 37.12283 ], [ -113.6072, 37.12259 ], [ -113.6072, 37.12209 ], [ -113.6072, 37.12205 ], [ -113.60704, 37.1219 ], [ -113.6069, 37.12177 ], [ -113.60678, 37.1217 ], [ -113.60629, 37.12171 ], [ -113.60628, 37.12129 ], [ -113.60628, 37.12126 ], [ -113.60622, 37.12126 ], [ -113.60533, 37.1218 ], [ -113.60548, 37.12195 ], [ -113.60569, 37.12215 ], [ -113.60588, 37.12234 ], [ -113.60611, 37.12256 ], [ -113.60631, 37.12275 ], [ -113.6064, 37.12283 ], [ -113.60652, 37.12295 ], [ -113.60665, 37.12307 ], [ -113.6066, 37.1231 ], [ -113.6067, 37.1232 ], [ -113.60688, 37.12337 ], [ -113.60689, 37.12338 ], [ -113.60694, 37.12337 ], [ -113.60695, 37.12388 ], [ -113.60695, 37.12417 ], [ -113.60549, 37.12445 ], [ -113.60513, 37.12452 ], [ -113.60476, 37.1246 ], [ -113.60463, 37.12462 ], [ -113.6045, 37.12464 ], [ -113.60437, 37.12465 ], [ -113.60421, 37.12467 ], [ -113.604, 37.12468 ], [ -113.60386, 37.12468 ], [ -113.60374, 37.12468 ], [ -113.60361, 37.12468 ], [ -113.60349, 37.12467 ], [ -113.60336, 37.12467 ], [ -113.60323, 37.12466 ], [ -113.60311, 37.12464 ], [ -113.60299, 37.12463 ], [ -113.60287, 37.12461 ], [ -113.60284, 37.1246 ], [ -113.60283, 37.1246 ], [ -113.602814, 37.124592 ], [ -113.60258, 37.12454 ], [ -113.60228, 37.12448 ], [ -113.60213, 37.12443 ], [ -113.60193, 37.12437 ], [ -113.60182, 37.12434 ], [ -113.6017, 37.12431 ], [ -113.60159, 37.12429 ], [ -113.60148, 37.12427 ], [ -113.60136, 37.12426 ], [ -113.60124, 37.12425 ], [ -113.60113, 37.12425 ], [ -113.60101, 37.12426 ], [ -113.60096, 37.12423 ], [ -113.6009, 37.12423 ], [ -113.6009, 37.12427 ], [ -113.60078, 37.12428 ], [ -113.60067, 37.1243 ], [ -113.60064, 37.12425 ], [ -113.60039, 37.12368 ], [ -113.60019, 37.12321 ], [ -113.59993, 37.1229 ], [ -113.59983, 37.12276 ], [ -113.59979, 37.12269 ], [ -113.59971, 37.12255 ], [ -113.59967, 37.12247 ], [ -113.5996, 37.12233 ], [ -113.59918, 37.1214 ], [ -113.59912, 37.12128 ], [ -113.59886, 37.1207 ], [ -113.59878, 37.12053 ], [ -113.59867, 37.12027 ], [ -113.59854, 37.11998 ], [ -113.59824, 37.11932 ], [ -113.59822, 37.11927 ], [ -113.59828, 37.11927 ], [ -113.59865, 37.11927 ], [ -113.59884, 37.11929 ], [ -113.59898, 37.11931 ], [ -113.59913, 37.11937 ], [ -113.5993, 37.11948 ], [ -113.59942, 37.11961 ], [ -113.59998, 37.12013 ], [ -113.60028, 37.12038 ], [ -113.60052, 37.12051 ], [ -113.60072, 37.12058 ], [ -113.60086, 37.1206 ], [ -113.60097, 37.12059 ], [ -113.60112, 37.12057 ], [ -113.60127, 37.12051 ], [ -113.60128, 37.1205 ], [ -113.60124, 37.12044 ], [ -113.60112, 37.12049 ], [ -113.60103, 37.12052 ], [ -113.60093, 37.12053 ], [ -113.60081, 37.12052 ], [ -113.60073, 37.12051 ], [ -113.60062, 37.12048 ], [ -113.60052, 37.12043 ], [ -113.6004, 37.12037 ], [ -113.60028, 37.12028 ], [ -113.59979, 37.11984 ], [ -113.59935, 37.11944 ], [ -113.5992, 37.11934 ], [ -113.59906, 37.11928 ], [ -113.5989, 37.11924 ], [ -113.59871, 37.11921 ], [ -113.59819, 37.11921 ], [ -113.59801, 37.11923 ], [ -113.59841, 37.12014 ], [ -113.59974, 37.12308 ], [ -113.59938, 37.12302 ], [ -113.59916, 37.12293 ], [ -113.59901, 37.12282 ], [ -113.5988, 37.12265 ], [ -113.59808, 37.12202 ], [ -113.59627, 37.12068 ], [ -113.59616, 37.12079 ], [ -113.59612, 37.12076 ], [ -113.59603, 37.12083 ], [ -113.59599, 37.12087 ], [ -113.59597, 37.12092 ], [ -113.59595, 37.12096 ], [ -113.59594, 37.12101 ], [ -113.59569, 37.12082 ], [ -113.59543, 37.12093 ], [ -113.5953, 37.12085 ], [ -113.59529, 37.12086 ], [ -113.59528, 37.12086 ], [ -113.5951, 37.12075 ], [ -113.59495, 37.12066 ], [ -113.59494, 37.12066 ], [ -113.59438, 37.12067 ], [ -113.5938, 37.12068 ], [ -113.59381, 37.12126 ], [ -113.59268, 37.12126 ], [ -113.59267, 37.12012 ], [ -113.59335, 37.12012 ], [ -113.59335, 37.12005 ], [ -113.59263, 37.12003 ], [ -113.59195, 37.12 ], [ -113.59179, 37.12003 ], [ -113.59171, 37.12004 ], [ -113.59171, 37.12013 ], [ -113.59128, 37.12013 ], [ -113.59128, 37.11992 ], [ -113.59113, 37.11992 ], [ -113.59084, 37.11992 ], [ -113.59077, 37.11992 ], [ -113.59055, 37.11992 ], [ -113.59027, 37.11991 ], [ -113.58983, 37.11991 ], [ -113.58983, 37.11999 ], [ -113.59038, 37.12 ], [ -113.5904, 37.12131 ], [ -113.59041, 37.1214 ], [ -113.58966, 37.12141 ], [ -113.58952, 37.12142 ], [ -113.58716, 37.12145 ], [ -113.58715, 37.12134 ], [ -113.58715, 37.12123 ], [ -113.58373, 37.12122 ], [ -113.58361, 37.12087 ], [ -113.58351, 37.12048 ], [ -113.58326, 37.11988 ], [ -113.58315, 37.11963 ], [ -113.58303, 37.11937 ], [ -113.58285, 37.1191 ], [ -113.58263, 37.11872 ], [ -113.58247, 37.11847 ], [ -113.58227, 37.11824 ], [ -113.58204, 37.11788 ], [ -113.58203, 37.1178 ], [ -113.58209, 37.1177 ], [ -113.58201, 37.1177 ], [ -113.58208, 37.11761 ], [ -113.58211, 37.11754 ], [ -113.58214, 37.11744 ], [ -113.58214, 37.11735 ], [ -113.58211, 37.11719 ], [ -113.58204, 37.11708 ], [ -113.58187, 37.11689 ], [ -113.58159, 37.11658 ], [ -113.58157, 37.11656 ], [ -113.58106, 37.11655 ], [ -113.581, 37.115 ], [ -113.58087, 37.11486 ], [ -113.5792, 37.11485 ], [ -113.57867, 37.11471 ], [ -113.57843, 37.11462 ], [ -113.57819, 37.11451 ], [ -113.57794, 37.11434 ], [ -113.57778, 37.1142 ], [ -113.57761, 37.11407 ], [ -113.57754, 37.114 ], [ -113.57721, 37.1138 ], [ -113.57687, 37.11363 ], [ -113.57652, 37.11351 ], [ -113.57582, 37.11338 ], [ -113.57581977995109, 37.113378606356967 ], [ -113.57495, 37.11326 ], [ -113.57422, 37.11316 ], [ -113.57294, 37.11297 ], [ -113.5726, 37.11292 ], [ -113.57208, 37.11283 ], [ -113.57098, 37.11262 ], [ -113.57072, 37.11258 ], [ -113.57017, 37.1125 ], [ -113.57017, 37.11223 ], [ -113.57016, 37.11201 ], [ -113.56942, 37.11202 ], [ -113.56941, 37.11146 ], [ -113.56919, 37.11146 ], [ -113.56871, 37.11147 ], [ -113.5687, 37.11118 ], [ -113.56852, 37.11119 ], [ -113.56853, 37.11142 ], [ -113.5684, 37.11142 ], [ -113.56839, 37.11099 ], [ -113.56844, 37.11102 ], [ -113.56847, 37.11104 ], [ -113.56849, 37.11105 ], [ -113.56847, 37.10983 ], [ -113.5665, 37.10982 ], [ -113.56631, 37.10981 ], [ -113.56423, 37.10979 ], [ -113.56426, 37.10812 ], [ -113.56428, 37.10644 ], [ -113.56636, 37.10644 ], [ -113.56848, 37.10643 ], [ -113.57061, 37.10645 ], [ -113.57273, 37.10647 ], [ -113.57482, 37.10649 ], [ -113.57698, 37.10651 ], [ -113.57906, 37.10649 ], [ -113.5812, 37.1065 ], [ -113.58334, 37.1065 ], [ -113.58333, 37.10481 ], [ -113.58546, 37.10482 ], [ -113.58545, 37.10583 ], [ -113.58545, 37.10651 ], [ -113.5876, 37.1065 ], [ -113.58972, 37.10652 ], [ -113.59185, 37.10654 ], [ -113.59294, 37.10653 ], [ -113.59308, 37.10653 ], [ -113.59309, 37.10737 ], [ -113.5931, 37.10772 ], [ -113.59317, 37.10823 ], [ -113.59322, 37.10841 ], [ -113.59329, 37.10863 ], [ -113.59337, 37.10883 ], [ -113.59389, 37.10994 ], [ -113.59408, 37.10989 ], [ -113.59405, 37.1098 ], [ -113.59372, 37.10907 ], [ -113.59367, 37.10897 ], [ -113.59363, 37.10887 ], [ -113.59359, 37.10876 ], [ -113.59355, 37.10866 ], [ -113.59352, 37.10855 ], [ -113.59349, 37.10845 ], [ -113.59346, 37.10834 ], [ -113.59344, 37.10823 ], [ -113.59341, 37.10811 ], [ -113.59339, 37.108 ], [ -113.59337, 37.10788 ], [ -113.59336, 37.10776 ], [ -113.59335, 37.10764 ], [ -113.59334, 37.10752 ], [ -113.59334, 37.1074 ], [ -113.59334, 37.10729 ], [ -113.59335, 37.10642 ], [ -113.59335, 37.10602 ], [ -113.59335, 37.10589 ], [ -113.59334, 37.10576 ], [ -113.59333, 37.10563 ], [ -113.59331, 37.10549 ], [ -113.59329, 37.10536 ], [ -113.59327, 37.10523 ], [ -113.59324, 37.1051 ], [ -113.59321, 37.10497 ], [ -113.59317, 37.10482 ], [ -113.59314, 37.10472 ], [ -113.59307, 37.10454 ], [ -113.59302, 37.1044 ], [ -113.59296, 37.10426 ], [ -113.59289, 37.10412 ], [ -113.59282, 37.10398 ], [ -113.59275, 37.10384 ], [ -113.59267, 37.10371 ], [ -113.59258, 37.10358 ], [ -113.5925, 37.10345 ], [ -113.5924, 37.10332 ], [ -113.59231, 37.10319 ], [ -113.59221, 37.10307 ], [ -113.5921, 37.10295 ], [ -113.59199, 37.10283 ], [ -113.59188, 37.10271 ], [ -113.59176, 37.1026 ], [ -113.59164, 37.10249 ], [ -113.5913, 37.10219 ], [ -113.59004, 37.10105 ], [ -113.58951, 37.10039 ], [ -113.58919, 37.09974 ], [ -113.58891, 37.09937 ], [ -113.59013, 37.09939 ], [ -113.59052, 37.09939 ], [ -113.59056, 37.09939 ], [ -113.59056, 37.09934 ], [ -113.59025, 37.09906 ], [ -113.5902, 37.09859 ], [ -113.59072, 37.09851 ], [ -113.5907, 37.09838 ], [ -113.59069, 37.09832 ], [ -113.59067, 37.09818 ], [ -113.59067, 37.09805 ], [ -113.59069, 37.09686 ], [ -113.59069, 37.09675 ], [ -113.59068, 37.09663 ], [ -113.59067, 37.09651 ], [ -113.59064, 37.09626 ], [ -113.59062, 37.09613 ], [ -113.5906, 37.09601 ], [ -113.59056, 37.09589 ], [ -113.5905, 37.09571 ], [ -113.59049, 37.09566 ], [ -113.59048, 37.0956 ], [ -113.59048, 37.09553 ], [ -113.59048, 37.09548 ], [ -113.59049, 37.09542 ], [ -113.5905, 37.09536 ], [ -113.59052, 37.09531 ], [ -113.59074, 37.0947 ], [ -113.59094, 37.09474 ], [ -113.59104, 37.09446 ], [ -113.59116, 37.09436 ], [ -113.5933, 37.09435 ], [ -113.5933, 37.09415 ], [ -113.59398, 37.09414 ], [ -113.59547, 37.09411 ], [ -113.59574, 37.0941 ], [ -113.59575, 37.09471 ], [ -113.59576, 37.09573 ], [ -113.5958, 37.09906 ], [ -113.59581, 37.09936 ], [ -113.59772, 37.09936 ], [ -113.59946, 37.09936 ], [ -113.60194, 37.09924 ], [ -113.60333, 37.09922 ], [ -113.60481, 37.0992 ], [ -113.60481, 37.0994 ], [ -113.60485, 37.09953 ], [ -113.605, 37.09983 ], [ -113.60524, 37.10026 ], [ -113.605, 37.10085 ], [ -113.60494, 37.10154 ], [ -113.60512, 37.10219 ], [ -113.60517, 37.10257 ], [ -113.60501, 37.10312 ], [ -113.60491, 37.10376 ], [ -113.60476, 37.104 ], [ -113.60451, 37.10414 ], [ -113.60396, 37.10438 ], [ -113.60337, 37.10477 ], [ -113.60272, 37.10521 ], [ -113.60212, 37.10566 ], [ -113.60172, 37.10611 ], [ -113.60164, 37.1062 ], [ -113.60297, 37.10727 ], [ -113.60178, 37.10825 ], [ -113.60166, 37.10854 ], [ -113.60153, 37.10897 ], [ -113.60172, 37.10938 ], [ -113.60208, 37.10991 ], [ -113.60248, 37.11059 ], [ -113.60272, 37.11121 ], [ -113.60327, 37.11174 ], [ -113.60279, 37.11242 ], [ -113.60239, 37.11275 ], [ -113.60157, 37.11321 ], [ -113.6011, 37.11343 ], [ -113.60135, 37.11376 ], [ -113.6019, 37.1135 ], [ -113.60297, 37.11278 ], [ -113.6034, 37.1124 ], [ -113.60371, 37.11193 ], [ -113.60406, 37.11166 ], [ -113.60404, 37.11162 ], [ -113.60398, 37.1113 ], [ -113.60397, 37.1113 ], [ -113.60392, 37.11101 ], [ -113.60383, 37.11074 ], [ -113.60368, 37.1103 ], [ -113.60368, 37.11002 ], [ -113.60361, 37.10989 ], [ -113.60363, 37.10966 ], [ -113.60353, 37.10946 ], [ -113.60358, 37.10901 ], [ -113.60376, 37.10879 ], [ -113.60386, 37.10826 ], [ -113.6042, 37.10798 ], [ -113.60444, 37.10781 ], [ -113.60474, 37.10754 ], [ -113.6048, 37.10743 ], [ -113.60491, 37.10737 ], [ -113.60503, 37.10735 ], [ -113.60509, 37.1073 ], [ -113.60518, 37.10701 ], [ -113.60547, 37.10695 ], [ -113.6059, 37.10695 ], [ -113.60622, 37.10685 ], [ -113.60674, 37.1066 ], [ -113.60698, 37.1065 ], [ -113.60742, 37.10653 ], [ -113.60736, 37.10641 ], [ -113.60734, 37.10636 ], [ -113.60714, 37.10595 ], [ -113.60766, 37.10598 ], [ -113.60767, 37.10604 ], [ -113.60768, 37.10611 ], [ -113.6077, 37.10617 ], [ -113.60772, 37.10623 ], [ -113.60775, 37.10628 ], [ -113.60787, 37.10653 ], [ -113.60794, 37.1065 ], [ -113.60801, 37.10647 ], [ -113.60791, 37.10627 ], [ -113.6079, 37.10625 ], [ -113.60791, 37.10623 ], [ -113.60793, 37.10621 ], [ -113.60795, 37.1062 ], [ -113.60823, 37.10613 ], [ -113.60834, 37.10611 ], [ -113.60837, 37.1061 ], [ -113.60839, 37.10609 ], [ -113.60841, 37.10608 ], [ -113.60843, 37.10606 ], [ -113.60844, 37.10605 ], [ -113.60845, 37.10603 ], [ -113.60846, 37.10601 ], [ -113.60846, 37.106 ], [ -113.60846, 37.10598 ], [ -113.60846, 37.10596 ], [ -113.60846, 37.10594 ], [ -113.60845, 37.10592 ], [ -113.60858, 37.10588 ], [ -113.60864, 37.10587 ], [ -113.60882, 37.10585 ], [ -113.60887, 37.10626 ], [ -113.60894, 37.10624 ], [ -113.60892, 37.1062 ], [ -113.60931, 37.1061 ], [ -113.60931, 37.10615 ], [ -113.6094, 37.10615 ], [ -113.60948, 37.10614 ], [ -113.60948, 37.10586 ], [ -113.60984, 37.10585 ], [ -113.60984, 37.10596 ], [ -113.61018, 37.10596 ], [ -113.61018, 37.10607 ], [ -113.61018, 37.10618 ], [ -113.61019, 37.10629 ], [ -113.61019, 37.10637 ], [ -113.61018, 37.10639 ], [ -113.61017, 37.10641 ], [ -113.61016, 37.10642 ], [ -113.61013, 37.10643 ], [ -113.60985, 37.10643 ], [ -113.60985, 37.10651 ], [ -113.61029, 37.10651 ], [ -113.61074, 37.10651 ], [ -113.61145, 37.1065 ], [ -113.61183, 37.1065 ], [ -113.61194, 37.10653 ], [ -113.61197, 37.10653 ], [ -113.61198, 37.10653 ], [ -113.61199, 37.10653 ], [ -113.612, 37.10652 ], [ -113.612009230769232, 37.10652 ], [ -113.61195, 37.10663 ], [ -113.61206, 37.10667 ], [ -113.61188, 37.10709 ], [ -113.61185, 37.10722 ], [ -113.61183, 37.10733 ], [ -113.61183, 37.10785 ], [ -113.61195, 37.10785 ], [ -113.61195, 37.10772 ], [ -113.61195, 37.10733 ], [ -113.61196, 37.10722 ], [ -113.61222, 37.10669 ], [ -113.61224, 37.1067 ], [ -113.61229, 37.10663 ], [ -113.61235, 37.10653 ], [ -113.61238, 37.10649 ], [ -113.61241, 37.10643 ], [ -113.61247, 37.10632 ], [ -113.61255, 37.10616 ], [ -113.61263, 37.106 ], [ -113.61264, 37.10598 ], [ -113.61267, 37.10596 ], [ -113.61268, 37.10595 ], [ -113.61272, 37.10594 ], [ -113.61274, 37.10593 ], [ -113.61277, 37.10593 ], [ -113.61281, 37.10593 ], [ -113.61285, 37.10594 ], [ -113.61289, 37.10595 ], [ -113.61299, 37.10602 ], [ -113.61309, 37.10609 ], [ -113.61315, 37.10613 ], [ -113.61322, 37.10616 ], [ -113.6133, 37.10619 ], [ -113.61343, 37.10625 ], [ -113.61351, 37.10628 ], [ -113.61353, 37.10628 ], [ -113.61354, 37.10629 ], [ -113.61355, 37.1063 ], [ -113.61356, 37.10632 ], [ -113.61356, 37.10633 ], [ -113.61356, 37.10634 ], [ -113.61356, 37.10635 ], [ -113.61355, 37.10636 ], [ -113.61348, 37.10648 ], [ -113.61348, 37.10649 ], [ -113.61346, 37.1065 ], [ -113.61345, 37.10651 ], [ -113.61344, 37.10652 ], [ -113.61342, 37.10652 ], [ -113.61341, 37.10652 ], [ -113.61339, 37.10652 ], [ -113.61338, 37.10651 ], [ -113.61328, 37.10648 ], [ -113.61314, 37.10643 ], [ -113.61303, 37.10638 ], [ -113.61301, 37.10638 ], [ -113.613, 37.10636 ], [ -113.61297, 37.10635 ], [ -113.61295, 37.10634 ], [ -113.61292, 37.10634 ], [ -113.6129, 37.10634 ], [ -113.61287, 37.10634 ], [ -113.61284, 37.10635 ], [ -113.61282, 37.10636 ], [ -113.6128, 37.10637 ], [ -113.61278, 37.10638 ], [ -113.61277, 37.1064 ], [ -113.61276, 37.10642 ], [ -113.61275, 37.10643 ], [ -113.61275, 37.10645 ], [ -113.61275, 37.10648 ], [ -113.61272, 37.10654 ], [ -113.61266, 37.10664 ], [ -113.6126, 37.10674 ], [ -113.61255, 37.10682 ], [ -113.61254, 37.10684 ], [ -113.61254, 37.10687 ], [ -113.61254, 37.10689 ], [ -113.61255, 37.10691 ], [ -113.61256, 37.10693 ], [ -113.61257, 37.10695 ], [ -113.61259, 37.10696 ], [ -113.61261, 37.10698 ], [ -113.61264, 37.10699 ], [ -113.61268, 37.107 ], [ -113.61272, 37.107 ], [ -113.61276, 37.10699 ], [ -113.61278, 37.10698 ], [ -113.6128, 37.10696 ], [ -113.61282, 37.10694 ], [ -113.61284, 37.10691 ], [ -113.61285, 37.10689 ], [ -113.61285, 37.10686 ], [ -113.61284, 37.10683 ], [ -113.61282, 37.10681 ], [ -113.61279, 37.10678 ], [ -113.61278, 37.10676 ], [ -113.61278, 37.10675 ], [ -113.61278, 37.10673 ], [ -113.61278, 37.10672 ], [ -113.61289, 37.10654 ], [ -113.6129, 37.10652 ], [ -113.61292, 37.10651 ], [ -113.61295, 37.10651 ], [ -113.61298, 37.10651 ], [ -113.61345, 37.10669 ], [ -113.61401, 37.10691 ], [ -113.61411, 37.10694 ], [ -113.61415, 37.10695 ], [ -113.61426, 37.10698 ], [ -113.61436, 37.107 ], [ -113.61441, 37.10701 ], [ -113.61448, 37.10701 ], [ -113.61455, 37.10702 ], [ -113.61462, 37.10702 ], [ -113.61469, 37.10702 ], [ -113.61483, 37.10701 ], [ -113.61493, 37.107 ], [ -113.6151, 37.10699 ], [ -113.61516, 37.10698 ], [ -113.61522, 37.10697 ], [ -113.61528, 37.10695 ], [ -113.61534, 37.10693 ], [ -113.61537, 37.10692 ], [ -113.61543, 37.10689 ], [ -113.61548, 37.10685 ], [ -113.61552, 37.1068 ], [ -113.61555, 37.10678 ], [ -113.61557, 37.10675 ], [ -113.61559, 37.10672 ], [ -113.61561, 37.10668 ], [ -113.61562, 37.10667 ], [ -113.61566, 37.10664 ], [ -113.61568, 37.10661 ], [ -113.61569, 37.10659 ], [ -113.6157, 37.10657 ], [ -113.6157, 37.10655 ], [ -113.6157, 37.10652 ], [ -113.61569, 37.1065 ], [ -113.61567, 37.10648 ], [ -113.61566, 37.10646 ], [ -113.61563, 37.10644 ], [ -113.61561, 37.10643 ], [ -113.61558, 37.10642 ], [ -113.61555, 37.10641 ], [ -113.61553, 37.10641 ], [ -113.61551, 37.10639 ], [ -113.6155, 37.10638 ], [ -113.6155, 37.10637 ], [ -113.6155, 37.10635 ], [ -113.61551, 37.10633 ], [ -113.61577, 37.10608 ], [ -113.61583, 37.10603 ], [ -113.6159, 37.10599 ], [ -113.61593, 37.10597 ], [ -113.61601, 37.10593 ], [ -113.61604, 37.10592 ], [ -113.61612, 37.10589 ], [ -113.6162, 37.10587 ], [ -113.61625, 37.10586 ], [ -113.61633, 37.10585 ], [ -113.61633, 37.10584 ], [ -113.6166, 37.10584 ], [ -113.61664, 37.10609 ], [ -113.61669, 37.10609 ], [ -113.61673, 37.1061 ], [ -113.61675, 37.10611 ], [ -113.61678, 37.10611 ], [ -113.61689, 37.10611 ], [ -113.61696, 37.1061 ], [ -113.61701, 37.10611 ], [ -113.61712, 37.10612 ], [ -113.61717, 37.10584 ], [ -113.61724, 37.10585 ], [ -113.61732, 37.10586 ], [ -113.61739, 37.10588 ], [ -113.61746, 37.10589 ], [ -113.61756, 37.10592 ], [ -113.61766, 37.10595 ], [ -113.61773, 37.10597 ], [ -113.61777, 37.10589 ], [ -113.61779, 37.10589 ], [ -113.61818, 37.10602 ], [ -113.61837, 37.1061 ], [ -113.61863, 37.1062 ], [ -113.61914, 37.10641 ], [ -113.61919, 37.10643 ], [ -113.61925, 37.10635 ], [ -113.61911, 37.10631 ], [ -113.61903, 37.10628 ], [ -113.61888, 37.10621 ], [ -113.6188, 37.10618 ], [ -113.61896, 37.10591 ], [ -113.619, 37.10591 ], [ -113.61902, 37.10591 ], [ -113.61904, 37.10591 ], [ -113.61908, 37.10591 ], [ -113.61911, 37.10589 ], [ -113.61937, 37.1062 ], [ -113.61943, 37.10614 ], [ -113.61976, 37.10632 ], [ -113.61982, 37.10625 ], [ -113.61985, 37.10622 ], [ -113.61987, 37.1062 ], [ -113.61991, 37.10617 ], [ -113.61994, 37.10615 ], [ -113.61998, 37.10612 ], [ -113.62001, 37.1061 ], [ -113.62005, 37.10608 ], [ -113.62013, 37.10605 ], [ -113.62018, 37.10604 ], [ -113.62025, 37.10602 ], [ -113.62032, 37.10601 ], [ -113.62039, 37.10601 ], [ -113.62046, 37.10601 ], [ -113.6205, 37.10601 ], [ -113.62062, 37.10602 ], [ -113.62068, 37.10603 ], [ -113.62081, 37.10605 ], [ -113.62087, 37.10606 ], [ -113.62097, 37.10609 ], [ -113.62106, 37.10612 ], [ -113.62119, 37.10616 ], [ -113.62147, 37.10626 ], [ -113.6215, 37.10627 ], [ -113.62152, 37.10626 ], [ -113.62153, 37.10626 ], [ -113.62154, 37.10625 ], [ -113.62156, 37.10624 ], [ -113.62162, 37.10613 ], [ -113.62162, 37.10611 ], [ -113.6216, 37.10607 ], [ -113.62159, 37.10604 ], [ -113.62159, 37.10602 ], [ -113.6216, 37.106 ], [ -113.62162, 37.10596 ], [ -113.62163, 37.10595 ], [ -113.62164, 37.10593 ], [ -113.62166, 37.10592 ], [ -113.62168, 37.10591 ], [ -113.6217, 37.1059 ], [ -113.62173, 37.1059 ], [ -113.62175, 37.10589 ], [ -113.62179, 37.10589 ], [ -113.62182, 37.1059 ], [ -113.62184, 37.10591 ], [ -113.62187, 37.10592 ], [ -113.6219, 37.10595 ], [ -113.62191, 37.10596 ], [ -113.62193, 37.10598 ], [ -113.62193, 37.10601 ], [ -113.62194, 37.10603 ], [ -113.62194, 37.10605 ], [ -113.62193, 37.10607 ], [ -113.62192, 37.10608 ], [ -113.62191, 37.1061 ], [ -113.6219, 37.10612 ], [ -113.62188, 37.10613 ], [ -113.62186, 37.10614 ], [ -113.62185, 37.10615 ], [ -113.62181, 37.10616 ], [ -113.62179, 37.10617 ], [ -113.62178, 37.10618 ], [ -113.62171, 37.1063 ], [ -113.62171, 37.10632 ], [ -113.62172, 37.10633 ], [ -113.62172, 37.10634 ], [ -113.62174, 37.10635 ], [ -113.62175, 37.10636 ], [ -113.62199, 37.10645 ], [ -113.62201, 37.10645 ], [ -113.62203, 37.10645 ], [ -113.62204, 37.10645 ], [ -113.62206, 37.10644 ], [ -113.62208, 37.10643 ], [ -113.62201, 37.10655 ], [ -113.62215, 37.1066 ], [ -113.62225, 37.10664 ], [ -113.62232, 37.10651 ], [ -113.62232, 37.10653 ], [ -113.62233, 37.10655 ], [ -113.62234, 37.10657 ], [ -113.62236, 37.10658 ], [ -113.62271, 37.10595 ], [ -113.62297, 37.10634 ], [ -113.62325, 37.10649 ], [ -113.62354, 37.10664 ], [ -113.62382, 37.10679 ], [ -113.62406, 37.10695 ], [ -113.6241, 37.10699 ], [ -113.62449, 37.1073 ], [ -113.62457, 37.10739 ], [ -113.62477, 37.10716 ], [ -113.62493, 37.10712 ], [ -113.62428, 37.10649 ], [ -113.62351, 37.10574 ], [ -113.62365, 37.10561 ], [ -113.62394, 37.10591 ], [ -113.62416, 37.10615 ], [ -113.62466, 37.10581 ], [ -113.62459, 37.10577 ], [ -113.62455, 37.10576 ], [ -113.62454, 37.10575 ], [ -113.6245, 37.10575 ], [ -113.62448, 37.10575 ], [ -113.62444, 37.10576 ], [ -113.62439, 37.10578 ], [ -113.62436, 37.10578 ], [ -113.62433, 37.10578 ], [ -113.6243, 37.10578 ], [ -113.62428, 37.10577 ], [ -113.62425, 37.10576 ], [ -113.62423, 37.10575 ], [ -113.62421, 37.10573 ], [ -113.62419, 37.10572 ], [ -113.62418, 37.1057 ], [ -113.62417, 37.10568 ], [ -113.62417, 37.10566 ], [ -113.62417, 37.10564 ], [ -113.62417, 37.10562 ], [ -113.62418, 37.1056 ], [ -113.6242, 37.10557 ], [ -113.62421, 37.10555 ], [ -113.62422, 37.10554 ], [ -113.62424, 37.10553 ], [ -113.62426, 37.10552 ], [ -113.62428, 37.10551 ], [ -113.6243, 37.10551 ], [ -113.62432, 37.10551 ], [ -113.62435, 37.10551 ], [ -113.62438, 37.10551 ], [ -113.62442, 37.10552 ], [ -113.62457, 37.1056 ], [ -113.62473, 37.10568 ], [ -113.6248, 37.10573 ], [ -113.62486, 37.10578 ], [ -113.62499, 37.1059 ], [ -113.62518, 37.10607 ], [ -113.62537, 37.10625 ], [ -113.62556, 37.10643 ], [ -113.62567, 37.10653 ], [ -113.62577, 37.10661 ], [ -113.62591, 37.10672 ], [ -113.62592, 37.10673 ], [ -113.62595, 37.10673 ], [ -113.62597, 37.10673 ], [ -113.626, 37.10674 ], [ -113.62602, 37.10675 ], [ -113.62604, 37.10676 ], [ -113.62605, 37.10678 ], [ -113.62606, 37.1068 ], [ -113.62607, 37.10682 ], [ -113.62607, 37.10685 ], [ -113.62608, 37.10686 ], [ -113.62619, 37.10694 ], [ -113.62635, 37.10707 ], [ -113.62641, 37.10711 ], [ -113.62668, 37.10686 ], [ -113.62677, 37.10693 ], [ -113.6269, 37.10697 ], [ -113.62715, 37.10704 ], [ -113.62736, 37.1071 ], [ -113.62739, 37.1071 ], [ -113.62768, 37.1071 ], [ -113.62801, 37.1071 ], [ -113.62801, 37.10691 ], [ -113.62801, 37.10684 ], [ -113.62802, 37.10676 ], [ -113.62804, 37.10669 ], [ -113.62806, 37.10662 ], [ -113.62808, 37.10658 ], [ -113.6281, 37.10653 ], [ -113.62813, 37.10649 ], [ -113.62815, 37.10644 ], [ -113.62818, 37.1064 ], [ -113.62822, 37.10636 ], [ -113.62825, 37.10632 ], [ -113.62829, 37.10628 ], [ -113.62833, 37.10624 ], [ -113.62842, 37.10629 ], [ -113.62915, 37.10572 ], [ -113.62935, 37.10551 ], [ -113.6294, 37.10554 ], [ -113.62983, 37.10575 ], [ -113.63024, 37.10579 ], [ -113.63027, 37.10583 ], [ -113.63, 37.10581 ], [ -113.62996, 37.1058 ], [ -113.62993, 37.1058 ], [ -113.6299, 37.10579 ], [ -113.62986, 37.10578 ], [ -113.62942, 37.10559 ], [ -113.62941, 37.10559 ], [ -113.6294, 37.10559 ], [ -113.62938, 37.10559 ], [ -113.62936, 37.1056 ], [ -113.62935, 37.1056 ], [ -113.62932, 37.10565 ], [ -113.62928, 37.10569 ], [ -113.62924, 37.10574 ], [ -113.6292, 37.10578 ], [ -113.62915, 37.10582 ], [ -113.6291, 37.10586 ], [ -113.62858, 37.10624 ], [ -113.62851, 37.10629 ], [ -113.62848, 37.10632 ], [ -113.62869, 37.10644 ], [ -113.62883, 37.10653 ], [ -113.62895, 37.10655 ], [ -113.63037, 37.10663 ], [ -113.63068, 37.10662 ], [ -113.63087, 37.10666 ], [ -113.63113, 37.10668 ], [ -113.63129, 37.10662 ], [ -113.6315, 37.10645 ], [ -113.63154, 37.10622 ], [ -113.63157, 37.10623 ], [ -113.63158, 37.10624 ], [ -113.63159, 37.10625 ], [ -113.63161, 37.10626 ], [ -113.63162, 37.10629 ], [ -113.63162, 37.1063 ], [ -113.63162, 37.10632 ], [ -113.63162, 37.10635 ], [ -113.63161, 37.10637 ], [ -113.6316, 37.10638 ], [ -113.63141, 37.10659 ], [ -113.63137, 37.10663 ], [ -113.63132, 37.10666 ], [ -113.63128, 37.10669 ], [ -113.63123, 37.1067 ], [ -113.63119, 37.10672 ], [ -113.63115, 37.10673 ], [ -113.6311, 37.10674 ], [ -113.63105, 37.10674 ], [ -113.63099, 37.10674 ], [ -113.63093, 37.10673 ], [ -113.63067, 37.10668 ], [ -113.63059, 37.10667 ], [ -113.63053, 37.10667 ], [ -113.63047, 37.10667 ], [ -113.63043, 37.10667 ], [ -113.63038, 37.10668 ], [ -113.63037, 37.10669 ], [ -113.63034, 37.10671 ], [ -113.63033, 37.10672 ], [ -113.63031, 37.10673 ], [ -113.63029, 37.10673 ], [ -113.63027, 37.10674 ], [ -113.63025, 37.10674 ], [ -113.63023, 37.10674 ], [ -113.63021, 37.10673 ], [ -113.63018, 37.10672 ], [ -113.63016, 37.10671 ], [ -113.63014, 37.10669 ], [ -113.63012, 37.10669 ], [ -113.63011, 37.10668 ], [ -113.62886, 37.10659 ], [ -113.62883, 37.10659 ], [ -113.62879, 37.10658 ], [ -113.62876, 37.10657 ], [ -113.62873, 37.10656 ], [ -113.62846, 37.1064 ], [ -113.62844, 37.10639 ], [ -113.62842, 37.10639 ], [ -113.62841, 37.10639 ], [ -113.62839, 37.1064 ], [ -113.62835, 37.10645 ], [ -113.62829, 37.10653 ], [ -113.62826, 37.10659 ], [ -113.62823, 37.10667 ], [ -113.6282, 37.10673 ], [ -113.62819, 37.10679 ], [ -113.62818, 37.10685 ], [ -113.62818, 37.10691 ], [ -113.62818, 37.1071 ], [ -113.62859, 37.10719 ], [ -113.62876, 37.10723 ], [ -113.62889, 37.10729 ], [ -113.62914, 37.10739 ], [ -113.62938, 37.10749 ], [ -113.62962, 37.1076 ], [ -113.62986, 37.1077 ], [ -113.6301, 37.10781 ], [ -113.63034, 37.10792 ], [ -113.63048, 37.10798 ], [ -113.63055, 37.10799 ], [ -113.63084, 37.10801 ], [ -113.63113, 37.10804 ], [ -113.63123, 37.10805 ], [ -113.63138, 37.10802 ], [ -113.63167, 37.10797 ], [ -113.63209, 37.1079 ], [ -113.63218, 37.10801 ], [ -113.63257, 37.10843 ], [ -113.63272, 37.10851 ], [ -113.63363, 37.10889 ], [ -113.6335, 37.1092 ], [ -113.63404, 37.10939 ], [ -113.63423, 37.10933 ], [ -113.6345, 37.10997 ], [ -113.63457, 37.11005 ], [ -113.63451, 37.11042 ], [ -113.63436, 37.11141 ], [ -113.63437, 37.11153 ], [ -113.63444, 37.11158 ], [ -113.6349, 37.11186 ], [ -113.63517, 37.11216 ], [ -113.63538, 37.11217 ], [ -113.63556, 37.11222 ], [ -113.63606, 37.11252 ], [ -113.6362, 37.11255 ], [ -113.63666, 37.1124 ], [ -113.63737, 37.11317 ], [ -113.63767, 37.1135 ], [ -113.63849, 37.11313 ], [ -113.63862, 37.11308 ], [ -113.63843, 37.11288 ], [ -113.63814, 37.11257 ], [ -113.63815, 37.11256 ], [ -113.63813, 37.11254 ], [ -113.63812, 37.11255 ], [ -113.638, 37.11238 ], [ -113.63781, 37.11233 ], [ -113.6375, 37.11225 ], [ -113.63738, 37.11222 ], [ -113.63734, 37.11201 ], [ -113.63729, 37.11206 ], [ -113.63703, 37.11192 ], [ -113.63671, 37.11174 ], [ -113.63638, 37.11155 ], [ -113.63638, 37.11149 ], [ -113.63621, 37.11149 ], [ -113.63608, 37.11148 ], [ -113.63604, 37.1115 ], [ -113.6358, 37.11144 ], [ -113.63556, 37.11139 ], [ -113.63525, 37.11125 ], [ -113.63547, 37.11082 ], [ -113.63553, 37.11069 ], [ -113.63566, 37.11044 ], [ -113.63578, 37.11022 ], [ -113.63597, 37.1101 ], [ -113.63629, 37.1101 ], [ -113.6363, 37.11008 ], [ -113.63597, 37.11008 ], [ -113.63594, 37.10981 ], [ -113.63591, 37.10954 ], [ -113.63589, 37.10928 ], [ -113.63586, 37.10903 ], [ -113.63585, 37.10879 ], [ -113.63584, 37.10855 ], [ -113.63583, 37.1083 ], [ -113.63582, 37.10806 ], [ -113.6362, 37.10805 ], [ -113.63619, 37.10781 ], [ -113.63618, 37.10756 ], [ -113.63618, 37.10748 ], [ -113.63617, 37.10745 ], [ -113.63616, 37.10739 ], [ -113.63625, 37.1073 ], [ -113.63633, 37.10723 ], [ -113.63663, 37.10718 ], [ -113.63661, 37.10693 ], [ -113.63665, 37.10665 ], [ -113.63667, 37.10653 ], [ -113.63668, 37.10643 ], [ -113.63683, 37.10645 ], [ -113.63701, 37.10647 ], [ -113.63721, 37.10651 ], [ -113.63733, 37.10654 ], [ -113.63744, 37.10657 ], [ -113.63756, 37.1066 ], [ -113.63767, 37.10663 ], [ -113.63778, 37.10667 ], [ -113.6378, 37.10665 ], [ -113.63783, 37.10666 ], [ -113.63785, 37.10666 ], [ -113.63788, 37.10666 ], [ -113.63791, 37.10666 ], [ -113.63794, 37.10665 ], [ -113.63797, 37.10664 ], [ -113.63799, 37.10662 ], [ -113.63801, 37.10661 ], [ -113.63803, 37.10658 ], [ -113.63804, 37.10655 ], [ -113.63805, 37.10654 ], [ -113.63806, 37.10653 ], [ -113.63808, 37.10653 ], [ -113.6381, 37.10653 ], [ -113.63824, 37.10656 ], [ -113.63839, 37.10659 ], [ -113.6385, 37.1066 ], [ -113.63861, 37.10662 ], [ -113.63872, 37.10663 ], [ -113.63884, 37.10664 ], [ -113.63894, 37.10665 ], [ -113.63905, 37.10665 ], [ -113.63906, 37.10665 ], [ -113.63908, 37.10666 ], [ -113.63909, 37.10667 ], [ -113.63909, 37.10669 ], [ -113.6391, 37.10691 ], [ -113.6392, 37.1069 ], [ -113.63931, 37.1069 ], [ -113.63931, 37.10692 ], [ -113.63933, 37.10693 ], [ -113.63935, 37.10694 ], [ -113.63937, 37.10694 ], [ -113.63938, 37.10705 ], [ -113.63936, 37.10705 ], [ -113.63936, 37.10709 ], [ -113.63944, 37.10709 ], [ -113.64099, 37.1069 ], [ -113.64142, 37.10681 ], [ -113.64144, 37.10685 ], [ -113.64149, 37.10683 ], [ -113.64151, 37.10683 ], [ -113.64154, 37.10683 ], [ -113.64156, 37.10684 ], [ -113.64157, 37.10686 ], [ -113.64168, 37.10701 ], [ -113.64171, 37.10705 ], [ -113.64174, 37.10709 ], [ -113.64178, 37.10713 ], [ -113.64182, 37.10717 ], [ -113.64187, 37.10721 ], [ -113.64191, 37.10724 ], [ -113.64196, 37.10728 ], [ -113.64201, 37.10731 ], [ -113.64269, 37.10769 ], [ -113.64277, 37.10773 ], [ -113.64285, 37.10777 ], [ -113.64408, 37.10832 ], [ -113.64408, 37.10822 ], [ -113.64283, 37.10767 ], [ -113.64275, 37.10762 ], [ -113.64207, 37.10724 ], [ -113.642, 37.10719 ], [ -113.6419, 37.10712 ], [ -113.64238, 37.10683 ], [ -113.64244, 37.1068 ], [ -113.64245, 37.1068 ], [ -113.64246, 37.10679 ], [ -113.64251, 37.10678 ], [ -113.64252, 37.10678 ], [ -113.64255, 37.10677 ], [ -113.64256, 37.10677 ], [ -113.64259, 37.10676 ], [ -113.64268, 37.10676 ], [ -113.6427, 37.10677 ], [ -113.64272, 37.10677 ], [ -113.6428, 37.10678 ], [ -113.64283, 37.10679 ], [ -113.64285, 37.10679 ], [ -113.64302, 37.10685 ], [ -113.64316, 37.10689 ], [ -113.64326, 37.10692 ], [ -113.64345, 37.10697 ], [ -113.64355, 37.10698 ], [ -113.64375, 37.10701 ], [ -113.64381, 37.10702 ], [ -113.64382, 37.10695 ], [ -113.64377, 37.10695 ], [ -113.64383, 37.10662 ], [ -113.64385, 37.10652 ], [ -113.64385, 37.1065 ], [ -113.64381, 37.10649 ], [ -113.64377, 37.10649 ], [ -113.64371, 37.10648 ], [ -113.64363, 37.10646 ], [ -113.64353, 37.10644 ], [ -113.6434, 37.10641 ], [ -113.6433, 37.10638 ], [ -113.64322, 37.10635 ], [ -113.64316, 37.10633 ], [ -113.64315, 37.10633 ], [ -113.64314, 37.10633 ], [ -113.64302, 37.10628 ], [ -113.64295, 37.10625 ], [ -113.64287, 37.10621 ], [ -113.64282, 37.10618 ], [ -113.64265, 37.10609 ], [ -113.64257, 37.10605 ], [ -113.64253, 37.10602 ], [ -113.64248, 37.10599 ], [ -113.6426, 37.10606 ], [ -113.64261, 37.10606 ], [ -113.6427, 37.10596 ], [ -113.64262, 37.10592 ], [ -113.6426, 37.10591 ], [ -113.64253, 37.10587 ], [ -113.64252, 37.10586 ], [ -113.64256, 37.10583 ], [ -113.64247, 37.10577 ], [ -113.6428, 37.10515 ], [ -113.64378, 37.10471 ], [ -113.644, 37.10411 ], [ -113.64448, 37.10327 ], [ -113.64497, 37.10257 ], [ -113.64519, 37.10268 ], [ -113.64526, 37.10272 ], [ -113.64531, 37.10274 ], [ -113.64527, 37.10277 ], [ -113.64513, 37.10298 ], [ -113.64501, 37.10316 ], [ -113.64496, 37.10322 ], [ -113.64477, 37.10345 ], [ -113.64459, 37.10368 ], [ -113.6444, 37.10391 ], [ -113.64434, 37.10399 ], [ -113.64425, 37.10419 ], [ -113.64416, 37.10439 ], [ -113.64418, 37.10448 ], [ -113.64416, 37.10467 ], [ -113.64449, 37.10478 ], [ -113.64448, 37.1048 ], [ -113.64446, 37.10482 ], [ -113.64442, 37.10486 ], [ -113.64409, 37.10476 ], [ -113.6439, 37.10496 ], [ -113.64385, 37.10501 ], [ -113.64369, 37.10528 ], [ -113.6438, 37.10534 ], [ -113.64426, 37.10557 ], [ -113.64432, 37.10557 ], [ -113.64456, 37.10554 ], [ -113.64472, 37.10553 ], [ -113.64483, 37.10558 ], [ -113.64509, 37.10571 ], [ -113.64526, 37.10579 ], [ -113.64552, 37.10546 ], [ -113.64585, 37.10564 ], [ -113.6459, 37.10559 ], [ -113.64594, 37.10554 ], [ -113.64613, 37.10531 ], [ -113.64673, 37.10531 ], [ -113.64692, 37.10501 ], [ -113.64752, 37.10449 ], [ -113.64779, 37.10385 ], [ -113.64755, 37.10378 ], [ -113.64757, 37.10366 ], [ -113.64759, 37.10348 ], [ -113.64759, 37.10341 ], [ -113.64759, 37.10339 ], [ -113.64753, 37.10337 ], [ -113.64756, 37.10331 ], [ -113.64705, 37.10313 ], [ -113.64577, 37.10274 ], [ -113.64581, 37.10268 ], [ -113.64569, 37.10265 ], [ -113.64572, 37.10265 ], [ -113.64575, 37.10264 ], [ -113.64577, 37.10263 ], [ -113.64579, 37.10261 ], [ -113.64576, 37.1026 ], [ -113.6457, 37.10262 ], [ -113.64559, 37.10259 ], [ -113.6455, 37.10256 ], [ -113.64546, 37.10254 ], [ -113.64547, 37.10231 ], [ -113.64548, 37.10216 ], [ -113.64553, 37.10202 ], [ -113.64562, 37.10179 ], [ -113.6457, 37.10155 ], [ -113.64579, 37.10128 ], [ -113.64575, 37.10127 ], [ -113.6454, 37.10115 ], [ -113.64541, 37.10108 ], [ -113.64542, 37.10104 ], [ -113.64543, 37.10103 ], [ -113.64516, 37.10093 ], [ -113.64515, 37.10093 ], [ -113.64513, 37.10091 ], [ -113.64512, 37.10089 ], [ -113.64512, 37.10087 ], [ -113.64517, 37.10076 ], [ -113.6452, 37.1007 ], [ -113.64524, 37.1006 ], [ -113.64528, 37.10051 ], [ -113.6453, 37.10042 ], [ -113.64533, 37.10032 ], [ -113.64535, 37.10022 ], [ -113.64536, 37.10012 ], [ -113.64537, 37.10007 ], [ -113.64539, 37.10002 ], [ -113.64541, 37.09998 ], [ -113.64545, 37.09993 ], [ -113.64549, 37.0999 ], [ -113.64554, 37.09987 ], [ -113.64559, 37.09984 ], [ -113.64562, 37.09983 ], [ -113.64566, 37.09982 ], [ -113.64579, 37.09978 ], [ -113.6459, 37.09974 ], [ -113.64587, 37.09966 ], [ -113.64586, 37.0996 ], [ -113.64573, 37.0994 ], [ -113.64571, 37.09937 ], [ -113.64563, 37.09924 ], [ -113.64561, 37.0992 ], [ -113.64558, 37.09912 ], [ -113.64553, 37.09899 ], [ -113.6455, 37.09894 ], [ -113.64546, 37.09887 ], [ -113.64542, 37.09879 ], [ -113.6454, 37.09876 ], [ -113.64535, 37.09868 ], [ -113.64529, 37.0986 ], [ -113.64529, 37.09859 ], [ -113.64522, 37.09851 ], [ -113.64515, 37.09843 ], [ -113.64515, 37.09842 ], [ -113.64508, 37.09834 ], [ -113.64501, 37.09827 ], [ -113.64498, 37.09825 ], [ -113.64491, 37.09819 ], [ -113.64484, 37.09813 ], [ -113.6448, 37.09809 ], [ -113.64467, 37.09799 ], [ -113.6446, 37.09794 ], [ -113.64448, 37.09787 ], [ -113.64438, 37.09781 ], [ -113.64428, 37.09775 ], [ -113.64415, 37.09769 ], [ -113.64408, 37.09765 ], [ -113.64391, 37.09758 ], [ -113.64379, 37.09754 ], [ -113.64366, 37.0975 ], [ -113.6436, 37.09745 ], [ -113.64353, 37.0974 ], [ -113.64348, 37.09744 ], [ -113.64343, 37.09747 ], [ -113.64338, 37.09751 ], [ -113.64333, 37.09755 ], [ -113.64329, 37.09759 ], [ -113.64325, 37.09763 ], [ -113.64322, 37.09768 ], [ -113.64319, 37.09772 ], [ -113.64315, 37.09779 ], [ -113.64313, 37.09783 ], [ -113.6431, 37.0979 ], [ -113.64303, 37.09808 ], [ -113.64302, 37.09809 ], [ -113.64301, 37.09811 ], [ -113.64299, 37.09812 ], [ -113.64298, 37.09812 ], [ -113.64296, 37.09812 ], [ -113.6425, 37.09801 ], [ -113.64247, 37.0981 ], [ -113.64201, 37.09798 ], [ -113.64133, 37.09781 ], [ -113.64139, 37.09769 ], [ -113.64141, 37.09764 ], [ -113.64163, 37.09742 ], [ -113.64217, 37.09686 ], [ -113.64244, 37.09656 ], [ -113.64246, 37.09642 ], [ -113.64242, 37.09623 ], [ -113.64238, 37.09613 ], [ -113.64226, 37.09601 ], [ -113.64187, 37.09584 ], [ -113.64187, 37.09585 ], [ -113.64186, 37.09589 ], [ -113.64186, 37.09592 ], [ -113.64187, 37.09595 ], [ -113.64189, 37.09598 ], [ -113.64191, 37.096 ], [ -113.64194, 37.09601 ], [ -113.64196, 37.09602 ], [ -113.64199, 37.09603 ], [ -113.64202, 37.09604 ], [ -113.64205, 37.09603 ], [ -113.64208, 37.09603 ], [ -113.6421, 37.09602 ], [ -113.64192, 37.09632 ], [ -113.64184, 37.09628 ], [ -113.64163, 37.09656 ], [ -113.64157, 37.09654 ], [ -113.64151, 37.09652 ], [ -113.64145, 37.09649 ], [ -113.64139, 37.09646 ], [ -113.64134, 37.09644 ], [ -113.64129, 37.09641 ], [ -113.64115, 37.09632 ], [ -113.64095, 37.0962 ], [ -113.64076, 37.09607 ], [ -113.64056, 37.09594 ], [ -113.64036, 37.09582 ], [ -113.64016, 37.09569 ], [ -113.63996, 37.09557 ], [ -113.63976, 37.09544 ], [ -113.63995, 37.09525 ], [ -113.6396, 37.09503 ], [ -113.63967, 37.09496 ], [ -113.6397, 37.09494 ], [ -113.63973, 37.09491 ], [ -113.63975, 37.0949 ], [ -113.63976, 37.0949 ], [ -113.63978, 37.0949 ], [ -113.63983, 37.09491 ], [ -113.63985, 37.09492 ], [ -113.63987, 37.09492 ], [ -113.6399, 37.09492 ], [ -113.63992, 37.09491 ], [ -113.63995, 37.09491 ], [ -113.63997, 37.0949 ], [ -113.63999, 37.09488 ], [ -113.64002, 37.09486 ], [ -113.64004, 37.09483 ], [ -113.64005, 37.09479 ], [ -113.64004, 37.09476 ], [ -113.64003, 37.09473 ], [ -113.64001, 37.0947 ], [ -113.63998, 37.09467 ], [ -113.63995, 37.09466 ], [ -113.63991, 37.09465 ], [ -113.63987, 37.09464 ], [ -113.63982, 37.09465 ], [ -113.63979, 37.09466 ], [ -113.63976, 37.09468 ], [ -113.63973, 37.0947 ], [ -113.63972, 37.09473 ], [ -113.6397, 37.09476 ], [ -113.6397, 37.09477 ], [ -113.63969, 37.09478 ], [ -113.63965, 37.09481 ], [ -113.63962, 37.09482 ], [ -113.63957, 37.09486 ], [ -113.63948, 37.09496 ], [ -113.63932, 37.09512 ], [ -113.63917, 37.09527 ], [ -113.63902, 37.09543 ], [ -113.63887, 37.09558 ], [ -113.63872, 37.09573 ], [ -113.63844, 37.09555 ], [ -113.63839, 37.0956 ], [ -113.63829, 37.0957 ], [ -113.63829, 37.09554 ], [ -113.63751, 37.09554 ], [ -113.6374, 37.09548 ], [ -113.63726, 37.09541 ], [ -113.63706, 37.09531 ], [ -113.63695, 37.09526 ], [ -113.63674, 37.09517 ], [ -113.63642, 37.09504 ], [ -113.6362, 37.09495 ], [ -113.63598, 37.09485 ], [ -113.63577, 37.09475 ], [ -113.63557, 37.09464 ], [ -113.63537, 37.09452 ], [ -113.63518, 37.0944 ], [ -113.63499, 37.09427 ], [ -113.6349, 37.09421 ], [ -113.63475, 37.09409 ], [ -113.63461, 37.09398 ], [ -113.63447, 37.09386 ], [ -113.63433, 37.09374 ], [ -113.6342, 37.09362 ], [ -113.63408, 37.09349 ], [ -113.63396, 37.09336 ], [ -113.63384, 37.09323 ], [ -113.63365, 37.093 ], [ -113.63354, 37.09287 ], [ -113.63344, 37.09273 ], [ -113.63334, 37.09259 ], [ -113.63325, 37.09245 ], [ -113.63316, 37.0923 ], [ -113.63307, 37.09216 ], [ -113.63299, 37.09201 ], [ -113.63292, 37.09186 ], [ -113.63286, 37.09172 ], [ -113.6328, 37.09157 ], [ -113.63275, 37.09143 ], [ -113.6327, 37.09128 ], [ -113.63266, 37.09113 ], [ -113.63262, 37.09098 ], [ -113.63259, 37.09083 ], [ -113.63253, 37.09053 ], [ -113.63253, 37.09051 ], [ -113.63253, 37.09047 ], [ -113.63255, 37.09043 ], [ -113.63257, 37.09039 ], [ -113.6326, 37.09036 ], [ -113.63262, 37.09034 ], [ -113.63266, 37.09032 ], [ -113.63271, 37.0903 ], [ -113.63276, 37.09029 ], [ -113.63275, 37.09025 ], [ -113.63273, 37.09013 ], [ -113.63268, 37.09013 ], [ -113.63263, 37.09013 ], [ -113.63258, 37.09011 ], [ -113.63254, 37.09009 ], [ -113.6325, 37.09006 ], [ -113.63247, 37.09003 ], [ -113.63245, 37.08999 ], [ -113.63244, 37.08995 ], [ -113.63221, 37.08996 ], [ -113.63218, 37.08983 ], [ -113.63215, 37.08971 ], [ -113.63211, 37.08958 ], [ -113.63207, 37.08945 ], [ -113.63202, 37.08932 ], [ -113.63197, 37.0892 ], [ -113.63191, 37.08908 ], [ -113.63185, 37.08895 ], [ -113.63179, 37.08884 ], [ -113.63172, 37.08872 ], [ -113.63165, 37.08861 ], [ -113.63156, 37.08847 ], [ -113.63146, 37.08832 ], [ -113.63135, 37.08818 ], [ -113.63123, 37.08804 ], [ -113.63116, 37.08796 ], [ -113.63106, 37.08785 ], [ -113.63095, 37.08774 ], [ -113.63084, 37.08764 ], [ -113.63067, 37.08749 ], [ -113.63062, 37.08743 ], [ -113.63056, 37.08738 ], [ -113.63051, 37.08732 ], [ -113.63046, 37.08726 ], [ -113.63042, 37.08719 ], [ -113.63037, 37.08713 ], [ -113.63033, 37.08706 ], [ -113.6303, 37.087 ], [ -113.63026, 37.08693 ], [ -113.63023, 37.08686 ], [ -113.63021, 37.08679 ], [ -113.63018, 37.08672 ], [ -113.63016, 37.08665 ], [ -113.63015, 37.08658 ], [ -113.63012, 37.08646 ], [ -113.6301, 37.08635 ], [ -113.63006, 37.08625 ], [ -113.63002, 37.08615 ], [ -113.63, 37.0861 ], [ -113.62994, 37.086 ], [ -113.62988, 37.0859 ], [ -113.62981, 37.08581 ], [ -113.62977, 37.08577 ], [ -113.62969, 37.08568 ], [ -113.62962, 37.0856 ], [ -113.62955, 37.08551 ], [ -113.62949, 37.08542 ], [ -113.62943, 37.08532 ], [ -113.62939, 37.08523 ], [ -113.62937, 37.08518 ], [ -113.62933, 37.08508 ], [ -113.62929, 37.08495 ], [ -113.62951, 37.08491 ], [ -113.62955, 37.08503 ], [ -113.62958, 37.08512 ], [ -113.62962, 37.08521 ], [ -113.62967, 37.08529 ], [ -113.62972, 37.08538 ], [ -113.62977, 37.08546 ], [ -113.62984, 37.08554 ], [ -113.62995, 37.08566 ], [ -113.63003, 37.08576 ], [ -113.63011, 37.08586 ], [ -113.63017, 37.08597 ], [ -113.6302, 37.08603 ], [ -113.63026, 37.08614 ], [ -113.63028, 37.0862 ], [ -113.63032, 37.08631 ], [ -113.63035, 37.08643 ], [ -113.63037, 37.08655 ], [ -113.63038, 37.08662 ], [ -113.6304, 37.08668 ], [ -113.63042, 37.08674 ], [ -113.63045, 37.08681 ], [ -113.63048, 37.08687 ], [ -113.63051, 37.08693 ], [ -113.63054, 37.08699 ], [ -113.63057, 37.08705 ], [ -113.63061, 37.0871 ], [ -113.63065, 37.08716 ], [ -113.6307, 37.08722 ], [ -113.63074, 37.08727 ], [ -113.63079, 37.08732 ], [ -113.63085, 37.08737 ], [ -113.631, 37.08751 ], [ -113.6311, 37.0876 ], [ -113.63119, 37.08769 ], [ -113.63128, 37.08779 ], [ -113.63137, 37.08788 ], [ -113.63146, 37.08798 ], [ -113.63154, 37.08808 ], [ -113.63162, 37.08818 ], [ -113.63163, 37.08818 ], [ -113.63621, 37.0882 ], [ -113.64078, 37.08822 ], [ -113.64079, 37.08274 ], [ -113.64079, 37.08091 ], [ -113.65878, 37.08096 ], [ -113.65878, 37.08462 ], [ -113.67012, 37.08471 ], [ -113.67231, 37.08472 ], [ -113.67682, 37.08476 ], [ -113.67683, 37.08099 ], [ -113.69463, 37.08104 ], [ -113.69783, 37.08103 ], [ -113.70587, 37.08104 ], [ -113.70963, 37.08104 ], [ -113.70999, 37.0816 ], [ -113.71059, 37.08204 ], [ -113.71207, 37.08261 ], [ -113.71239, 37.08307 ], [ -113.71239, 37.08323 ], [ -113.71276, 37.08357 ], [ -113.71456, 37.08448 ], [ -113.71521, 37.08508 ], [ -113.71591, 37.08596 ], [ -113.71591, 37.08103 ], [ -113.73401, 37.08103 ], [ -113.74074, 37.08103 ], [ -113.74095, 37.08088 ], [ -113.7412, 37.08083 ], [ -113.7413, 37.08076 ], [ -113.74128, 37.08068 ], [ -113.74112, 37.08063 ], [ -113.74101, 37.08051 ], [ -113.74094, 37.08013 ], [ -113.74081, 37.07981 ], [ -113.74074, 37.07928 ], [ -113.7408, 37.07902 ], [ -113.74087, 37.07884 ], [ -113.74094, 37.07882 ], [ -113.74107, 37.07882 ], [ -113.74117, 37.07877 ], [ -113.74126, 37.07868 ], [ -113.7414, 37.07839 ], [ -113.74157, 37.07821 ], [ -113.74227, 37.07779 ], [ -113.7429, 37.07748 ], [ -113.74346, 37.07729 ], [ -113.74434, 37.07687 ], [ -113.74484, 37.0765 ], [ -113.74504, 37.07632 ], [ -113.74512, 37.07609 ], [ -113.74508, 37.07572 ], [ -113.74513, 37.07545 ], [ -113.74527, 37.07528 ], [ -113.74588, 37.07536 ], [ -113.74683, 37.07545 ], [ -113.74725, 37.07551 ], [ -113.74741, 37.07555 ], [ -113.74798, 37.07576 ], [ -113.7482, 37.07581 ], [ -113.7484, 37.07587 ], [ -113.74853, 37.07596 ], [ -113.74859, 37.07609 ], [ -113.74862, 37.07623 ], [ -113.74873, 37.0767 ], [ -113.74882, 37.07683 ], [ -113.74915, 37.07704 ], [ -113.74928, 37.07715 ], [ -113.74946, 37.07741 ], [ -113.7495, 37.07753 ], [ -113.7495, 37.07779 ], [ -113.74954, 37.07786 ], [ -113.74959, 37.07792 ], [ -113.74971, 37.07802 ], [ -113.74985, 37.07811 ], [ -113.75002, 37.07818 ], [ -113.75019, 37.07823 ], [ -113.75025, 37.07833 ], [ -113.75028, 37.07843 ], [ -113.75031, 37.07864 ], [ -113.75035, 37.07876 ], [ -113.75034, 37.07886 ], [ -113.75035, 37.07896 ], [ -113.75036, 37.07904 ], [ -113.75041, 37.07918 ], [ -113.75041, 37.07924 ], [ -113.75039, 37.07934 ], [ -113.75035, 37.07945 ], [ -113.75033, 37.07959 ], [ -113.75033, 37.07972 ], [ -113.75037, 37.07983 ], [ -113.75045, 37.07994 ], [ -113.75052, 37.08002 ], [ -113.75065, 37.08011 ], [ -113.75079, 37.08017 ], [ -113.75094, 37.08028 ], [ -113.75117, 37.08052 ], [ -113.75129, 37.08061 ], [ -113.75143, 37.08067 ], [ -113.75171, 37.08066 ], [ -113.7519, 37.08072 ], [ -113.752, 37.08076 ], [ -113.75208, 37.08081 ], [ -113.75226, 37.08095 ], [ -113.75238, 37.08101 ], [ -113.75258, 37.08101 ], [ -113.75302, 37.08097 ], [ -113.75319, 37.08098 ], [ -113.75337, 37.08096 ], [ -113.75357, 37.0809 ], [ -113.7541, 37.08071 ], [ -113.75429, 37.08065 ], [ -113.75444, 37.08066 ], [ -113.75458, 37.08069 ], [ -113.75468, 37.08074 ], [ -113.75478, 37.08077 ], [ -113.75493, 37.08092 ], [ -113.75506, 37.08091 ], [ -113.75523, 37.08103 ], [ -113.7643, 37.08103 ], [ -113.76416, 37.08111 ], [ -113.76396, 37.08126 ], [ -113.76386, 37.08131 ], [ -113.76375, 37.08141 ], [ -113.76349, 37.08158 ], [ -113.76338, 37.08164 ], [ -113.76273, 37.08189 ], [ -113.76226, 37.08214 ], [ -113.76191, 37.08224 ], [ -113.76183, 37.08229 ], [ -113.76177, 37.08235 ], [ -113.76169, 37.08243 ], [ -113.76167, 37.08252 ], [ -113.7617, 37.08269 ], [ -113.76173, 37.08275 ], [ -113.76173, 37.08287 ], [ -113.76164, 37.08297 ], [ -113.76156, 37.08304 ], [ -113.76148, 37.08309 ], [ -113.76141, 37.08315 ], [ -113.76137, 37.08321 ], [ -113.76136, 37.08329 ], [ -113.76138, 37.08338 ], [ -113.76148, 37.08353 ], [ -113.76156, 37.08361 ], [ -113.76163, 37.08376 ], [ -113.76172, 37.0839 ], [ -113.76176, 37.08405 ], [ -113.76179, 37.0842 ], [ -113.76179, 37.08438 ], [ -113.76179, 37.08452 ], [ -113.7618, 37.08483 ], [ -113.76182, 37.08491 ], [ -113.7619, 37.08506 ], [ -113.76195, 37.08513 ], [ -113.76203, 37.08521 ], [ -113.76214, 37.08538 ], [ -113.7623, 37.0854 ], [ -113.76249, 37.08538 ], [ -113.76267, 37.08538 ], [ -113.76309, 37.08543 ], [ -113.76351, 37.08549 ], [ -113.76371, 37.08554 ], [ -113.76389, 37.0856 ], [ -113.76424, 37.08574 ], [ -113.76455, 37.08589 ], [ -113.76503, 37.0862 ], [ -113.7652, 37.08631 ], [ -113.7654, 37.08653 ], [ -113.76548, 37.08658 ], [ -113.76557, 37.08661 ], [ -113.76573, 37.08664 ], [ -113.7659, 37.0867 ], [ -113.766, 37.08681 ], [ -113.76604, 37.08719 ], [ -113.76607, 37.08738 ], [ -113.76609, 37.08746 ], [ -113.76612, 37.08768 ], [ -113.76609, 37.0878 ], [ -113.76605, 37.08789 ], [ -113.76589, 37.08818 ], [ -113.76579, 37.08824 ], [ -113.76564, 37.08839 ], [ -113.76556, 37.08857 ], [ -113.76555, 37.08876 ], [ -113.76594, 37.09035 ], [ -113.76628, 37.09169 ], [ -113.76656, 37.09284 ], [ -113.76676, 37.09358 ], [ -113.76713, 37.09504 ], [ -113.76743, 37.09617 ], [ -113.76765, 37.09703 ], [ -113.76791, 37.098 ], [ -113.76796, 37.09825 ], [ -113.76797, 37.0985 ], [ -113.76796, 37.099 ], [ -113.768, 37.09926 ], [ -113.76807, 37.09952 ], [ -113.76817, 37.09977 ], [ -113.76829, 37.1 ], [ -113.76845, 37.10023 ], [ -113.76863, 37.10044 ], [ -113.76897, 37.10081 ], [ -113.76927, 37.10116 ], [ -113.76938, 37.10134 ], [ -113.76941, 37.10146 ], [ -113.76941, 37.10154 ], [ -113.76937, 37.1016 ], [ -113.7693, 37.10162 ], [ -113.76909, 37.10167 ], [ -113.76887, 37.10164 ], [ -113.76863, 37.10163 ], [ -113.76813, 37.10167 ], [ -113.76764, 37.10164 ], [ -113.76716, 37.10165 ], [ -113.76669, 37.10171 ], [ -113.76601, 37.1018 ], [ -113.76582, 37.10184 ], [ -113.76567, 37.10191 ], [ -113.76556, 37.10204 ], [ -113.76551, 37.10222 ], [ -113.76554, 37.10241 ], [ -113.76565, 37.1028 ], [ -113.76563, 37.10298 ], [ -113.76555, 37.10315 ], [ -113.76544, 37.10331 ], [ -113.76526, 37.10366 ], [ -113.76516, 37.10382 ], [ -113.76506, 37.10394 ], [ -113.76501, 37.10409 ], [ -113.76507, 37.10425 ], [ -113.76523, 37.10438 ], [ -113.76541, 37.1045 ], [ -113.76556, 37.10464 ], [ -113.76562, 37.10483 ], [ -113.76564, 37.10503 ], [ -113.76572, 37.10523 ], [ -113.76588, 37.1054 ], [ -113.766, 37.10556 ], [ -113.76603, 37.10573 ], [ -113.76597, 37.10591 ], [ -113.76584, 37.10606 ], [ -113.76565, 37.10616 ], [ -113.76544, 37.10619 ], [ -113.76521, 37.10619 ], [ -113.76495, 37.10618 ], [ -113.76443, 37.10621 ], [ -113.76419, 37.10617 ], [ -113.76397, 37.10609 ], [ -113.76376, 37.10605 ], [ -113.76363, 37.1061 ], [ -113.76355, 37.10619 ], [ -113.76348, 37.10637 ], [ -113.76348, 37.10658 ], [ -113.7635, 37.10681 ], [ -113.76358, 37.10705 ], [ -113.76368, 37.10726 ], [ -113.76374, 37.10749 ], [ -113.76377, 37.10771 ], [ -113.76381, 37.10867 ], [ -113.76385, 37.10887 ], [ -113.76392, 37.10907 ], [ -113.76401, 37.10926 ], [ -113.76454, 37.11024 ], [ -113.76488, 37.11083 ], [ -113.7653, 37.11146 ], [ -113.76544, 37.11167 ], [ -113.76554, 37.11189 ], [ -113.76567, 37.11238 ], [ -113.76576, 37.11264 ], [ -113.76581, 37.11289 ], [ -113.7658, 37.11315 ], [ -113.76577, 37.11338 ], [ -113.76565, 37.11382 ], [ -113.76562, 37.11405 ], [ -113.7656, 37.11447 ], [ -113.7656, 37.1147 ], [ -113.76562, 37.11541 ], [ -113.76568, 37.11612 ], [ -113.76569, 37.11635 ], [ -113.76568, 37.1168 ], [ -113.7657, 37.11723 ], [ -113.76577, 37.11794 ], [ -113.76581, 37.11817 ], [ -113.76589, 37.1184 ], [ -113.766, 37.11861 ], [ -113.76626, 37.11904 ], [ -113.76634, 37.11924 ], [ -113.76637, 37.11946 ], [ -113.76637, 37.1197 ], [ -113.76635, 37.11994 ], [ -113.76639, 37.1202 ], [ -113.76645, 37.12044 ], [ -113.76648, 37.12066 ], [ -113.76648, 37.12088 ], [ -113.76646, 37.1211 ], [ -113.76638, 37.12129 ], [ -113.76622, 37.12145 ], [ -113.76595, 37.12155 ], [ -113.76562, 37.12161 ], [ -113.7653, 37.12168 ], [ -113.76502, 37.12177 ], [ -113.7648, 37.12185 ], [ -113.76455, 37.12197 ], [ -113.76436, 37.12215 ], [ -113.76427, 37.12238 ], [ -113.76424, 37.12262 ], [ -113.76428, 37.12322 ], [ -113.76428, 37.12341 ], [ -113.76427, 37.12365 ], [ -113.76418, 37.12434 ], [ -113.76417, 37.1245 ], [ -113.76417, 37.12454 ], [ -113.76418, 37.12471 ], [ -113.76428, 37.12541 ], [ -113.7643, 37.12565 ], [ -113.76429, 37.12611 ], [ -113.76439, 37.12634 ], [ -113.76453, 37.12655 ], [ -113.76465, 37.12675 ], [ -113.76473, 37.12695 ], [ -113.76484, 37.12711 ], [ -113.76519, 37.12743 ], [ -113.76532, 37.12761 ], [ -113.76544, 37.12781 ], [ -113.76572, 37.12822 ], [ -113.76581, 37.12844 ], [ -113.76587, 37.12868 ], [ -113.7659, 37.1289 ], [ -113.76589, 37.12903 ], [ -113.7658, 37.1293 ], [ -113.76569, 37.1295 ], [ -113.76529, 37.13013 ], [ -113.76508, 37.13048 ], [ -113.76484, 37.13095 ], [ -113.76474, 37.13121 ], [ -113.76467, 37.13148 ], [ -113.76455, 37.13218 ], [ -113.76447, 37.13242 ], [ -113.76432, 37.13263 ], [ -113.76411, 37.1328 ], [ -113.7637, 37.1331 ], [ -113.76355, 37.13328 ], [ -113.76344, 37.13348 ], [ -113.76338, 37.13369 ], [ -113.76339, 37.1339 ], [ -113.76347, 37.13411 ], [ -113.76364, 37.13447 ], [ -113.76423, 37.13559 ], [ -113.76439, 37.13587 ], [ -113.76475, 37.13645 ], [ -113.76505, 37.13697 ], [ -113.76537, 37.13748 ], [ -113.76611, 37.13878 ], [ -113.76623, 37.13896 ], [ -113.76648, 37.13936 ], [ -113.76665, 37.13967 ], [ -113.7668, 37.13998 ], [ -113.76693, 37.14027 ], [ -113.76752, 37.14173 ], [ -113.76764, 37.14197 ], [ -113.76778, 37.1422 ], [ -113.76796, 37.14243 ], [ -113.76816, 37.14266 ], [ -113.76837, 37.14283 ], [ -113.76918, 37.14336 ], [ -113.77001, 37.14392 ], [ -113.77016, 37.14403 ], [ -113.77191, 37.14524 ], [ -113.77286, 37.14589 ], [ -113.77329, 37.14618 ], [ -113.77364, 37.14638 ], [ -113.77398, 37.14654 ], [ -113.77429, 37.14667 ], [ -113.77456, 37.14675 ], [ -113.77516, 37.14689 ], [ -113.77545, 37.14697 ], [ -113.77571, 37.14706 ], [ -113.77593, 37.14718 ], [ -113.77609, 37.14728 ], [ -113.77631, 37.14748 ], [ -113.77649, 37.14771 ], [ -113.77663, 37.14796 ], [ -113.77678, 37.1482 ], [ -113.77685, 37.14831 ], [ -113.77719, 37.14875 ], [ -113.77758, 37.1492 ], [ -113.77769, 37.14939 ], [ -113.77774, 37.14947 ], [ -113.77778, 37.14973 ], [ -113.77773, 37.15 ], [ -113.77763, 37.15026 ], [ -113.77755, 37.15053 ], [ -113.77753, 37.15081 ], [ -113.77763, 37.15113 ], [ -113.77826, 37.15239 ], [ -113.77862, 37.15314 ], [ -113.77883, 37.15352 ], [ -113.78831, 37.15357 ], [ -113.79575, 37.15358 ], [ -113.79742, 37.15358 ], [ -113.80644, 37.15357 ], [ -113.80642, 37.1682 ], [ -113.80638, 37.18265 ], [ -113.80558, 37.18265 ], [ -113.8057, 37.18287 ], [ -113.8057, 37.18297 ], [ -113.80563, 37.18329 ], [ -113.80561, 37.18343 ], [ -113.8056, 37.18361 ], [ -113.80562, 37.18373 ], [ -113.80559, 37.18389 ], [ -113.8056, 37.18396 ], [ -113.80562, 37.18403 ], [ -113.80568, 37.18413 ], [ -113.8057, 37.18421 ], [ -113.80573, 37.18448 ], [ -113.80577, 37.18464 ], [ -113.8058, 37.1847 ], [ -113.80591, 37.18481 ], [ -113.80606, 37.18492 ], [ -113.80617, 37.18503 ], [ -113.80628, 37.18521 ], [ -113.80634, 37.18535 ], [ -113.80638, 37.1854 ], [ -113.80636, 37.19718 ], [ -113.79001, 37.1972 ], [ -113.79008, 37.19726 ], [ -113.79019, 37.19743 ], [ -113.79036, 37.19775 ], [ -113.79055, 37.19803 ], [ -113.79075, 37.19824 ], [ -113.79096, 37.19841 ], [ -113.79162, 37.19871 ], [ -113.79234, 37.19905 ], [ -113.79273, 37.19926 ], [ -113.79327, 37.1995 ], [ -113.79381, 37.19982 ], [ -113.79427, 37.20013 ], [ -113.79506, 37.20066 ], [ -113.79525, 37.20076 ], [ -113.79549, 37.20083 ], [ -113.79593, 37.20087 ], [ -113.79631, 37.20088 ], [ -113.79703, 37.20086 ], [ -113.79765, 37.20077 ], [ -113.79811, 37.20074 ], [ -113.79899, 37.20085 ], [ -113.79929, 37.20093 ], [ -113.79957, 37.20108 ], [ -113.7998, 37.20132 ], [ -113.80003, 37.20164 ], [ -113.80056, 37.2026 ], [ -113.80123, 37.20385 ], [ -113.80165, 37.20455 ], [ -113.80197, 37.20512 ], [ -113.80251, 37.20628 ], [ -113.8031, 37.20748 ], [ -113.80365, 37.20872 ], [ -113.80396, 37.20949 ], [ -113.80439, 37.21046 ], [ -113.805, 37.21163 ], [ -113.80589, 37.21324 ], [ -113.80597, 37.21351 ], [ -113.806, 37.21363 ], [ -113.80605, 37.21392 ], [ -113.80606, 37.21422 ], [ -113.80605, 37.21492 ], [ -113.80615, 37.21705 ], [ -113.80616, 37.21798 ], [ -113.80615, 37.21807 ], [ -113.80608, 37.21839 ], [ -113.8059, 37.21893 ], [ -113.80575, 37.21932 ], [ -113.80543, 37.22002 ], [ -113.80531, 37.22034 ], [ -113.80518, 37.22083 ], [ -113.80513, 37.22119 ], [ -113.8051, 37.22158 ], [ -113.80512, 37.22194 ], [ -113.80519, 37.22231 ], [ -113.80531, 37.22267 ], [ -113.80556, 37.22301 ], [ -113.80644, 37.22395 ], [ -113.80646, 37.25749 ], [ -113.80691, 37.25749 ], [ -113.82461, 37.25752 ], [ -113.82504, 37.25752 ], [ -113.84281, 37.25754 ], [ -113.86975, 37.25754 ], [ -113.86998, 37.25767 ], [ -113.87318, 37.25972 ], [ -113.87369, 37.26003 ], [ -113.87453, 37.26057 ], [ -113.87481, 37.26076 ], [ -113.87498, 37.26087 ], [ -113.87598, 37.26146 ], [ -113.87704, 37.26215 ], [ -113.87801, 37.26285 ], [ -113.87873, 37.26337 ], [ -113.87951, 37.26398 ], [ -113.87949, 37.27205 ], [ -113.88286, 37.27204 ], [ -113.88287, 37.27202 ], [ -113.88293, 37.27188 ], [ -113.88297, 37.27173 ], [ -113.883, 37.2716 ], [ -113.88302, 37.27125 ], [ -113.883, 37.27101 ], [ -113.88298, 37.27079 ], [ -113.88294, 37.27063 ], [ -113.88291, 37.2704 ], [ -113.88291, 37.27023 ], [ -113.88282, 37.26953 ], [ -113.88282, 37.26939 ], [ -113.88286, 37.26925 ], [ -113.88293, 37.26911 ], [ -113.88303, 37.26898 ], [ -113.88321, 37.26886 ], [ -113.88343, 37.26875 ], [ -113.88375, 37.2686 ], [ -113.88408, 37.26847 ], [ -113.8844, 37.26832 ], [ -113.88456, 37.26828 ], [ -113.885, 37.2682 ], [ -113.88511, 37.26818 ], [ -113.88527, 37.2681 ], [ -113.88556, 37.26841 ], [ -113.88597, 37.26892 ], [ -113.88628, 37.26931 ], [ -113.88644, 37.26947 ], [ -113.88665, 37.26966 ], [ -113.88691, 37.26984 ], [ -113.88758, 37.27025 ], [ -113.88786, 37.27045 ], [ -113.88807, 37.27062 ], [ -113.88824, 37.27076 ], [ -113.88864, 37.27116 ], [ -113.88913, 37.27163 ], [ -113.88963, 37.27203 ], [ -113.88964, 37.27204 ], [ -113.8899, 37.27228 ], [ -113.89041, 37.27269 ], [ -113.89079, 37.27307 ], [ -113.89114, 37.27343 ], [ -113.89144, 37.27384 ], [ -113.8917, 37.27424 ], [ -113.89214, 37.27472 ], [ -113.89246, 37.27503 ], [ -113.89308, 37.27555 ], [ -113.89308, 37.27566 ], [ -113.89321, 37.27566 ], [ -113.89348, 37.27589 ], [ -113.89393, 37.27626 ], [ -113.8945, 37.27674 ], [ -113.8957, 37.27762 ], [ -113.89615, 37.278 ], [ -113.897, 37.2787 ], [ -113.89724, 37.27887 ], [ -113.89748, 37.27898 ], [ -113.89761, 37.27903 ], [ -113.89788, 37.27914 ], [ -113.89823, 37.27933 ], [ -113.89851, 37.27951 ], [ -113.89876, 37.27971 ], [ -113.89926, 37.28024 ], [ -113.89961, 37.28053 ], [ -113.89995, 37.28081 ], [ -113.90016, 37.28094 ], [ -113.90054, 37.28113 ], [ -113.90186, 37.28187 ], [ -113.90327, 37.2827 ], [ -113.90355, 37.28289 ], [ -113.9039, 37.28311 ], [ -113.90511, 37.28416 ], [ -113.90625, 37.28508 ], [ -113.90663, 37.28536 ], [ -113.90761, 37.28598 ], [ -113.90786, 37.28614 ], [ -113.90809, 37.28629 ], [ -113.90826, 37.2865 ], [ -113.9085, 37.28685 ], [ -113.90878, 37.28718 ], [ -113.90912, 37.28754 ], [ -113.90963, 37.28801 ], [ -113.91028, 37.28857 ], [ -113.91132, 37.28945 ], [ -113.91197, 37.28995 ], [ -113.91326, 37.29092 ], [ -113.91553, 37.2926 ], [ -113.91577, 37.29275 ], [ -113.91605, 37.29293 ], [ -113.9166, 37.29325 ], [ -113.91716, 37.29358 ], [ -113.9177, 37.29393 ], [ -113.91821, 37.29426 ], [ -113.9188, 37.29456 ], [ -113.92167, 37.29595 ], [ -113.92255, 37.29644 ], [ -113.92285, 37.29657 ], [ -113.92314, 37.29667 ], [ -113.92369, 37.29682 ], [ -113.92421, 37.29693 ], [ -113.92465, 37.29705 ], [ -113.92501, 37.29717 ], [ -113.92587, 37.29757 ], [ -113.92632, 37.29778 ], [ -113.92674, 37.298 ], [ -113.92712, 37.29821 ], [ -113.92745, 37.29844 ], [ -113.92773, 37.29871 ], [ -113.92819, 37.29921 ], [ -113.92838, 37.29934 ], [ -113.92882, 37.29952 ], [ -113.92937, 37.29972 ], [ -113.92984, 37.29986 ], [ -113.93084, 37.30014 ], [ -113.9316, 37.30042 ], [ -113.93203, 37.30058 ], [ -113.93232, 37.30082 ], [ -113.93244, 37.30111 ], [ -113.93245, 37.30138 ], [ -113.93243, 37.30162 ], [ -113.93238, 37.30188 ], [ -113.93231, 37.30212 ], [ -113.9322, 37.30231 ], [ -113.93197, 37.30261 ], [ -113.93192, 37.30272 ], [ -113.93195, 37.30284 ], [ -113.93204, 37.30294 ], [ -113.93218, 37.303 ], [ -113.93237, 37.30301 ], [ -113.93268, 37.303 ], [ -113.93333, 37.30294 ], [ -113.93375, 37.30294 ], [ -113.93441, 37.30295 ], [ -113.93502, 37.30296 ], [ -113.93524, 37.30298 ], [ -113.93542, 37.30303 ], [ -113.93569, 37.30314 ], [ -113.93654, 37.3036 ], [ -113.93772, 37.30421 ], [ -113.93809, 37.30437 ], [ -113.93853, 37.3045 ], [ -113.93896, 37.3046 ], [ -113.93944, 37.30467 ], [ -113.93996, 37.30471 ], [ -113.94162, 37.30479 ], [ -113.94308, 37.30483 ], [ -113.94382, 37.30483 ], [ -113.94433, 37.30483 ], [ -113.94482, 37.30485 ], [ -113.94527, 37.30489 ], [ -113.94632, 37.30504 ], [ -113.94729, 37.30518 ], [ -113.94794, 37.30532 ], [ -113.94915, 37.30574 ], [ -113.94978, 37.30592 ], [ -113.95011, 37.30597 ], [ -113.95017, 37.30615 ], [ -113.95018, 37.30635 ], [ -113.95017, 37.30657 ], [ -113.95009, 37.3071 ], [ -113.94995, 37.3078 ], [ -113.94982, 37.3085 ], [ -113.94971, 37.30905 ], [ -113.94967, 37.30934 ], [ -113.94966, 37.30968 ], [ -113.94967, 37.31076 ], [ -113.94966, 37.3111 ], [ -113.94962, 37.31176 ], [ -113.94959, 37.31209 ], [ -113.94955, 37.31242 ], [ -113.94927, 37.31417 ], [ -113.9492, 37.31454 ], [ -113.94911, 37.31491 ], [ -113.949, 37.31527 ], [ -113.94886, 37.31561 ], [ -113.94867, 37.31596 ], [ -113.94817, 37.31689 ], [ -113.94805, 37.3172 ], [ -113.94803, 37.31734 ], [ -113.94803, 37.31756 ], [ -113.9481, 37.31791 ], [ -113.94821, 37.31827 ], [ -113.94828, 37.31861 ], [ -113.94833, 37.31894 ], [ -113.9484, 37.32029 ], [ -113.94854, 37.32181 ], [ -113.94851, 37.32217 ], [ -113.94839, 37.32251 ], [ -113.94826, 37.32283 ], [ -113.9478, 37.32386 ], [ -113.94756, 37.32445 ], [ -113.94744, 37.32468 ], [ -113.94742, 37.32492 ], [ -113.94743, 37.32514 ], [ -113.94755, 37.32536 ], [ -113.94774, 37.32551 ], [ -113.94832, 37.32576 ], [ -113.94864, 37.32585 ], [ -113.94903, 37.32585 ], [ -113.9502, 37.3258 ], [ -113.95057, 37.32577 ], [ -113.9509, 37.32576 ], [ -113.95121, 37.32576 ], [ -113.95154, 37.32576 ], [ -113.95186, 37.32579 ], [ -113.95217, 37.32583 ], [ -113.95251, 37.32585 ], [ -113.95287, 37.32581 ], [ -113.95325, 37.32573 ], [ -113.95354, 37.32568 ], [ -113.95369, 37.32568 ], [ -113.95485, 37.3257 ], [ -113.9574, 37.32575 ], [ -113.95774, 37.32573 ], [ -113.95807, 37.3257 ], [ -113.95825, 37.32568 ], [ -113.95826, 37.32565 ], [ -113.9582, 37.3256 ], [ -113.9581, 37.32559 ], [ -113.95737, 37.32546 ], [ -113.9571, 37.32532 ], [ -113.95703, 37.32504 ], [ -113.95711, 37.32478 ], [ -113.95727, 37.32453 ], [ -113.95752, 37.32431 ], [ -113.9578, 37.32411 ], [ -113.95867, 37.32346 ], [ -113.95926, 37.32298 ], [ -113.96025, 37.32221 ], [ -113.9606, 37.32192 ], [ -113.96127, 37.32144 ], [ -113.96161, 37.32122 ], [ -113.96195, 37.32103 ], [ -113.96227, 37.32084 ], [ -113.96282, 37.32041 ], [ -113.96311, 37.32018 ], [ -113.96339, 37.3199 ], [ -113.96363, 37.31958 ], [ -113.96385, 37.31925 ], [ -113.96398, 37.3189 ], [ -113.96409, 37.31853 ], [ -113.96428, 37.31815 ], [ -113.96453, 37.31777 ], [ -113.96487, 37.31743 ], [ -113.9655, 37.31674 ], [ -113.9658, 37.31639 ], [ -113.96607, 37.31604 ], [ -113.96632, 37.31578 ], [ -113.9666, 37.31562 ], [ -113.96688, 37.31551 ], [ -113.96777, 37.31522 ], [ -113.9687, 37.31489 ], [ -113.96943, 37.31465 ], [ -113.96979, 37.31449 ], [ -113.97014, 37.31431 ], [ -113.97025, 37.31425 ], [ -113.97025, 37.31553 ], [ -113.98841, 37.31546 ], [ -113.99241, 37.31553 ], [ -113.99292, 37.31554 ], [ -113.99352, 37.31554 ], [ -113.99451, 37.31554 ], [ -113.99434, 37.31579 ], [ -113.99427, 37.31598 ], [ -113.99426, 37.31621 ], [ -113.99432, 37.31663 ], [ -113.99429, 37.31683 ], [ -113.99417, 37.31722 ], [ -113.99409, 37.31747 ], [ -113.99387, 37.31797 ], [ -113.99374, 37.31821 ], [ -113.99333, 37.31901 ], [ -113.993, 37.31978 ], [ -113.99273, 37.32036 ], [ -113.99258, 37.32092 ], [ -113.99247, 37.32147 ], [ -113.99245, 37.32166 ], [ -113.99246, 37.32186 ], [ -113.99248, 37.32207 ], [ -113.99241, 37.3223 ], [ -113.99205, 37.32288 ], [ -113.99195, 37.3231 ], [ -113.99192, 37.32333 ], [ -113.99192, 37.32355 ], [ -113.99198, 37.32399 ], [ -113.99199, 37.32423 ], [ -113.99194, 37.32446 ], [ -113.99181, 37.32467 ], [ -113.99175, 37.32488 ], [ -113.99176, 37.32508 ], [ -113.99179, 37.32526 ], [ -113.99177, 37.32546 ], [ -113.99174, 37.32562 ], [ -113.99169, 37.32583 ], [ -113.99155, 37.32623 ], [ -113.99148, 37.32647 ], [ -113.99149, 37.32669 ], [ -113.99153, 37.32691 ], [ -113.99155, 37.32711 ], [ -113.99154, 37.32734 ], [ -113.99156, 37.32756 ], [ -113.99156, 37.32777 ], [ -113.99155, 37.32797 ], [ -113.99153, 37.32818 ], [ -113.99151, 37.32838 ], [ -113.99147, 37.32859 ], [ -113.99145, 37.32878 ], [ -113.99145, 37.32894 ], [ -113.99151, 37.32924 ], [ -113.99156, 37.32944 ], [ -113.99164, 37.32963 ], [ -113.99172, 37.33015 ], [ -113.99167, 37.33034 ], [ -113.99158, 37.33053 ], [ -113.99139, 37.33092 ], [ -113.99134, 37.33111 ], [ -113.99133, 37.33124 ], [ -113.99131, 37.33159 ], [ -113.99136, 37.33176 ], [ -113.9916, 37.33227 ], [ -113.9917, 37.3324 ], [ -113.99186, 37.33252 ], [ -113.99211, 37.33278 ], [ -113.99221, 37.33296 ], [ -113.99229, 37.33316 ], [ -113.99238, 37.33335 ], [ -113.99254, 37.33365 ], [ -113.99743, 37.33363 ], [ -113.99746, 37.32996 ], [ -114.00199, 37.32996 ], [ -114.00199, 37.32972 ], [ -114.002, 37.3274 ], [ -114.0024, 37.32741 ], [ -114.00292, 37.32737 ], [ -114.00466, 37.32722 ], [ -114.00674, 37.32709 ], [ -114.00698, 37.3271 ], [ -114.00706, 37.32715 ], [ -114.00758, 37.32762 ], [ -114.00868, 37.3286 ], [ -114.00878, 37.32881 ], [ -114.00881, 37.32955 ], [ -114.00889, 37.33026 ], [ -114.00923, 37.33171 ], [ -114.00925, 37.33174 ], [ -114.00927, 37.33176 ], [ -114.00928, 37.33176 ], [ -114.00931, 37.33178 ], [ -114.00934, 37.33178 ], [ -114.00936, 37.33178 ], [ -114.00955, 37.33174 ], [ -114.01041, 37.3316 ], [ -114.01167, 37.3314 ], [ -114.01348, 37.33109 ], [ -114.01453, 37.33091 ], [ -114.01491, 37.33081 ], [ -114.01625, 37.33055 ], [ -114.01681, 37.33039 ], [ -114.01687, 37.3304 ], [ -114.01739, 37.33055 ], [ -114.01783, 37.33095 ], [ -114.01797, 37.33139 ], [ -114.01824, 37.33177 ], [ -114.01856, 37.33209 ], [ -114.01902, 37.3323 ], [ -114.01925, 37.33274 ], [ -114.01939, 37.33316 ], [ -114.01948, 37.33356 ], [ -114.01973, 37.33392 ], [ -114.02009, 37.33432 ], [ -114.0204, 37.3344 ], [ -114.02051, 37.3343 ], [ -114.02058, 37.33415 ], [ -114.02064, 37.33401 ], [ -114.02072, 37.33385 ], [ -114.02095, 37.33396 ], [ -114.0212, 37.33416 ], [ -114.02157, 37.33409 ], [ -114.02163, 37.33395 ], [ -114.02156, 37.33349 ], [ -114.0215, 37.33322 ], [ -114.02147, 37.33296 ], [ -114.02166, 37.33281 ], [ -114.02208, 37.33267 ], [ -114.02241, 37.33271 ], [ -114.02256, 37.33284 ], [ -114.02277, 37.33288 ], [ -114.02293, 37.33271 ], [ -114.023, 37.33251 ], [ -114.02325, 37.33255 ], [ -114.02335, 37.33294 ], [ -114.02342, 37.33328 ], [ -114.0238, 37.33412 ], [ -114.02447, 37.33479 ], [ -114.02467, 37.33507 ], [ -114.02469, 37.33511 ], [ -114.02508, 37.33551 ], [ -114.02553, 37.336 ], [ -114.02558, 37.33631 ], [ -114.02573, 37.33674 ], [ -114.02593, 37.33707 ], [ -114.02649, 37.33748 ], [ -114.02698, 37.33778 ], [ -114.02764, 37.33816 ], [ -114.02811, 37.33844 ], [ -114.02918, 37.33909 ], [ -114.02962, 37.33915 ], [ -114.03, 37.33923 ], [ -114.03036, 37.33937 ], [ -114.03073, 37.33951 ], [ -114.0309, 37.33978 ], [ -114.03111, 37.33996 ], [ -114.03151, 37.34011 ], [ -114.03174, 37.34006 ], [ -114.03193, 37.33979 ], [ -114.03207, 37.33948 ], [ -114.03206, 37.33917 ], [ -114.03208, 37.33871 ], [ -114.032, 37.33824 ], [ -114.03198, 37.33771 ], [ -114.03194, 37.33724 ], [ -114.03171, 37.33678 ], [ -114.03142, 37.33623 ], [ -114.03132, 37.3359 ], [ -114.03125, 37.33557 ], [ -114.03114, 37.3352 ], [ -114.03114, 37.33494 ], [ -114.03116, 37.3344 ], [ -114.03148, 37.33348 ], [ -114.03172, 37.33305 ], [ -114.03198, 37.33259 ], [ -114.03215, 37.33236 ], [ -114.03235, 37.33205 ], [ -114.0326, 37.33184 ], [ -114.03276, 37.33178 ], [ -114.03317, 37.33167 ], [ -114.03344, 37.33168 ], [ -114.03389, 37.33188 ], [ -114.03455, 37.33218 ], [ -114.03468, 37.33265 ], [ -114.03468, 37.3333 ], [ -114.03467, 37.33389 ], [ -114.03476, 37.33427 ], [ -114.03496, 37.33456 ], [ -114.03486, 37.33485 ], [ -114.03464, 37.33505 ], [ -114.03457, 37.33553 ], [ -114.03462, 37.33585 ], [ -114.03475, 37.33636 ], [ -114.03506, 37.33692 ], [ -114.03555, 37.33734 ], [ -114.03587, 37.3376 ], [ -114.03633, 37.33735 ], [ -114.03681, 37.33705 ], [ -114.03693, 37.33691 ], [ -114.03697, 37.337 ], [ -114.03698, 37.33702 ], [ -114.03699, 37.33702 ], [ -114.03714, 37.33711 ], [ -114.03729, 37.33719 ], [ -114.03744, 37.33736 ], [ -114.03757, 37.33747 ], [ -114.03771, 37.33756 ], [ -114.03786, 37.33764 ], [ -114.03788, 37.33765 ], [ -114.03804, 37.33769 ], [ -114.0385, 37.33779 ], [ -114.03884, 37.33785 ], [ -114.03902, 37.33787 ], [ -114.03904, 37.33787 ], [ -114.03915, 37.33789 ], [ -114.03918, 37.33792 ], [ -114.03928, 37.33795 ], [ -114.03951, 37.33816 ], [ -114.0397, 37.33838 ], [ -114.03996, 37.33861 ], [ -114.04021, 37.33893 ], [ -114.04041, 37.33921 ], [ -114.04067, 37.3394 ], [ -114.04095, 37.33958 ], [ -114.04131, 37.33971 ], [ -114.04167, 37.33973 ], [ -114.04204, 37.3398 ], [ -114.04234, 37.33996 ], [ -114.04264, 37.34015 ], [ -114.0428, 37.34024 ], [ -114.04293, 37.3403 ], [ -114.04323, 37.34043 ], [ -114.043445384615396, 37.340528461538462 ], [ -114.04345, 37.34053 ], [ -114.043451290322594, 37.340531161290322 ] ], [ [ -113.6072, 37.12531 ], [ -113.60753, 37.12525 ], [ -113.60753, 37.12518 ], [ -113.60753, 37.12514 ], [ -113.6072, 37.1252 ], [ -113.6072, 37.12524 ], [ -113.6072, 37.12531 ] ], [ [ -114.043445384615396, 37.340528461538462 ], [ -114.0433, 37.34048 ], [ -114.04344538461541, 37.340528461538469 ], [ -114.043445384615396, 37.340528461538462 ] ], [ [ -114.043451290322594, 37.340531161290322 ], [ -114.043451290322579, 37.340531161290315 ], [ -114.04355, 37.34062 ], [ -114.043451290322594, 37.340531161290322 ] ], [ [ -113.601748630136981, 37.119162465753419 ], [ -113.60177, 37.11928 ], [ -113.601748630136981, 37.119162465753412 ], [ -113.601748630136981, 37.119162465753419 ] ], [ [ -113.603246666666664, 37.121546666666667 ], [ -113.60324, 37.12156 ], [ -113.603246666666678, 37.12154666666666 ], [ -113.603246666666664, 37.121546666666667 ] ], [ [ -113.61105, 37.10944 ], [ -113.611029444444441, 37.109666111111103 ], [ -113.611029444444441, 37.109666111111139 ], [ -113.61105, 37.10944 ] ], [ [ -113.61173, 37.42323 ], [ -113.611739230769231, 37.423248461538471 ], [ -113.611739230769231, 37.423248461538464 ], [ -113.61173, 37.42323 ] ], [ [ -113.6120075, 37.1234925 ], [ -113.612, 37.1235 ], [ -113.6120075, 37.1234925 ], [ -113.6120075, 37.1234925 ] ], [ [ -113.61454, 37.11295 ], [ -113.614545, 37.11293 ], [ -113.614545, 37.11293 ], [ -113.61454, 37.11295 ] ], [ [ -113.616163333333347, 37.129248333333329 ], [ -113.61618, 37.12924 ], [ -113.616163333333333, 37.129248333333329 ], [ -113.616163333333347, 37.129248333333329 ] ], [ [ -113.625276666666664, 37.41969 ], [ -113.62527, 37.41968 ], [ -113.625276666666679, 37.41969 ], [ -113.625276666666664, 37.41969 ] ], [ [ -113.62926, 37.12276 ], [ -113.62888, 37.12242 ], [ -113.62926, 37.12276 ], [ -113.62926, 37.12276 ] ], [ [ -113.6385, 37.10897 ], [ -113.63858, 37.10895 ], [ -113.63858, 37.10895 ], [ -113.6385, 37.10897 ] ], [ [ -113.641170769230783, 37.475055769230764 ], [ -113.641170769230769, 37.475055769230771 ], [ -113.6411, 37.4751 ], [ -113.641170769230783, 37.475055769230764 ] ], [ [ -113.64416, 37.12861 ], [ -113.64414, 37.1286 ], [ -113.64416, 37.12861 ], [ -113.64416, 37.12861 ] ], [ [ -113.988432786885269, 37.346430163934428 ], [ -113.9885, 37.34641 ], [ -113.988432786885255, 37.346430163934428 ], [ -113.988432786885269, 37.346430163934428 ] ], [ [ -113.99939, 37.37023 ], [ -113.99939, 37.37023 ], [ -113.99939, 37.37023 ], [ -113.99945, 37.37037 ], [ -113.99939, 37.37023 ] ] ], [ [ [ -113.612009230769232, 37.10652 ], [ -113.61201, 37.106518571428573 ], [ -113.61201, 37.10652 ], [ -113.612009230769232, 37.10652 ] ] ], [ [ [ -113.61201, 37.106518571428573 ], [ -113.61201, 37.10651 ], [ -113.61202, 37.1065 ], [ -113.61201, 37.106518571428573 ] ] ], [ [ [ -113.675134322580647, 37.147271440860216 ], [ -113.67513, 37.14727 ], [ -113.67512, 37.14726 ], [ -113.675134322580647, 37.147271440860216 ] ] ], [ [ [ -113.60565, 37.1219 ], [ -113.60566, 37.12191 ], [ -113.60571, 37.12188 ], [ -113.60576, 37.12184 ], [ -113.60575, 37.12183 ], [ -113.6058, 37.1218 ], [ -113.60587, 37.12186 ], [ -113.60593, 37.12192 ], [ -113.60588, 37.12196 ], [ -113.60587, 37.12194 ], [ -113.60582, 37.12198 ], [ -113.60577, 37.12201 ], [ -113.60578, 37.12203 ], [ -113.60573, 37.12206 ], [ -113.60566, 37.12199 ], [ -113.6056, 37.12193 ], [ -113.60565, 37.1219 ] ] ], [ [ [ -113.60639, 37.12197 ], [ -113.60634, 37.122 ], [ -113.60629, 37.12203 ], [ -113.60628, 37.12202 ], [ -113.60623, 37.12205 ], [ -113.60618, 37.12209 ], [ -113.60619, 37.1221 ], [ -113.60614, 37.12213 ], [ -113.60609, 37.12216 ], [ -113.60608, 37.12215 ], [ -113.60603, 37.12218 ], [ -113.60598, 37.12222 ], [ -113.60599, 37.12223 ], [ -113.60594, 37.12226 ], [ -113.60587, 37.1222 ], [ -113.60581, 37.12213 ], [ -113.60586, 37.1221 ], [ -113.60587, 37.12211 ], [ -113.60592, 37.12208 ], [ -113.60597, 37.12205 ], [ -113.60596, 37.12203 ], [ -113.60601, 37.122 ], [ -113.60606, 37.12197 ], [ -113.60607, 37.12198 ], [ -113.60612, 37.12195 ], [ -113.60617, 37.12192 ], [ -113.60616, 37.1219 ], [ -113.60621, 37.12187 ], [ -113.60626, 37.12184 ], [ -113.60627, 37.12185 ], [ -113.60632, 37.12182 ], [ -113.60637, 37.12178 ], [ -113.60636, 37.12177 ], [ -113.60641, 37.12174 ], [ -113.60648, 37.1218 ], [ -113.60654, 37.12187 ], [ -113.60649, 37.1219 ], [ -113.60648, 37.12189 ], [ -113.60643, 37.12192 ], [ -113.60638, 37.12196 ], [ -113.60639, 37.12197 ] ] ], [ [ [ -113.60592, 37.12169 ], [ -113.60597, 37.12165 ], [ -113.60598, 37.12167 ], [ -113.60603, 37.12163 ], [ -113.60608, 37.1216 ], [ -113.60607, 37.12159 ], [ -113.60612, 37.12156 ], [ -113.60618, 37.12162 ], [ -113.60625, 37.12169 ], [ -113.6062, 37.12172 ], [ -113.60619, 37.1217 ], [ -113.60614, 37.12174 ], [ -113.60609, 37.12177 ], [ -113.6061, 37.12178 ], [ -113.60605, 37.12181 ], [ -113.60598, 37.12175 ], [ -113.60592, 37.12169 ] ] ], [ [ [ -113.60685, 37.12233 ], [ -113.60679, 37.12236 ], [ -113.60681, 37.12237 ], [ -113.60676, 37.12241 ], [ -113.60671, 37.12244 ], [ -113.60669, 37.12243 ], [ -113.60664, 37.12246 ], [ -113.60659, 37.12249 ], [ -113.6066, 37.12251 ], [ -113.60656, 37.12254 ], [ -113.60651, 37.12257 ], [ -113.60649, 37.12256 ], [ -113.60644, 37.12259 ], [ -113.60639, 37.12262 ], [ -113.6064, 37.12264 ], [ -113.60636, 37.12267 ], [ -113.60629, 37.1226 ], [ -113.60622, 37.12254 ], [ -113.60627, 37.12251 ], [ -113.60629, 37.12252 ], [ -113.60634, 37.12249 ], [ -113.60639, 37.12245 ], [ -113.60637, 37.12244 ], [ -113.60642, 37.12241 ], [ -113.60647, 37.12238 ], [ -113.60649, 37.12239 ], [ -113.60654, 37.12235 ], [ -113.60659, 37.12232 ], [ -113.60658, 37.12231 ], [ -113.60663, 37.12228 ], [ -113.60668, 37.12224 ], [ -113.60669, 37.12226 ], [ -113.60674, 37.12222 ], [ -113.60679, 37.12219 ], [ -113.60678, 37.12218 ], [ -113.60683, 37.12215 ], [ -113.60688, 37.12211 ], [ -113.60689, 37.12213 ], [ -113.60694, 37.12209 ], [ -113.607, 37.12206 ], [ -113.60698, 37.12205 ], [ -113.60703, 37.12202 ], [ -113.6071, 37.12208 ], [ -113.60716, 37.12215 ], [ -113.60711, 37.12218 ], [ -113.6071, 37.12217 ], [ -113.60705, 37.1222 ], [ -113.607, 37.12223 ], [ -113.60701, 37.12225 ], [ -113.60696, 37.12228 ], [ -113.60691, 37.12231 ], [ -113.6069, 37.1223 ], [ -113.60685, 37.12233 ] ] ], [ [ [ -113.60663, 37.12213 ], [ -113.60658, 37.12216 ], [ -113.60659, 37.12218 ], [ -113.60654, 37.12221 ], [ -113.60648, 37.12214 ], [ -113.60641, 37.12208 ], [ -113.60646, 37.12205 ], [ -113.60647, 37.12206 ], [ -113.60652, 37.12202 ], [ -113.60657, 37.12199 ], [ -113.60656, 37.12198 ], [ -113.60661, 37.12195 ], [ -113.60666, 37.12191 ], [ -113.60667, 37.12193 ], [ -113.60672, 37.12189 ], [ -113.60678, 37.12186 ], [ -113.60676, 37.12185 ], [ -113.60681, 37.12182 ], [ -113.60688, 37.12188 ], [ -113.60694, 37.12195 ], [ -113.60689, 37.12198 ], [ -113.60688, 37.12196 ], [ -113.60683, 37.122 ], [ -113.60678, 37.12203 ], [ -113.60679, 37.12204 ], [ -113.60674, 37.12208 ], [ -113.60669, 37.12211 ], [ -113.60668, 37.1221 ], [ -113.60663, 37.12213 ] ] ], [ [ [ -113.60685, 37.12266 ], [ -113.6068, 37.1227 ], [ -113.60681, 37.12271 ], [ -113.60676, 37.12274 ], [ -113.60671, 37.12277 ], [ -113.6067, 37.12276 ], [ -113.60665, 37.12279 ], [ -113.6066, 37.12283 ], [ -113.60661, 37.12284 ], [ -113.60656, 37.12287 ], [ -113.6065, 37.12281 ], [ -113.60643, 37.12274 ], [ -113.60648, 37.12271 ], [ -113.60649, 37.12272 ], [ -113.60654, 37.12269 ], [ -113.6066, 37.12266 ], [ -113.60658, 37.12264 ], [ -113.60663, 37.12261 ], [ -113.60668, 37.12258 ], [ -113.60669, 37.12259 ], [ -113.60675, 37.12256 ], [ -113.6068, 37.12253 ], [ -113.60679, 37.12251 ], [ -113.60683, 37.12248 ], [ -113.60688, 37.12245 ], [ -113.6069, 37.12246 ], [ -113.60695, 37.12243 ], [ -113.607, 37.12239 ], [ -113.60699, 37.12238 ], [ -113.60704, 37.12235 ], [ -113.6071, 37.12242 ], [ -113.60717, 37.12248 ], [ -113.60712, 37.12251 ], [ -113.60711, 37.1225 ], [ -113.60705, 37.12253 ], [ -113.607, 37.12257 ], [ -113.60701, 37.12258 ], [ -113.60697, 37.12261 ], [ -113.60692, 37.12264 ], [ -113.6069, 37.12263 ], [ -113.60685, 37.12266 ] ] ] ] } },
{ "type": "Feature", "properties": { "district_id": 3, "district_name": "District 4", "district_color": "#d97706", "fill": "#d97706", "stroke": "#d97706", "fill_opacity": 0.45, "stroke_width": 2 }, "geometry": { "type": "MultiPolygon", "coordinates": [ [ [ [ -113.7122, 37.17711 ], [ -113.71223, 37.17712 ], [ -113.71225, 37.17713 ], [ -113.71227, 37.17715 ], [ -113.71229, 37.17717 ], [ -113.7123, 37.17719 ], [ -113.71231, 37.17721 ], [ -113.71232, 37.17724 ], [ -113.71232, 37.1776 ], [ -113.71232, 37.17762 ], [ -113.71233, 37.17763 ], [ -113.71234, 37.17765 ], [ -113.71235, 37.17766 ], [ -113.7124, 37.17768 ], [ -113.71243, 37.1777 ], [ -113.71245, 37.17773 ], [ -113.71246, 37.17774 ], [ -113.71247, 37.17777 ], [ -113.71306, 37.17768 ], [ -113.71329, 37.17817 ], [ -113.71331, 37.17821 ], [ -113.71332, 37.1782 ], [ -113.71344, 37.17815 ], [ -113.71362, 37.17808 ], [ -113.71382, 37.17802 ], [ -113.71397, 37.17799 ], [ -113.71411, 37.17797 ], [ -113.71503, 37.17793 ], [ -113.71533, 37.17786 ], [ -113.71577, 37.17775 ], [ -113.71579, 37.17781 ], [ -113.71581, 37.17782 ], [ -113.71585, 37.17783 ], [ -113.71586, 37.17784 ], [ -113.71586, 37.17785 ], [ -113.71586, 37.17786 ], [ -113.71586, 37.17787 ], [ -113.71584, 37.17791 ], [ -113.71583, 37.17792 ], [ -113.71582, 37.17793 ], [ -113.7158, 37.17794 ], [ -113.71579, 37.17795 ], [ -113.71575, 37.17795 ], [ -113.71571, 37.17796 ], [ -113.71561, 37.17796 ], [ -113.7155, 37.178 ], [ -113.71547, 37.17807 ], [ -113.71546, 37.17813 ], [ -113.71546, 37.1782 ], [ -113.71547, 37.17826 ], [ -113.71551, 37.17833 ], [ -113.71539, 37.17838 ], [ -113.71607, 37.17838 ], [ -113.71609, 37.18264 ], [ -113.72488, 37.18266 ], [ -113.72515, 37.18266 ], [ -113.73302, 37.18264 ], [ -113.73308, 37.18425 ], [ -113.73317, 37.18419 ], [ -113.73344, 37.18407 ], [ -113.73387, 37.18387 ], [ -113.7342, 37.18372 ], [ -113.73468, 37.18349 ], [ -113.73485, 37.18342 ], [ -113.73522, 37.18324 ], [ -113.73577, 37.18299 ], [ -113.73583, 37.18296 ], [ -113.73652, 37.18265 ], [ -113.75234, 37.1827 ], [ -113.75238, 37.19719 ], [ -113.7524, 37.21164 ], [ -113.77053, 37.21163 ], [ -113.77052, 37.22612 ], [ -113.76457, 37.22612 ], [ -113.76422, 37.22635 ], [ -113.76318, 37.22687 ], [ -113.76355, 37.22715 ], [ -113.76365, 37.22761 ], [ -113.76414, 37.2276 ], [ -113.76415, 37.22785 ], [ -113.76476, 37.22891 ], [ -113.76474, 37.22955 ], [ -113.76428, 37.23084 ], [ -113.76416, 37.23124 ], [ -113.76453, 37.23144 ], [ -113.76491, 37.23222 ], [ -113.76574, 37.23181 ], [ -113.7661, 37.23191 ], [ -113.76659, 37.23197 ], [ -113.76709, 37.23221 ], [ -113.76637, 37.23344 ], [ -113.76571, 37.23388 ], [ -113.76685, 37.23461 ], [ -113.76679, 37.23548 ], [ -113.76662, 37.23588 ], [ -113.76664, 37.23641 ], [ -113.76747, 37.23729 ], [ -113.76761, 37.23775 ], [ -113.76722, 37.23793 ], [ -113.76677, 37.23794 ], [ -113.76632, 37.23784 ], [ -113.76604, 37.23735 ], [ -113.76543, 37.23615 ], [ -113.7647, 37.2357 ], [ -113.76281, 37.23509 ], [ -113.76277, 37.23545 ], [ -113.76278, 37.2357 ], [ -113.76377, 37.23582 ], [ -113.76422, 37.23621 ], [ -113.76457, 37.23734 ], [ -113.76482, 37.23826 ], [ -113.76406, 37.23824 ], [ -113.76323, 37.23876 ], [ -113.76324, 37.23901 ], [ -113.7643, 37.2387 ], [ -113.76471, 37.23887 ], [ -113.76584, 37.23946 ], [ -113.76664, 37.23951 ], [ -113.7674, 37.2395 ], [ -113.76772, 37.23967 ], [ -113.76778, 37.24013 ], [ -113.76739, 37.2406 ], [ -113.76691, 37.24097 ], [ -113.76683, 37.2414 ], [ -113.76653, 37.24169 ], [ -113.76613, 37.24173 ], [ -113.7661, 37.24205 ], [ -113.76638, 37.24255 ], [ -113.76617, 37.24319 ], [ -113.76575, 37.24377 ], [ -113.7653, 37.24392 ], [ -113.76518, 37.24432 ], [ -113.76546, 37.24465 ], [ -113.76516, 37.24519 ], [ -113.76486, 37.24534 ], [ -113.76432, 37.24538 ], [ -113.76446, 37.24563 ], [ -113.76479, 37.24591 ], [ -113.76466, 37.24613 ], [ -113.76309, 37.24573 ], [ -113.7635, 37.24626 ], [ -113.7641, 37.24671 ], [ -113.76411, 37.24706 ], [ -113.76389, 37.2471 ], [ -113.76358, 37.24736 ], [ -113.7636, 37.24811 ], [ -113.76194, 37.25195 ], [ -113.76183, 37.25285 ], [ -113.7613, 37.25318 ], [ -113.75965, 37.2531 ], [ -113.76066, 37.25406 ], [ -113.76092, 37.25509 ], [ -113.7607, 37.25542 ], [ -113.76081, 37.25602 ], [ -113.76033, 37.25631 ], [ -113.76079, 37.2567 ], [ -113.76022, 37.25721 ], [ -113.76043, 37.25746 ], [ -113.76045, 37.25749 ], [ -113.76026, 37.25842 ], [ -113.75995, 37.25864 ], [ -113.75938, 37.25886 ], [ -113.75993, 37.25917 ], [ -113.75987, 37.26017 ], [ -113.75965, 37.26053 ], [ -113.75922, 37.26093 ], [ -113.75886, 37.2608 ], [ -113.75833, 37.26084 ], [ -113.7578, 37.26103 ], [ -113.75782, 37.26178 ], [ -113.75814, 37.26213 ], [ -113.75877, 37.26223 ], [ -113.75905, 37.26279 ], [ -113.75898, 37.26336 ], [ -113.75872, 37.26355 ], [ -113.75774, 37.26374 ], [ -113.75717, 37.26397 ], [ -113.75674, 37.2643 ], [ -113.75719, 37.26457 ], [ -113.75751, 37.265 ], [ -113.75798, 37.26563 ], [ -113.75804, 37.2663 ], [ -113.75808, 37.26751 ], [ -113.75801, 37.26819 ], [ -113.7579, 37.26905 ], [ -113.75763, 37.26983 ], [ -113.76597, 37.26983 ], [ -113.76812, 37.26982 ], [ -113.76797, 37.27337 ], [ -113.76957, 37.27336 ], [ -113.76966, 37.27407 ], [ -113.76969, 37.27468 ], [ -113.76966, 37.27484 ], [ -113.76958, 37.27503 ], [ -113.76946, 37.27522 ], [ -113.76923, 37.27551 ], [ -113.76893, 37.27585 ], [ -113.76867, 37.27612 ], [ -113.76841, 37.2764 ], [ -113.76819, 37.27667 ], [ -113.76801, 37.27691 ], [ -113.76786, 37.27714 ], [ -113.7678, 37.27737 ], [ -113.7678, 37.27743 ], [ -113.76781, 37.27757 ], [ -113.76785, 37.27775 ], [ -113.76788, 37.27796 ], [ -113.76815, 37.27886 ], [ -113.76819, 37.27898 ], [ -113.76826, 37.27918 ], [ -113.76834, 37.27968 ], [ -113.76834, 37.27984 ], [ -113.76834, 37.28012 ], [ -113.76832, 37.28039 ], [ -113.76828, 37.28062 ], [ -113.76826, 37.28067 ], [ -113.76821, 37.28067 ], [ -113.76811, 37.28094 ], [ -113.76805, 37.28108 ], [ -113.76804, 37.2811 ], [ -113.76801, 37.28121 ], [ -113.76778, 37.28116 ], [ -113.76768, 37.28123 ], [ -113.76556, 37.28163 ], [ -113.76556, 37.28175 ], [ -113.76556, 37.28199 ], [ -113.76556, 37.28218 ], [ -113.76617, 37.28205 ], [ -113.76605, 37.28215 ], [ -113.76581, 37.28247 ], [ -113.76563, 37.28238 ], [ -113.76563, 37.28288 ], [ -113.76544, 37.28276 ], [ -113.7652, 37.28296 ], [ -113.76502, 37.28321 ], [ -113.76508, 37.28325 ], [ -113.76477, 37.2835 ], [ -113.76441, 37.28378 ], [ -113.76451, 37.28386 ], [ -113.76425, 37.28412 ], [ -113.76399, 37.28454 ], [ -113.76392, 37.28457 ], [ -113.76389, 37.28455 ], [ -113.76361, 37.28471 ], [ -113.76356, 37.28468 ], [ -113.76328, 37.28482 ], [ -113.76323, 37.28486 ], [ -113.76298, 37.28502 ], [ -113.76276, 37.2851 ], [ -113.76239, 37.28532 ], [ -113.76201, 37.28554 ], [ -113.76166, 37.28578 ], [ -113.76151, 37.28565 ], [ -113.76133, 37.28577 ], [ -113.76154, 37.28596 ], [ -113.76141, 37.28618 ], [ -113.76137, 37.28617 ], [ -113.76133, 37.28617 ], [ -113.76128, 37.28617 ], [ -113.76125, 37.28618 ], [ -113.76122, 37.2862 ], [ -113.7612, 37.28621 ], [ -113.76119, 37.28623 ], [ -113.76117, 37.28625 ], [ -113.76116, 37.28627 ], [ -113.76116, 37.2863 ], [ -113.76116, 37.28634 ], [ -113.76118, 37.28637 ], [ -113.7612, 37.2864 ], [ -113.76122, 37.28641 ], [ -113.76125, 37.28642 ], [ -113.76127, 37.28643 ], [ -113.76133, 37.28644 ], [ -113.76134, 37.28645 ], [ -113.76134, 37.28646 ], [ -113.76135, 37.28646 ], [ -113.76137, 37.2865 ], [ -113.76139, 37.28654 ], [ -113.76142, 37.28658 ], [ -113.76112, 37.2868 ], [ -113.7613, 37.28699 ], [ -113.76147, 37.28717 ], [ -113.76148, 37.28718 ], [ -113.76111, 37.28745 ], [ -113.76096, 37.28756 ], [ -113.76113, 37.28771 ], [ -113.76114, 37.28772 ], [ -113.76075, 37.288 ], [ -113.76071, 37.28802 ], [ -113.75958, 37.28891 ], [ -113.75941, 37.28903 ], [ -113.75915, 37.28924 ], [ -113.75853, 37.28969 ], [ -113.7579, 37.29014 ], [ -113.75735, 37.29046 ], [ -113.75708, 37.29062 ], [ -113.75678, 37.29074 ], [ -113.75629, 37.29093 ], [ -113.75632, 37.29101 ], [ -113.75621, 37.29105 ], [ -113.75589, 37.29116 ], [ -113.75623, 37.29188 ], [ -113.75595, 37.29196 ], [ -113.75604, 37.29229 ], [ -113.7556, 37.29269 ], [ -113.75496, 37.29326 ], [ -113.75496, 37.2932 ], [ -113.75496, 37.29287 ], [ -113.75496, 37.29149 ], [ -113.75465, 37.2916 ], [ -113.75435, 37.29172 ], [ -113.75404, 37.29184 ], [ -113.75374, 37.29197 ], [ -113.75275, 37.29239 ], [ -113.75267, 37.29243 ], [ -113.75258, 37.29248 ], [ -113.7525, 37.29252 ], [ -113.75243, 37.29258 ], [ -113.75236, 37.29263 ], [ -113.75229, 37.29269 ], [ -113.75223, 37.29276 ], [ -113.75217, 37.29282 ], [ -113.75217, 37.295 ], [ -113.75125, 37.295 ], [ -113.7509, 37.29571 ], [ -113.75088, 37.29576 ], [ -113.75085, 37.29582 ], [ -113.75083, 37.29587 ], [ -113.75082, 37.29593 ], [ -113.7508, 37.29598 ], [ -113.75079, 37.29604 ], [ -113.75079, 37.29609 ], [ -113.75078, 37.29615 ], [ -113.75078, 37.29621 ], [ -113.75078, 37.29626 ], [ -113.75078, 37.29632 ], [ -113.75079, 37.29638 ], [ -113.7508, 37.29643 ], [ -113.75081, 37.29649 ], [ -113.75083, 37.29655 ], [ -113.75084, 37.2966 ], [ -113.75086, 37.29665 ], [ -113.75089, 37.29671 ], [ -113.75091, 37.29676 ], [ -113.75094, 37.29681 ], [ -113.75097, 37.29686 ], [ -113.75101, 37.29691 ], [ -113.75104, 37.29696 ], [ -113.75108, 37.29701 ], [ -113.75112, 37.29706 ], [ -113.75117, 37.2971 ], [ -113.75121, 37.29715 ], [ -113.75126, 37.29719 ], [ -113.75131, 37.29723 ], [ -113.75136, 37.29727 ], [ -113.75142, 37.2973 ], [ -113.75197, 37.29766 ], [ -113.75204, 37.2977 ], [ -113.75211, 37.29775 ], [ -113.75211, 37.29793 ], [ -113.75225, 37.29808 ], [ -113.75236, 37.29831 ], [ -113.75243, 37.29855 ], [ -113.75251, 37.29885 ], [ -113.75257, 37.29921 ], [ -113.75257, 37.29956 ], [ -113.7525, 37.29982 ], [ -113.75248, 37.29988 ], [ -113.75238, 37.3001 ], [ -113.75229, 37.30024 ], [ -113.7521, 37.30044 ], [ -113.75182, 37.30069 ], [ -113.75153, 37.30092 ], [ -113.75093, 37.30138 ], [ -113.75061, 37.30164 ], [ -113.75029, 37.30192 ], [ -113.75011, 37.30211 ], [ -113.75, 37.30223 ], [ -113.74976, 37.30255 ], [ -113.7496, 37.30278 ], [ -113.74936, 37.30307 ], [ -113.74931, 37.30299 ], [ -113.74924, 37.30288 ], [ -113.74916, 37.30278 ], [ -113.74883, 37.30282 ], [ -113.7485, 37.30305 ], [ -113.74817, 37.30311 ], [ -113.74686, 37.30313 ], [ -113.74631, 37.30272 ], [ -113.74588, 37.30277 ], [ -113.74534, 37.30289 ], [ -113.74503, 37.30289 ], [ -113.74466, 37.30285 ], [ -113.744, 37.30281 ], [ -113.74387, 37.30281 ], [ -113.74348, 37.30286 ], [ -113.74302, 37.30308 ], [ -113.74302, 37.30575 ], [ -113.73894, 37.3058 ], [ -113.73851, 37.3058 ], [ -113.73854, 37.31096 ], [ -113.73854, 37.31115 ], [ -113.73685, 37.31154 ], [ -113.73669, 37.31158 ], [ -113.73654, 37.31162 ], [ -113.73639, 37.31167 ], [ -113.73624, 37.31172 ], [ -113.73609, 37.31178 ], [ -113.73594, 37.31184 ], [ -113.7358, 37.31191 ], [ -113.73566, 37.31198 ], [ -113.73429, 37.31269 ], [ -113.73421, 37.31274 ], [ -113.73409, 37.31281 ], [ -113.73397, 37.31288 ], [ -113.73397, 37.31299 ], [ -113.73397, 37.31302 ], [ -113.73358, 37.31335 ], [ -113.73329, 37.31368 ], [ -113.73325, 37.31375 ], [ -113.73311, 37.31399 ], [ -113.73296, 37.31431 ], [ -113.73224, 37.31616 ], [ -113.73211, 37.31659 ], [ -113.73208, 37.31659 ], [ -113.73202, 37.31673 ], [ -113.73186, 37.31706 ], [ -113.73165, 37.31737 ], [ -113.73142, 37.31759 ], [ -113.7313, 37.31767 ], [ -113.73109, 37.31778 ], [ -113.72944, 37.31851 ], [ -113.72914, 37.31863 ], [ -113.72883, 37.31872 ], [ -113.72855, 37.31878 ], [ -113.72816, 37.31886 ], [ -113.72781, 37.31892 ], [ -113.72753, 37.31899 ], [ -113.72733, 37.31905 ], [ -113.72719, 37.31913 ], [ -113.72704, 37.31923 ], [ -113.72686, 37.31943 ], [ -113.7267, 37.31967 ], [ -113.72656, 37.31998 ], [ -113.72643, 37.32033 ], [ -113.72554, 37.32295 ], [ -113.72532, 37.32375 ], [ -113.72525, 37.32374 ], [ -113.72489, 37.32374 ], [ -113.72485, 37.325 ], [ -113.72483, 37.32558 ], [ -113.72483, 37.32561 ], [ -113.72476, 37.32586 ], [ -113.72475, 37.32589 ], [ -113.72471, 37.32594 ], [ -113.72467, 37.32599 ], [ -113.72463, 37.32605 ], [ -113.72458, 37.3261 ], [ -113.72453, 37.32615 ], [ -113.72448, 37.3262 ], [ -113.72442, 37.32624 ], [ -113.72437, 37.32629 ], [ -113.72449, 37.3264 ], [ -113.72446, 37.32645 ], [ -113.72419, 37.32669 ], [ -113.72416, 37.32672 ], [ -113.72385, 37.32689 ], [ -113.72342, 37.32701 ], [ -113.72295, 37.32711 ], [ -113.72252, 37.32725 ], [ -113.72244, 37.3273 ], [ -113.72024, 37.32725 ], [ -113.7197, 37.32726 ], [ -113.71969, 37.32751 ], [ -113.71953, 37.32811 ], [ -113.7195, 37.32824 ], [ -113.71948, 37.32853 ], [ -113.71952, 37.32884 ], [ -113.71964, 37.32947 ], [ -113.71973, 37.32981 ], [ -113.71985, 37.33013 ], [ -113.71998, 37.33043 ], [ -113.72022, 37.33094 ], [ -113.72026, 37.33101 ], [ -113.7203, 37.33114 ], [ -113.72036, 37.33131 ], [ -113.72044, 37.33159 ], [ -113.72066, 37.33244 ], [ -113.72067, 37.33249 ], [ -113.72067, 37.33272 ], [ -113.72061, 37.333 ], [ -113.72048, 37.33327 ], [ -113.72031, 37.33355 ], [ -113.72031, 37.33454 ], [ -113.7203, 37.33455 ], [ -113.72, 37.33504 ], [ -113.71987, 37.33534 ], [ -113.7198, 37.33543 ], [ -113.71973, 37.3355 ], [ -113.71963, 37.33553 ], [ -113.71953, 37.33553 ], [ -113.71951, 37.3356 ], [ -113.7195, 37.33566 ], [ -113.71956, 37.33574 ], [ -113.71978, 37.33592 ], [ -113.7199, 37.33601 ], [ -113.72014, 37.33617 ], [ -113.72041, 37.33626 ], [ -113.72055, 37.33629 ], [ -113.72066, 37.33627 ], [ -113.72076, 37.33624 ], [ -113.72111, 37.33594 ], [ -113.72126, 37.33584 ], [ -113.72143, 37.33573 ], [ -113.72164, 37.33563 ], [ -113.72206, 37.3355 ], [ -113.72226, 37.33543 ], [ -113.7225, 37.33535 ], [ -113.72273, 37.3353 ], [ -113.72295, 37.33528 ], [ -113.7232, 37.33528 ], [ -113.72341, 37.33535 ], [ -113.72362, 37.33545 ], [ -113.72379, 37.33557 ], [ -113.72408, 37.33583 ], [ -113.72448, 37.33624 ], [ -113.72464, 37.33641 ], [ -113.72477, 37.33661 ], [ -113.72485, 37.33683 ], [ -113.72487, 37.33704 ], [ -113.72485, 37.33727 ], [ -113.72479, 37.33752 ], [ -113.72477, 37.33778 ], [ -113.72478, 37.33799 ], [ -113.72482, 37.33817 ], [ -113.72249, 37.33816 ], [ -113.72104, 37.33815 ], [ -113.72031, 37.33815 ], [ -113.72031, 37.34173 ], [ -113.72032, 37.3451 ], [ -113.72032, 37.34544 ], [ -113.72031, 37.34544 ], [ -113.72026, 37.35268 ], [ -113.71575, 37.35265 ], [ -113.71506, 37.35264 ], [ -113.71528, 37.35318 ], [ -113.71542, 37.35385 ], [ -113.71544, 37.35402 ], [ -113.7155, 37.35437 ], [ -113.71558, 37.35468 ], [ -113.71567, 37.35491 ], [ -113.7157, 37.35501 ], [ -113.71569, 37.35525 ], [ -113.71564, 37.35592 ], [ -113.71561, 37.35615 ], [ -113.71557, 37.35629 ], [ -113.71557, 37.35636 ], [ -113.7156, 37.35642 ], [ -113.71567, 37.35655 ], [ -113.71569, 37.35664 ], [ -113.7157, 37.35666 ], [ -113.71569, 37.35775 ], [ -113.71568, 37.35777 ], [ -113.71569, 37.35778 ], [ -113.71568, 37.35861 ], [ -113.71564, 37.35867 ], [ -113.71555, 37.35886 ], [ -113.71536, 37.3591 ], [ -113.71529, 37.35922 ], [ -113.71527, 37.35935 ], [ -113.71517, 37.35956 ], [ -113.71512, 37.35962 ], [ -113.71491, 37.35979 ], [ -113.71491, 37.35987 ], [ -113.71491, 37.35988 ], [ -113.71566, 37.35989 ], [ -113.71566, 37.36534 ], [ -113.71566, 37.36684 ], [ -113.71596, 37.36696 ], [ -113.71615, 37.36705 ], [ -113.71623, 37.3671 ], [ -113.7163, 37.36717 ], [ -113.7164, 37.36725 ], [ -113.71672, 37.36767 ], [ -113.717, 37.36803 ], [ -113.71707, 37.36814 ], [ -113.7172, 37.36839 ], [ -113.71722, 37.36845 ], [ -113.71751, 37.36895 ], [ -113.71757, 37.36907 ], [ -113.7177, 37.36929 ], [ -113.71795, 37.36971 ], [ -113.71817, 37.37016 ], [ -113.71841, 37.37056 ], [ -113.71859, 37.37085 ], [ -113.71884, 37.37133 ], [ -113.71891, 37.37145 ], [ -113.71915, 37.3718 ], [ -113.71929, 37.37208 ], [ -113.71935, 37.37224 ], [ -113.7194, 37.37235 ], [ -113.71954, 37.37251 ], [ -113.71963, 37.37258 ], [ -113.71998, 37.37281 ], [ -113.72035, 37.37307 ], [ -113.72049, 37.37315 ], [ -113.72062, 37.37322 ], [ -113.72089, 37.37333 ], [ -113.72103, 37.37337 ], [ -113.72134, 37.3734 ], [ -113.72145, 37.37344 ], [ -113.7215, 37.3735 ], [ -113.72149, 37.37356 ], [ -113.72145, 37.37361 ], [ -113.72123, 37.37378 ], [ -113.72118, 37.37384 ], [ -113.72112, 37.37401 ], [ -113.721, 37.37423 ], [ -113.721, 37.3743 ], [ -113.69756, 37.37425 ], [ -113.69756, 37.38148 ], [ -113.69756, 37.38149 ], [ -113.69756, 37.39246 ], [ -113.69746, 37.3923 ], [ -113.69739, 37.39223 ], [ -113.69735, 37.39221 ], [ -113.69724, 37.39218 ], [ -113.69713, 37.39217 ], [ -113.69707, 37.39218 ], [ -113.69697, 37.39221 ], [ -113.69679, 37.39233 ], [ -113.69664, 37.39246 ], [ -113.69655, 37.39258 ], [ -113.69651, 37.39266 ], [ -113.69646, 37.39284 ], [ -113.69638, 37.39305 ], [ -113.69634, 37.39308 ], [ -113.69629, 37.3931 ], [ -113.69597, 37.39318 ], [ -113.69586, 37.39322 ], [ -113.69558, 37.39337 ], [ -113.69524, 37.39353 ], [ -113.69506, 37.39364 ], [ -113.6949, 37.39377 ], [ -113.6948, 37.39387 ], [ -113.69436, 37.39451 ], [ -113.69424, 37.39466 ], [ -113.69411, 37.39481 ], [ -113.694, 37.3949 ], [ -113.69386, 37.39498 ], [ -113.69371, 37.39505 ], [ -113.6935, 37.39512 ], [ -113.69339, 37.39513 ], [ -113.69328, 37.39512 ], [ -113.69317, 37.39509 ], [ -113.69297, 37.39502 ], [ -113.69264, 37.39494 ], [ -113.69249, 37.39488 ], [ -113.69241, 37.39482 ], [ -113.69234, 37.39475 ], [ -113.69195, 37.39425 ], [ -113.69184, 37.39415 ], [ -113.69176, 37.39409 ], [ -113.6917, 37.39407 ], [ -113.69165, 37.39406 ], [ -113.69162, 37.39409 ], [ -113.69159, 37.39413 ], [ -113.69154, 37.39426 ], [ -113.69149, 37.39453 ], [ -113.69142, 37.3948 ], [ -113.69139, 37.39511 ], [ -113.69139, 37.39524 ], [ -113.6914, 37.39547 ], [ -113.69139, 37.39551 ], [ -113.69135, 37.3956 ], [ -113.69119, 37.39588 ], [ -113.69115, 37.39597 ], [ -113.69108, 37.39614 ], [ -113.69105, 37.39618 ], [ -113.69098, 37.3963 ], [ -113.69093, 37.39632 ], [ -113.69081, 37.39634 ], [ -113.69076, 37.39633 ], [ -113.69047, 37.39605 ], [ -113.69033, 37.39598 ], [ -113.69012, 37.39591 ], [ -113.6899, 37.39586 ], [ -113.68985, 37.39585 ], [ -113.68968, 37.39584 ], [ -113.68957, 37.39585 ], [ -113.68951, 37.39586 ], [ -113.68947, 37.39589 ], [ -113.68935, 37.39599 ], [ -113.6891, 37.39634 ], [ -113.68904, 37.39641 ], [ -113.68893, 37.39652 ], [ -113.68884, 37.39657 ], [ -113.68874, 37.39661 ], [ -113.68863, 37.39663 ], [ -113.68857, 37.39662 ], [ -113.68852, 37.39659 ], [ -113.6885, 37.39655 ], [ -113.68844, 37.39638 ], [ -113.68838, 37.39625 ], [ -113.68826, 37.39604 ], [ -113.68819, 37.39593 ], [ -113.68811, 37.39586 ], [ -113.68806, 37.39584 ], [ -113.688, 37.39583 ], [ -113.68795, 37.39583 ], [ -113.6879, 37.39586 ], [ -113.68781, 37.39597 ], [ -113.68776, 37.39605 ], [ -113.68771, 37.39627 ], [ -113.68766, 37.39636 ], [ -113.68759, 37.39643 ], [ -113.6875, 37.39648 ], [ -113.6874, 37.39651 ], [ -113.68728, 37.39652 ], [ -113.68711, 37.39651 ], [ -113.68701, 37.39648 ], [ -113.68691, 37.39644 ], [ -113.68654, 37.39622 ], [ -113.68643, 37.39613 ], [ -113.68637, 37.39605 ], [ -113.68634, 37.39597 ], [ -113.6863, 37.39579 ], [ -113.68628, 37.39561 ], [ -113.68625, 37.39552 ], [ -113.6862, 37.39544 ], [ -113.68617, 37.39541 ], [ -113.68611, 37.39539 ], [ -113.68606, 37.3954 ], [ -113.68596, 37.39544 ], [ -113.68587, 37.3955 ], [ -113.68579, 37.39556 ], [ -113.68557, 37.39577 ], [ -113.68539, 37.396 ], [ -113.68524, 37.39614 ], [ -113.68511, 37.39622 ], [ -113.68506, 37.39624 ], [ -113.68501, 37.39626 ], [ -113.68496, 37.39627 ], [ -113.68484, 37.39626 ], [ -113.68479, 37.39625 ], [ -113.68474, 37.39623 ], [ -113.68461, 37.39614 ], [ -113.68447, 37.39606 ], [ -113.68438, 37.39601 ], [ -113.68427, 37.39598 ], [ -113.68383, 37.39592 ], [ -113.6834, 37.3958 ], [ -113.68324, 37.39576 ], [ -113.68318, 37.39575 ], [ -113.68313, 37.39576 ], [ -113.68307, 37.39578 ], [ -113.68304, 37.39581 ], [ -113.683, 37.3959 ], [ -113.68299, 37.39599 ], [ -113.68301, 37.39612 ], [ -113.68304, 37.39621 ], [ -113.68309, 37.39629 ], [ -113.68331, 37.39655 ], [ -113.68335, 37.39663 ], [ -113.68337, 37.39672 ], [ -113.68338, 37.39677 ], [ -113.68336, 37.39681 ], [ -113.68333, 37.39685 ], [ -113.68324, 37.3969 ], [ -113.68318, 37.39691 ], [ -113.68307, 37.3969 ], [ -113.68286, 37.39683 ], [ -113.6827, 37.3968 ], [ -113.68248, 37.39676 ], [ -113.68214, 37.39674 ], [ -113.68197, 37.39674 ], [ -113.68147, 37.39669 ], [ -113.68133, 37.39671 ], [ -113.68127, 37.39679 ], [ -113.68126, 37.39683 ], [ -113.6812, 37.39705 ], [ -113.68108, 37.39744 ], [ -113.68101, 37.3978 ], [ -113.68094, 37.39802 ], [ -113.68092, 37.39811 ], [ -113.6809, 37.39824 ], [ -113.6809, 37.39833 ], [ -113.68097, 37.39855 ], [ -113.68098, 37.39859 ], [ -113.68097, 37.39873 ], [ -113.68095, 37.39886 ], [ -113.68091, 37.39895 ], [ -113.68084, 37.39907 ], [ -113.68072, 37.39923 ], [ -113.68059, 37.39937 ], [ -113.68048, 37.39953 ], [ -113.68043, 37.39966 ], [ -113.68042, 37.39975 ], [ -113.68042, 37.39982 ], [ -113.68043, 37.39997 ], [ -113.68043, 37.40015 ], [ -113.68041, 37.40033 ], [ -113.68039, 37.40042 ], [ -113.68032, 37.40059 ], [ -113.68024, 37.40071 ], [ -113.68021, 37.40074 ], [ -113.67988, 37.40079 ], [ -113.67941, 37.40082 ], [ -113.67935, 37.40082 ], [ -113.67931, 37.40081 ], [ -113.67927, 37.40079 ], [ -113.67922, 37.40071 ], [ -113.67916, 37.40052 ], [ -113.67907, 37.40031 ], [ -113.67905, 37.40022 ], [ -113.67901, 37.40021 ], [ -113.67896, 37.40024 ], [ -113.67868, 37.40048 ], [ -113.67864, 37.4005 ], [ -113.67859, 37.40051 ], [ -113.67848, 37.40049 ], [ -113.67842, 37.4005 ], [ -113.67837, 37.40052 ], [ -113.67828, 37.40057 ], [ -113.67807, 37.40072 ], [ -113.678, 37.40079 ], [ -113.67797, 37.40083 ], [ -113.67785, 37.40104 ], [ -113.67768, 37.40122 ], [ -113.67758, 37.40133 ], [ -113.67753, 37.4014 ], [ -113.67749, 37.40149 ], [ -113.67747, 37.40153 ], [ -113.67746, 37.40167 ], [ -113.67744, 37.40176 ], [ -113.67734, 37.40187 ], [ -113.67729, 37.4019 ], [ -113.6772, 37.40196 ], [ -113.67711, 37.402 ], [ -113.67705, 37.402 ], [ -113.677, 37.40198 ], [ -113.67694, 37.40195 ], [ -113.67686, 37.40189 ], [ -113.67659, 37.40164 ], [ -113.67651, 37.40158 ], [ -113.67646, 37.40157 ], [ -113.67642, 37.40158 ], [ -113.67637, 37.4016 ], [ -113.67629, 37.40168 ], [ -113.67624, 37.40176 ], [ -113.67619, 37.40194 ], [ -113.67617, 37.40216 ], [ -113.67614, 37.40225 ], [ -113.6761, 37.40238 ], [ -113.67606, 37.40246 ], [ -113.67574, 37.40284 ], [ -113.67566, 37.40296 ], [ -113.67554, 37.40306 ], [ -113.67545, 37.40311 ], [ -113.6754, 37.4031 ], [ -113.67535, 37.40308 ], [ -113.67531, 37.40304 ], [ -113.67528, 37.403 ], [ -113.67527, 37.40296 ], [ -113.67527, 37.40282 ], [ -113.67526, 37.40268 ], [ -113.67522, 37.40246 ], [ -113.67518, 37.40232 ], [ -113.67519, 37.40224 ], [ -113.6752, 37.40219 ], [ -113.67528, 37.40207 ], [ -113.67532, 37.40194 ], [ -113.67532, 37.4019 ], [ -113.67529, 37.40186 ], [ -113.67525, 37.40183 ], [ -113.6752, 37.40182 ], [ -113.67514, 37.40183 ], [ -113.67504, 37.40185 ], [ -113.67497, 37.40191 ], [ -113.67449, 37.40273 ], [ -113.67446, 37.40278 ], [ -113.67433, 37.40298 ], [ -113.67423, 37.40309 ], [ -113.67409, 37.40317 ], [ -113.67389, 37.40325 ], [ -113.67373, 37.40331 ], [ -113.67369, 37.40333 ], [ -113.67365, 37.40337 ], [ -113.6736, 37.40344 ], [ -113.67354, 37.40357 ], [ -113.67346, 37.40381 ], [ -113.67342, 37.40387 ], [ -113.67338, 37.40391 ], [ -113.6732, 37.40401 ], [ -113.67292, 37.40416 ], [ -113.67267, 37.4043 ], [ -113.67238, 37.40444 ], [ -113.67192, 37.4047 ], [ -113.67172, 37.40479 ], [ -113.67162, 37.40483 ], [ -113.67146, 37.4049 ], [ -113.67113, 37.40507 ], [ -113.67085, 37.40522 ], [ -113.6704, 37.4055 ], [ -113.67026, 37.40557 ], [ -113.66944, 37.40597 ], [ -113.66883, 37.40629 ], [ -113.66855, 37.40645 ], [ -113.66834, 37.4066 ], [ -113.66824, 37.40664 ], [ -113.66809, 37.40669 ], [ -113.66772, 37.40682 ], [ -113.66758, 37.40688 ], [ -113.66745, 37.40697 ], [ -113.66713, 37.40723 ], [ -113.667, 37.40731 ], [ -113.6669, 37.40736 ], [ -113.66664, 37.40746 ], [ -113.66636, 37.4076 ], [ -113.66613, 37.40773 ], [ -113.666, 37.4078 ], [ -113.66596, 37.40783 ], [ -113.66574, 37.40803 ], [ -113.66562, 37.40813 ], [ -113.66539, 37.40826 ], [ -113.66523, 37.40835 ], [ -113.6647, 37.40869 ], [ -113.66462, 37.40876 ], [ -113.66456, 37.40883 ], [ -113.66451, 37.4089 ], [ -113.66441, 37.40907 ], [ -113.66429, 37.40922 ], [ -113.66424, 37.4093 ], [ -113.66416, 37.40947 ], [ -113.66412, 37.4096 ], [ -113.66406, 37.40973 ], [ -113.66403, 37.40976 ], [ -113.66398, 37.40978 ], [ -113.66387, 37.40981 ], [ -113.66375, 37.40982 ], [ -113.6637, 37.40983 ], [ -113.66367, 37.40987 ], [ -113.66363, 37.40991 ], [ -113.66357, 37.41003 ], [ -113.6635, 37.41011 ], [ -113.66335, 37.41024 ], [ -113.66326, 37.4103 ], [ -113.66325, 37.41034 ], [ -113.66328, 37.41047 ], [ -113.66328, 37.41052 ], [ -113.66326, 37.41056 ], [ -113.6632, 37.41064 ], [ -113.66315, 37.41066 ], [ -113.6631, 37.41067 ], [ -113.66304, 37.41066 ], [ -113.66299, 37.41064 ], [ -113.66296, 37.4106 ], [ -113.66293, 37.41056 ], [ -113.66285, 37.4103 ], [ -113.66278, 37.41018 ], [ -113.66275, 37.41014 ], [ -113.66265, 37.41009 ], [ -113.6626, 37.41007 ], [ -113.6625, 37.41006 ], [ -113.66233, 37.41009 ], [ -113.66211, 37.41011 ], [ -113.66205, 37.41012 ], [ -113.66194, 37.41015 ], [ -113.66184, 37.41019 ], [ -113.66171, 37.41027 ], [ -113.6615, 37.41043 ], [ -113.66137, 37.41051 ], [ -113.66128, 37.41057 ], [ -113.66113, 37.41062 ], [ -113.66096, 37.41065 ], [ -113.66079, 37.41068 ], [ -113.66069, 37.41071 ], [ -113.66061, 37.41077 ], [ -113.66041, 37.41093 ], [ -113.66029, 37.41103 ], [ -113.66024, 37.41105 ], [ -113.66018, 37.41106 ], [ -113.66012, 37.41106 ], [ -113.66007, 37.41106 ], [ -113.66002, 37.41104 ], [ -113.65997, 37.41101 ], [ -113.65985, 37.41092 ], [ -113.65953, 37.41066 ], [ -113.65936, 37.41054 ], [ -113.6593, 37.41046 ], [ -113.65923, 37.41029 ], [ -113.65921, 37.41025 ], [ -113.65911, 37.41014 ], [ -113.65903, 37.41008 ], [ -113.65893, 37.41004 ], [ -113.65876, 37.41001 ], [ -113.6587, 37.41 ], [ -113.65851, 37.4099 ], [ -113.65843, 37.40984 ], [ -113.65839, 37.40981 ], [ -113.65833, 37.40978 ], [ -113.65828, 37.40977 ], [ -113.65823, 37.40979 ], [ -113.65782, 37.41003 ], [ -113.65767, 37.41009 ], [ -113.6576, 37.41013 ], [ -113.65755, 37.41002 ], [ -113.65753, 37.40998 ], [ -113.65741, 37.40982 ], [ -113.65738, 37.40979 ], [ -113.65691, 37.4094 ], [ -113.65676, 37.40925 ], [ -113.65672, 37.40922 ], [ -113.65667, 37.40921 ], [ -113.65663, 37.40923 ], [ -113.65644, 37.40935 ], [ -113.65642, 37.40939 ], [ -113.6564, 37.40944 ], [ -113.65635, 37.40952 ], [ -113.65634, 37.40956 ], [ -113.65633, 37.40965 ], [ -113.65644, 37.40975 ], [ -113.65649, 37.40984 ], [ -113.6565, 37.40993 ], [ -113.65649, 37.40997 ], [ -113.65645, 37.41006 ], [ -113.65645, 37.4101 ], [ -113.65647, 37.41019 ], [ -113.65651, 37.41028 ], [ -113.65641, 37.41027 ], [ -113.6563, 37.41024 ], [ -113.6562, 37.4102 ], [ -113.65606, 37.41012 ], [ -113.65601, 37.41011 ], [ -113.6559, 37.41009 ], [ -113.65583, 37.41009 ], [ -113.65574, 37.4101 ], [ -113.65568, 37.41012 ], [ -113.65563, 37.41015 ], [ -113.65555, 37.41021 ], [ -113.65545, 37.41032 ], [ -113.65535, 37.41053 ], [ -113.65525, 37.41064 ], [ -113.65521, 37.41071 ], [ -113.65516, 37.4108 ], [ -113.65511, 37.41098 ], [ -113.65508, 37.41102 ], [ -113.65499, 37.41108 ], [ -113.65496, 37.41111 ], [ -113.65494, 37.41115 ], [ -113.65493, 37.4112 ], [ -113.65494, 37.41124 ], [ -113.65495, 37.41129 ], [ -113.65502, 37.41141 ], [ -113.6551, 37.41168 ], [ -113.65511, 37.41176 ], [ -113.65509, 37.41181 ], [ -113.65507, 37.41191 ], [ -113.65498, 37.41208 ], [ -113.65498, 37.41212 ], [ -113.655, 37.41216 ], [ -113.65511, 37.41232 ], [ -113.65534, 37.41253 ], [ -113.65537, 37.41257 ], [ -113.65536, 37.41261 ], [ -113.65533, 37.41263 ], [ -113.65528, 37.41266 ], [ -113.65517, 37.41271 ], [ -113.6549, 37.41278 ], [ -113.6547, 37.41286 ], [ -113.65461, 37.41291 ], [ -113.65449, 37.41301 ], [ -113.65444, 37.41306 ], [ -113.6544, 37.41314 ], [ -113.65439, 37.41323 ], [ -113.6544, 37.41336 ], [ -113.65447, 37.41349 ], [ -113.65448, 37.41353 ], [ -113.65448, 37.41357 ], [ -113.65446, 37.41362 ], [ -113.65443, 37.41366 ], [ -113.65435, 37.41373 ], [ -113.65414, 37.41381 ], [ -113.6541, 37.41383 ], [ -113.65406, 37.41387 ], [ -113.65401, 37.41395 ], [ -113.65397, 37.41408 ], [ -113.65396, 37.41413 ], [ -113.65394, 37.41431 ], [ -113.65392, 37.41435 ], [ -113.65388, 37.41438 ], [ -113.65379, 37.41444 ], [ -113.65369, 37.41447 ], [ -113.65352, 37.41449 ], [ -113.6534, 37.41449 ], [ -113.65323, 37.41448 ], [ -113.6529, 37.41444 ], [ -113.65284, 37.41444 ], [ -113.65273, 37.41447 ], [ -113.65268, 37.4145 ], [ -113.6526, 37.41455 ], [ -113.65252, 37.41462 ], [ -113.65247, 37.41465 ], [ -113.65242, 37.41467 ], [ -113.65237, 37.41468 ], [ -113.65232, 37.41466 ], [ -113.65228, 37.41463 ], [ -113.65205, 37.41442 ], [ -113.65185, 37.41427 ], [ -113.65171, 37.41418 ], [ -113.65166, 37.41416 ], [ -113.65156, 37.41414 ], [ -113.65143, 37.41416 ], [ -113.65116, 37.41424 ], [ -113.65089, 37.41429 ], [ -113.65072, 37.41433 ], [ -113.65062, 37.41437 ], [ -113.65043, 37.41446 ], [ -113.65019, 37.41458 ], [ -113.65004, 37.41465 ], [ -113.64964, 37.41465 ], [ -113.64952, 37.41466 ], [ -113.64942, 37.4147 ], [ -113.64933, 37.41475 ], [ -113.64916, 37.41487 ], [ -113.64901, 37.41501 ], [ -113.64862, 37.41541 ], [ -113.64853, 37.41553 ], [ -113.64847, 37.4157 ], [ -113.64844, 37.41592 ], [ -113.64841, 37.4161 ], [ -113.64838, 37.41619 ], [ -113.64824, 37.41653 ], [ -113.64821, 37.41662 ], [ -113.6482, 37.41674 ], [ -113.64819, 37.41684 ], [ -113.64821, 37.41698 ], [ -113.64821, 37.41707 ], [ -113.64815, 37.41724 ], [ -113.64811, 37.41751 ], [ -113.64806, 37.41764 ], [ -113.648, 37.41772 ], [ -113.64792, 37.41778 ], [ -113.64782, 37.41782 ], [ -113.64754, 37.41786 ], [ -113.64744, 37.41791 ], [ -113.64741, 37.41794 ], [ -113.64731, 37.41806 ], [ -113.64725, 37.41804 ], [ -113.64721, 37.41801 ], [ -113.64707, 37.41787 ], [ -113.64667, 37.41754 ], [ -113.64658, 37.41749 ], [ -113.64644, 37.41741 ], [ -113.64634, 37.41737 ], [ -113.64629, 37.41736 ], [ -113.6459, 37.41731 ], [ -113.64579, 37.41728 ], [ -113.64574, 37.41726 ], [ -113.64566, 37.41721 ], [ -113.6454, 37.41712 ], [ -113.64529, 37.41709 ], [ -113.64507, 37.41707 ], [ -113.64496, 37.41704 ], [ -113.64468, 37.41689 ], [ -113.64437, 37.41679 ], [ -113.64423, 37.41671 ], [ -113.64406, 37.41659 ], [ -113.64392, 37.41651 ], [ -113.64368, 37.41639 ], [ -113.64358, 37.41635 ], [ -113.64352, 37.41634 ], [ -113.64347, 37.41633 ], [ -113.64341, 37.41633 ], [ -113.64336, 37.41633 ], [ -113.64325, 37.41635 ], [ -113.64315, 37.41639 ], [ -113.64305, 37.41644 ], [ -113.6428, 37.41655 ], [ -113.64282, 37.41694 ], [ -113.6428, 37.41705 ], [ -113.64277, 37.41709 ], [ -113.64271, 37.41712 ], [ -113.64269, 37.41712 ], [ -113.64265, 37.41713 ], [ -113.64259, 37.41714 ], [ -113.64241, 37.41714 ], [ -113.64165, 37.41713 ], [ -113.64121, 37.41713 ], [ -113.64083, 37.41712 ], [ -113.64094, 37.41718 ], [ -113.64104, 37.41722 ], [ -113.64115, 37.41728 ], [ -113.64124, 37.41735 ], [ -113.64131, 37.41742 ], [ -113.64148, 37.41776 ], [ -113.64156, 37.41788 ], [ -113.6417, 37.41818 ], [ -113.64171, 37.41818 ], [ -113.64182, 37.41847 ], [ -113.64034, 37.41948 ], [ -113.63972, 37.41938 ], [ -113.63947, 37.4193 ], [ -113.63928, 37.41925 ], [ -113.63908, 37.41927 ], [ -113.63888, 37.41933 ], [ -113.63867, 37.4193 ], [ -113.63795, 37.41891 ], [ -113.63786, 37.41897 ], [ -113.63766, 37.41878 ], [ -113.63764, 37.41877 ], [ -113.63763, 37.41876 ], [ -113.63761, 37.41876 ], [ -113.6376, 37.41876 ], [ -113.63758, 37.41876 ], [ -113.63757, 37.41876 ], [ -113.63755, 37.41877 ], [ -113.63754, 37.41877 ], [ -113.63738, 37.41888 ], [ -113.63722, 37.419 ], [ -113.63715, 37.41905 ], [ -113.6371, 37.4191 ], [ -113.63705, 37.41915 ], [ -113.637, 37.41921 ], [ -113.63696, 37.41927 ], [ -113.63694, 37.4193 ], [ -113.63692, 37.41933 ], [ -113.63689, 37.4194 ], [ -113.63687, 37.41947 ], [ -113.63685, 37.41954 ], [ -113.63684, 37.41959 ], [ -113.63684, 37.41968 ], [ -113.63683, 37.41982 ], [ -113.63683, 37.41993 ], [ -113.63685, 37.42007 ], [ -113.63689, 37.42037 ], [ -113.63692, 37.42053 ], [ -113.63695, 37.42095 ], [ -113.63694, 37.42133 ], [ -113.63596, 37.42135 ], [ -113.63543, 37.42134 ], [ -113.6348, 37.42129 ], [ -113.6348, 37.42124 ], [ -113.63519, 37.42127 ], [ -113.63521, 37.42127 ], [ -113.63523, 37.42126 ], [ -113.63524, 37.42126 ], [ -113.63526, 37.42125 ], [ -113.63527, 37.42124 ], [ -113.63528, 37.42123 ], [ -113.63528, 37.42122 ], [ -113.63528, 37.4212 ], [ -113.63529, 37.42093 ], [ -113.63529, 37.42057 ], [ -113.63529, 37.42022 ], [ -113.63546, 37.42022 ], [ -113.63546, 37.42057 ], [ -113.63595, 37.42057 ], [ -113.63595, 37.42035 ], [ -113.63635, 37.42051 ], [ -113.63637, 37.42048 ], [ -113.63639, 37.42047 ], [ -113.63642, 37.42045 ], [ -113.63645, 37.42044 ], [ -113.63648, 37.42043 ], [ -113.63651, 37.42043 ], [ -113.63654, 37.42043 ], [ -113.63657, 37.42044 ], [ -113.63659, 37.42044 ], [ -113.63662, 37.42044 ], [ -113.63664, 37.42044 ], [ -113.63665, 37.42043 ], [ -113.63667, 37.42041 ], [ -113.63668, 37.4204 ], [ -113.63668, 37.42038 ], [ -113.63668, 37.42036 ], [ -113.63667, 37.42033 ], [ -113.63666, 37.42027 ], [ -113.63666, 37.42022 ], [ -113.63606, 37.42021 ], [ -113.63638, 37.41999 ], [ -113.63636, 37.41997 ], [ -113.63635, 37.41996 ], [ -113.63633, 37.41995 ], [ -113.63632, 37.41993 ], [ -113.63631, 37.41991 ], [ -113.6363, 37.41989 ], [ -113.6363, 37.41987 ], [ -113.6363, 37.41985 ], [ -113.6363, 37.41984 ], [ -113.63631, 37.41982 ], [ -113.63632, 37.4198 ], [ -113.63633, 37.41979 ], [ -113.63635, 37.41978 ], [ -113.63636, 37.41976 ], [ -113.63638, 37.41975 ], [ -113.6364, 37.41974 ], [ -113.63622, 37.41945 ], [ -113.63666, 37.41946 ], [ -113.63666, 37.4194 ], [ -113.63666, 37.41934 ], [ -113.63665, 37.41928 ], [ -113.63663, 37.41923 ], [ -113.63662, 37.41918 ], [ -113.6366, 37.41913 ], [ -113.63658, 37.41908 ], [ -113.63655, 37.41903 ], [ -113.63653, 37.41899 ], [ -113.63649, 37.41894 ], [ -113.63643, 37.41886 ], [ -113.63641, 37.41882 ], [ -113.63639, 37.41879 ], [ -113.63637, 37.41875 ], [ -113.63636, 37.41871 ], [ -113.63634, 37.41866 ], [ -113.63633, 37.41861 ], [ -113.63633, 37.41856 ], [ -113.63633, 37.41851 ], [ -113.63633, 37.41825 ], [ -113.63633, 37.41799 ], [ -113.63633, 37.41773 ], [ -113.63633, 37.41747 ], [ -113.63634, 37.41726 ], [ -113.63633, 37.41725 ], [ -113.63633, 37.41723 ], [ -113.63631, 37.41722 ], [ -113.63629, 37.4172 ], [ -113.63627, 37.4172 ], [ -113.63626, 37.41719 ], [ -113.63598, 37.41719 ], [ -113.63598, 37.41711 ], [ -113.63551, 37.41711 ], [ -113.6352, 37.41711 ], [ -113.63491, 37.41711 ], [ -113.63463, 37.4171 ], [ -113.63388, 37.4171 ], [ -113.63367, 37.4171 ], [ -113.63336, 37.4171 ], [ -113.63298, 37.41709 ], [ -113.63281, 37.4171 ], [ -113.63248, 37.41709 ], [ -113.63222, 37.4171 ], [ -113.63202, 37.41709 ], [ -113.63204, 37.41699 ], [ -113.62914, 37.41698 ], [ -113.62914, 37.41712 ], [ -113.62896, 37.41712 ], [ -113.6268, 37.41713 ], [ -113.62673, 37.41713 ], [ -113.62673, 37.41712 ], [ -113.62662, 37.41711 ], [ -113.62627, 37.41706 ], [ -113.62593, 37.41702 ], [ -113.62559, 37.41699 ], [ -113.62547, 37.41697 ], [ -113.62523, 37.41697 ], [ -113.62445, 37.41697 ], [ -113.62445, 37.41711 ], [ -113.62445, 37.41754 ], [ -113.62445, 37.41777 ], [ -113.62445, 37.41798 ], [ -113.62355, 37.41763 ], [ -113.62354, 37.41765 ], [ -113.62352, 37.41767 ], [ -113.6235, 37.41768 ], [ -113.62348, 37.41769 ], [ -113.62346, 37.4177 ], [ -113.62344, 37.41771 ], [ -113.62341, 37.41771 ], [ -113.62339, 37.41771 ], [ -113.62337, 37.41771 ], [ -113.62335, 37.4177 ], [ -113.62332, 37.4177 ], [ -113.62327, 37.41767 ], [ -113.62325, 37.41767 ], [ -113.62324, 37.41767 ], [ -113.62274, 37.41774 ], [ -113.62286, 37.41827 ], [ -113.623, 37.41825 ], [ -113.62332, 37.4182 ], [ -113.62386, 37.41813 ], [ -113.62369, 37.41864 ], [ -113.62372, 37.41865 ], [ -113.62374, 37.41866 ], [ -113.62376, 37.41868 ], [ -113.62378, 37.41869 ], [ -113.6238, 37.41871 ], [ -113.62381, 37.41873 ], [ -113.62382, 37.41875 ], [ -113.62382, 37.41877 ], [ -113.62382, 37.4188 ], [ -113.62381, 37.41882 ], [ -113.6238, 37.41884 ], [ -113.62379, 37.41886 ], [ -113.62376, 37.41888 ], [ -113.62374, 37.41889 ], [ -113.62371, 37.41891 ], [ -113.62366, 37.41891 ], [ -113.62364, 37.41891 ], [ -113.62361, 37.41891 ], [ -113.62392, 37.41936 ], [ -113.62391, 37.41936 ], [ -113.62376, 37.41982 ], [ -113.62378, 37.41983 ], [ -113.62381, 37.41984 ], [ -113.62383, 37.41985 ], [ -113.62385, 37.41987 ], [ -113.62387, 37.4199 ], [ -113.62388, 37.41993 ], [ -113.62389, 37.41995 ], [ -113.62388, 37.41997 ], [ -113.62388, 37.41999 ], [ -113.62387, 37.42002 ], [ -113.62386, 37.42003 ], [ -113.62384, 37.42004 ], [ -113.62381, 37.42007 ], [ -113.62425, 37.42059 ], [ -113.62367, 37.4206 ], [ -113.62329, 37.4206 ], [ -113.62328, 37.4206 ], [ -113.62308, 37.4206 ], [ -113.62319, 37.42169 ], [ -113.62251, 37.42163 ], [ -113.62242, 37.4206 ], [ -113.62158, 37.42138 ], [ -113.62155, 37.42137 ], [ -113.62153, 37.42136 ], [ -113.62151, 37.42135 ], [ -113.62148, 37.42135 ], [ -113.62146, 37.42135 ], [ -113.62143, 37.42135 ], [ -113.6214, 37.42135 ], [ -113.62138, 37.42136 ], [ -113.62095, 37.42073 ], [ -113.6205, 37.42155 ], [ -113.6204, 37.42152 ], [ -113.62029, 37.42149 ], [ -113.62018, 37.42147 ], [ -113.62007, 37.42146 ], [ -113.61997, 37.42145 ], [ -113.61991, 37.42145 ], [ -113.61951, 37.42145 ], [ -113.61888, 37.42145 ], [ -113.61824, 37.42145 ], [ -113.61761, 37.42146 ], [ -113.61703, 37.42146 ], [ -113.61701, 37.42145 ], [ -113.61699, 37.42144 ], [ -113.61699, 37.42153 ], [ -113.61176, 37.42153 ], [ -113.61176, 37.42147 ], [ -113.61177, 37.42148 ], [ -113.61178, 37.42148 ], [ -113.61236, 37.42148 ], [ -113.61299, 37.42147 ], [ -113.61362, 37.42147 ], [ -113.61426, 37.42147 ], [ -113.61489, 37.42147 ], [ -113.61553, 37.42146 ], [ -113.61616, 37.42146 ], [ -113.61673, 37.42146 ], [ -113.61674, 37.42146 ], [ -113.61676, 37.42145 ], [ -113.61677, 37.42145 ], [ -113.61678, 37.42144 ], [ -113.61679, 37.42143 ], [ -113.61679, 37.42142 ], [ -113.6168, 37.42141 ], [ -113.61679, 37.42063 ], [ -113.61648, 37.42063 ], [ -113.61648, 37.41713 ], [ -113.61077, 37.41726 ], [ -113.61071, 37.41737 ], [ -113.61055, 37.4175 ], [ -113.61027, 37.41761 ], [ -113.60999, 37.41777 ], [ -113.60937, 37.4187 ], [ -113.60912, 37.41935 ], [ -113.60896, 37.41961 ], [ -113.60872, 37.42022 ], [ -113.60836, 37.42102 ], [ -113.60811, 37.42176 ], [ -113.6078, 37.42246 ], [ -113.60737, 37.42311 ], [ -113.60662, 37.42393 ], [ -113.60644, 37.42417 ], [ -113.60631, 37.42426 ], [ -113.60631, 37.42429 ], [ -113.6063, 37.42507 ], [ -113.60605, 37.42559 ], [ -113.60584, 37.42645 ], [ -113.60568, 37.4268 ], [ -113.60579, 37.42731 ], [ -113.60577, 37.42795 ], [ -113.60567, 37.4286 ], [ -113.6056, 37.42922 ], [ -113.60556, 37.42991 ], [ -113.60551, 37.43037 ], [ -113.6056, 37.4313 ], [ -113.6056, 37.43131 ], [ -113.60569, 37.43155 ], [ -113.60616, 37.43241 ], [ -113.60635, 37.43321 ], [ -113.60637, 37.4337 ], [ -113.60644, 37.43397 ], [ -113.60685, 37.4347 ], [ -113.60685, 37.43501 ], [ -113.60663, 37.4352 ], [ -113.60648, 37.43544 ], [ -113.60622, 37.4362 ], [ -113.60618, 37.43626 ], [ -113.60606, 37.43641 ], [ -113.60589, 37.43659 ], [ -113.60565, 37.4369 ], [ -113.6053, 37.43741 ], [ -113.60502, 37.43769 ], [ -113.60483, 37.43792 ], [ -113.60475, 37.43798 ], [ -113.60466, 37.43803 ], [ -113.60458, 37.4381 ], [ -113.60437, 37.43837 ], [ -113.60418, 37.43864 ], [ -113.60395, 37.4389 ], [ -113.60384, 37.439 ], [ -113.60364, 37.43916 ], [ -113.60351, 37.43924 ], [ -113.60336, 37.43931 ], [ -113.60284, 37.43949 ], [ -113.60274, 37.43953 ], [ -113.60243, 37.43973 ], [ -113.60203, 37.43997 ], [ -113.60165, 37.44024 ], [ -113.60129, 37.44046 ], [ -113.60053, 37.44084 ], [ -113.6002, 37.44102 ], [ -113.59986, 37.44118 ], [ -113.59972, 37.44126 ], [ -113.59963, 37.44131 ], [ -113.59947, 37.44144 ], [ -113.59909, 37.44164 ], [ -113.59882, 37.4418 ], [ -113.59865, 37.44192 ], [ -113.59839, 37.44209 ], [ -113.59827, 37.44218 ], [ -113.598, 37.44242 ], [ -113.59783, 37.44254 ], [ -113.59766, 37.44265 ], [ -113.59756, 37.4427 ], [ -113.5975, 37.44271 ], [ -113.59739, 37.44272 ], [ -113.59728, 37.44271 ], [ -113.59718, 37.44275 ], [ -113.59703, 37.44281 ], [ -113.59701, 37.44291 ], [ -113.59699, 37.44339 ], [ -113.59701, 37.44357 ], [ -113.59708, 37.44384 ], [ -113.59711, 37.44392 ], [ -113.5973, 37.44402 ], [ -113.59738, 37.44409 ], [ -113.59745, 37.44416 ], [ -113.59747, 37.4442 ], [ -113.59748, 37.44434 ], [ -113.59753, 37.44451 ], [ -113.59753, 37.4446 ], [ -113.59751, 37.44474 ], [ -113.59737, 37.44503 ], [ -113.59731, 37.44511 ], [ -113.59729, 37.44515 ], [ -113.5973, 37.44519 ], [ -113.59733, 37.44524 ], [ -113.59736, 37.44526 ], [ -113.59766, 37.44541 ], [ -113.59769, 37.44544 ], [ -113.59776, 37.44557 ], [ -113.59787, 37.44567 ], [ -113.59793, 37.44575 ], [ -113.59799, 37.4459 ], [ -113.5886, 37.44591 ], [ -113.58822, 37.48742 ], [ -113.5021, 37.48749 ], [ -113.49747, 37.48749 ], [ -113.49686, 37.48749 ], [ -113.49365, 37.4875 ], [ -113.47927, 37.48751 ], [ -113.3624, 37.4876 ], [ -113.3296, 37.48762 ], [ -113.32707, 37.48768 ], [ -113.32672, 37.48769 ], [ -113.327, 37.48424 ], [ -113.32707, 37.48341 ], [ -113.32729, 37.48074 ], [ -113.32713, 37.47663 ], [ -113.32709, 37.47561 ], [ -113.32707, 37.47512 ], [ -113.327, 37.47328 ], [ -113.32678, 37.46776 ], [ -113.32638, 37.45723 ], [ -113.32562, 37.43756 ], [ -113.32558, 37.43639 ], [ -113.34613, 37.41846 ], [ -113.36669, 37.40051 ], [ -113.39672, 37.3743 ], [ -113.42675, 37.34808 ], [ -113.45127, 37.32666 ], [ -113.47579, 37.30523 ], [ -113.49046, 37.29241 ], [ -113.51283, 37.27285 ], [ -113.51818, 37.27284 ], [ -113.58831, 37.27263 ], [ -113.58833, 37.25717 ], [ -113.58835, 37.24398 ], [ -113.58835, 37.24105 ], [ -113.58835, 37.23984 ], [ -113.58835, 37.2398 ], [ -113.58835, 37.23979 ], [ -113.588350050335578, 37.23977005033354 ], [ -113.58837, 37.2279 ], [ -113.58837, 37.22789 ], [ -113.58833, 37.2277 ], [ -113.58386, 37.20729 ], [ -113.58381, 37.20709 ], [ -113.58379, 37.20705 ], [ -113.58369, 37.20687 ], [ -113.58368, 37.20686 ], [ -113.58364, 37.20683 ], [ -113.5836, 37.20676 ], [ -113.58359, 37.20673 ], [ -113.58349, 37.20662 ], [ -113.58336, 37.2065 ], [ -113.58328, 37.20643 ], [ -113.58326, 37.20642 ], [ -113.58319, 37.20635 ], [ -113.58311, 37.20627 ], [ -113.58305, 37.20621 ], [ -113.5829, 37.20607 ], [ -113.58269, 37.20585 ], [ -113.58262, 37.20578 ], [ -113.58253, 37.20567 ], [ -113.58238, 37.20552 ], [ -113.58228, 37.20542 ], [ -113.58216, 37.20529 ], [ -113.58213, 37.20526 ], [ -113.58197, 37.20511 ], [ -113.581816153846233, 37.204936923077 ], [ -113.58179, 37.20491 ], [ -113.581783333333277, 37.204902222222167 ], [ -113.58157, 37.20468 ], [ -113.5811, 37.20424 ], [ -113.581, 37.20412 ], [ -113.5809, 37.20402 ], [ -113.58084, 37.20393 ], [ -113.58081, 37.20384 ], [ -113.58079, 37.20374 ], [ -113.58079, 37.20364 ], [ -113.5808, 37.20354 ], [ -113.58084, 37.20344 ], [ -113.58092, 37.20327 ], [ -113.581, 37.2031 ], [ -113.58105, 37.20297 ], [ -113.58121, 37.2026 ], [ -113.58141, 37.20214 ], [ -113.5815, 37.20191 ], [ -113.58159, 37.2017 ], [ -113.58165, 37.20158 ], [ -113.58173, 37.20138 ], [ -113.5818, 37.20123 ], [ -113.58186, 37.20107 ], [ -113.5819, 37.20095 ], [ -113.58197, 37.20076 ], [ -113.58203, 37.20059 ], [ -113.5821, 37.20044 ], [ -113.58221, 37.20019 ], [ -113.5823, 37.19995 ], [ -113.58239, 37.19979 ], [ -113.58251, 37.19963 ], [ -113.58253, 37.19961 ], [ -113.58261, 37.19952 ], [ -113.5828, 37.19933 ], [ -113.58291, 37.19922 ], [ -113.58303, 37.19908 ], [ -113.58309, 37.19898 ], [ -113.58311, 37.19891 ], [ -113.58313, 37.19881 ], [ -113.58313, 37.19874 ], [ -113.58311, 37.19867 ], [ -113.58309, 37.19861 ], [ -113.58307, 37.19856 ], [ -113.58302, 37.1985 ], [ -113.58298, 37.19846 ], [ -113.58294, 37.19844 ], [ -113.58292, 37.19843 ], [ -113.58276, 37.19836 ], [ -113.5826, 37.19828 ], [ -113.58251, 37.19823 ], [ -113.58248, 37.19821 ], [ -113.58244, 37.19818 ], [ -113.58241, 37.19815 ], [ -113.58237, 37.19811 ], [ -113.58231, 37.19806 ], [ -113.58226, 37.19801 ], [ -113.58219, 37.19793 ], [ -113.58209, 37.1978 ], [ -113.58198, 37.19763 ], [ -113.58194, 37.19753 ], [ -113.58191, 37.19743 ], [ -113.58189, 37.1973 ], [ -113.58186, 37.1971 ], [ -113.58183, 37.1964 ], [ -113.58183, 37.19625 ], [ -113.58181, 37.19605 ], [ -113.58179, 37.19577 ], [ -113.58178, 37.19554 ], [ -113.58173, 37.19515 ], [ -113.58167, 37.1947 ], [ -113.58164, 37.19445 ], [ -113.58163, 37.19436 ], [ -113.58162, 37.19429 ], [ -113.58163, 37.19412 ], [ -113.58163, 37.19395 ], [ -113.58162, 37.19385 ], [ -113.58162, 37.19366 ], [ -113.5816, 37.1935 ], [ -113.58156, 37.19314 ], [ -113.58154, 37.193 ], [ -113.58149, 37.19284 ], [ -113.58143, 37.19269 ], [ -113.58139, 37.19262 ], [ -113.58132, 37.19251 ], [ -113.58133, 37.1925 ], [ -113.58188, 37.19208 ], [ -113.58108, 37.1694 ], [ -113.58005, 37.1399 ], [ -113.5777, 37.13996 ], [ -113.5686, 37.14019 ], [ -113.56583, 37.14026 ], [ -113.56582, 37.14026 ], [ -113.5658, 37.14021 ], [ -113.56576, 37.14008 ], [ -113.5656, 37.13978 ], [ -113.56556, 37.1397 ], [ -113.56545, 37.1395 ], [ -113.56536, 37.13933 ], [ -113.56527, 37.13915 ], [ -113.56514, 37.13893 ], [ -113.565, 37.13871 ], [ -113.56486, 37.13847 ], [ -113.56458, 37.13799 ], [ -113.56422, 37.13742 ], [ -113.56395, 37.13703 ], [ -113.56382, 37.13682 ], [ -113.56359, 37.1365 ], [ -113.56357, 37.13646 ], [ -113.56339, 37.13618 ], [ -113.56309, 37.13572 ], [ -113.56288, 37.13542 ], [ -113.56263, 37.13503 ], [ -113.56244, 37.13477 ], [ -113.56185, 37.13389 ], [ -113.56141, 37.13319 ], [ -113.5612, 37.13286 ], [ -113.56073, 37.13214 ], [ -113.56039, 37.13163 ], [ -113.5601, 37.13122 ], [ -113.55974, 37.13073 ], [ -113.55931, 37.13012 ], [ -113.55927, 37.13007 ], [ -113.55893, 37.12971 ], [ -113.55867, 37.12952 ], [ -113.55835, 37.12939 ], [ -113.55797, 37.12927 ], [ -113.5578, 37.12923 ], [ -113.55761, 37.12922 ], [ -113.55747, 37.1292 ], [ -113.5573, 37.12919 ], [ -113.55717, 37.12918 ], [ -113.55707, 37.12915 ], [ -113.55699, 37.12913 ], [ -113.5569, 37.1291 ], [ -113.55675, 37.12903 ], [ -113.55673, 37.12902 ], [ -113.55651, 37.12889 ], [ -113.5565, 37.12888 ], [ -113.55645, 37.12884 ], [ -113.55634, 37.12875 ], [ -113.55624, 37.12863 ], [ -113.55623, 37.12861 ], [ -113.55618, 37.12846 ], [ -113.55615, 37.12824 ], [ -113.55613, 37.12807 ], [ -113.55612, 37.12795 ], [ -113.5561, 37.12784 ], [ -113.55607, 37.12776 ], [ -113.55604, 37.12767 ], [ -113.55596, 37.12758 ], [ -113.5559, 37.12747 ], [ -113.55579, 37.12734 ], [ -113.55566, 37.12719 ], [ -113.55549, 37.12702 ], [ -113.55534, 37.12686 ], [ -113.55526, 37.12676 ], [ -113.55514, 37.12664 ], [ -113.55496, 37.12644 ], [ -113.55491, 37.12632 ], [ -113.55488, 37.12622 ], [ -113.55487, 37.12612 ], [ -113.55487, 37.12603 ], [ -113.55488, 37.12597 ], [ -113.55492, 37.12581 ], [ -113.55493, 37.12578 ], [ -113.55495, 37.12572 ], [ -113.55496, 37.1257 ], [ -113.55504, 37.12554 ], [ -113.55513, 37.12531 ], [ -113.55514, 37.12527 ], [ -113.55516, 37.12524 ], [ -113.55517, 37.12518 ], [ -113.55518, 37.12517 ], [ -113.55514, 37.12486 ], [ -113.55513, 37.12475 ], [ -113.55513, 37.12471 ], [ -113.55508, 37.12457 ], [ -113.55505, 37.12443 ], [ -113.55495, 37.12423 ], [ -113.55487, 37.12408 ], [ -113.55475, 37.12393 ], [ -113.55465, 37.12381 ], [ -113.55455, 37.12371 ], [ -113.55452, 37.12368 ], [ -113.5544, 37.12354 ], [ -113.55429, 37.12343 ], [ -113.5542, 37.12336 ], [ -113.5542, 37.12333 ], [ -113.5542, 37.12325 ], [ -113.55413, 37.12325 ], [ -113.55406, 37.12324 ], [ -113.55405, 37.12324 ], [ -113.55396, 37.12317 ], [ -113.55453, 37.12287 ], [ -113.55503, 37.12266 ], [ -113.55523, 37.1226 ], [ -113.55531, 37.12258 ], [ -113.55537, 37.12257 ], [ -113.55543, 37.12257 ], [ -113.55552, 37.12258 ], [ -113.55561, 37.12259 ], [ -113.55584, 37.12267 ], [ -113.55615, 37.1228 ], [ -113.55672, 37.12308 ], [ -113.55698, 37.1232 ], [ -113.55711, 37.12325 ], [ -113.55724, 37.12328 ], [ -113.55736, 37.1233 ], [ -113.5575, 37.12328 ], [ -113.5576, 37.12323 ], [ -113.55765, 37.1232 ], [ -113.5577, 37.12316 ], [ -113.55778, 37.12304 ], [ -113.55782, 37.12289 ], [ -113.55791, 37.12218 ], [ -113.55798, 37.12199 ], [ -113.55849, 37.12135 ], [ -113.55932, 37.12192 ], [ -113.5595, 37.122 ], [ -113.55974, 37.12209 ], [ -113.56058, 37.12213 ], [ -113.56224, 37.12209 ], [ -113.56224, 37.12218 ], [ -113.56224, 37.12219 ], [ -113.56278, 37.12219 ], [ -113.56297, 37.12218 ], [ -113.56323, 37.12218 ], [ -113.56392, 37.12218 ], [ -113.56392, 37.12146 ], [ -113.56393, 37.1178 ], [ -113.56459, 37.1178 ], [ -113.56458, 37.11775 ], [ -113.56472, 37.11755 ], [ -113.56484, 37.11747 ], [ -113.56494, 37.11733 ], [ -113.56549, 37.11697 ], [ -113.56583, 37.11667 ], [ -113.56606, 37.11703 ], [ -113.56618, 37.11716 ], [ -113.56645, 37.11724 ], [ -113.5668, 37.11724 ], [ -113.56759, 37.11745 ], [ -113.56792, 37.1175 ], [ -113.5685, 37.11754 ], [ -113.56853, 37.11754 ], [ -113.56909, 37.11764 ], [ -113.56945, 37.11769 ], [ -113.56946, 37.11778 ], [ -113.57359, 37.11775 ], [ -113.57361, 37.11772 ], [ -113.57357, 37.11746 ], [ -113.57362, 37.11731 ], [ -113.57375, 37.11715 ], [ -113.57397, 37.11695 ], [ -113.57414, 37.11658 ], [ -113.57372, 37.11658 ], [ -113.57367, 37.11409 ], [ -113.57367, 37.11405 ], [ -113.57336, 37.11405 ], [ -113.57296, 37.11401 ], [ -113.57293, 37.11401 ], [ -113.57242, 37.11399 ], [ -113.57216, 37.11398 ], [ -113.57207, 37.11401 ], [ -113.572, 37.11404 ], [ -113.57196, 37.11405 ], [ -113.57181, 37.11407 ], [ -113.57151, 37.11407 ], [ -113.57151, 37.11404 ], [ -113.57151, 37.11391 ], [ -113.57155, 37.11389 ], [ -113.57161, 37.11385 ], [ -113.57167, 37.1138 ], [ -113.57169, 37.11378 ], [ -113.57174, 37.11372 ], [ -113.57177, 37.11368 ], [ -113.57178, 37.11365 ], [ -113.5718, 37.11361 ], [ -113.57182, 37.11357 ], [ -113.57183, 37.11353 ], [ -113.57184, 37.11349 ], [ -113.57185, 37.11344 ], [ -113.57185, 37.1134 ], [ -113.57185, 37.11336 ], [ -113.57184, 37.11329 ], [ -113.57184, 37.11323 ], [ -113.57186, 37.11309 ], [ -113.57187, 37.11306 ], [ -113.57189, 37.11304 ], [ -113.5719, 37.11303 ], [ -113.57192, 37.11302 ], [ -113.57221, 37.11309 ], [ -113.57221, 37.11311 ], [ -113.57272, 37.11323 ], [ -113.57282, 37.11325 ], [ -113.57293, 37.11327 ], [ -113.57314, 37.1133 ], [ -113.57315, 37.1131 ], [ -113.57365, 37.11316 ], [ -113.57468, 37.11328 ], [ -113.57509, 37.11333 ], [ -113.57586, 37.11343 ], [ -113.57629, 37.11353 ], [ -113.57659, 37.11361 ], [ -113.57683, 37.1137 ], [ -113.57719, 37.11387 ], [ -113.57747, 37.11406 ], [ -113.57771, 37.11425 ], [ -113.578, 37.11448 ], [ -113.57813, 37.11456 ], [ -113.57841, 37.11471 ], [ -113.57891, 37.11488 ], [ -113.57962, 37.11509 ], [ -113.57995, 37.11526 ], [ -113.58022, 37.11545 ], [ -113.58033, 37.11557 ], [ -113.58046, 37.11576 ], [ -113.58057, 37.11597 ], [ -113.58064, 37.11623 ], [ -113.58071, 37.11658 ], [ -113.58085, 37.1168 ], [ -113.58099, 37.11701 ], [ -113.58123, 37.11725 ], [ -113.58149, 37.11753 ], [ -113.58179, 37.11787 ], [ -113.58193, 37.11778 ], [ -113.58201, 37.1177 ], [ -113.58209, 37.1177 ], [ -113.58203, 37.1178 ], [ -113.58204, 37.11788 ], [ -113.58227, 37.11824 ], [ -113.58247, 37.11847 ], [ -113.58263, 37.11872 ], [ -113.58285, 37.1191 ], [ -113.58303, 37.11937 ], [ -113.58315, 37.11963 ], [ -113.58326, 37.11988 ], [ -113.58351, 37.12048 ], [ -113.58361, 37.12087 ], [ -113.58373, 37.12122 ], [ -113.58715, 37.12123 ], [ -113.58715, 37.12134 ], [ -113.58716, 37.12145 ], [ -113.58952, 37.12142 ], [ -113.58966, 37.12141 ], [ -113.59041, 37.1214 ], [ -113.5904, 37.12131 ], [ -113.59038, 37.12 ], [ -113.58983, 37.11999 ], [ -113.58983, 37.11991 ], [ -113.59027, 37.11991 ], [ -113.59055, 37.11992 ], [ -113.59077, 37.11992 ], [ -113.59084, 37.11992 ], [ -113.59113, 37.11992 ], [ -113.59128, 37.11992 ], [ -113.59128, 37.12013 ], [ -113.59171, 37.12013 ], [ -113.59171, 37.12004 ], [ -113.59179, 37.12003 ], [ -113.59195, 37.12 ], [ -113.59263, 37.12003 ], [ -113.59335, 37.12005 ], [ -113.59335, 37.12012 ], [ -113.59267, 37.12012 ], [ -113.59268, 37.12126 ], [ -113.59381, 37.12126 ], [ -113.5938, 37.12068 ], [ -113.59438, 37.12067 ], [ -113.59494, 37.12066 ], [ -113.59495, 37.12066 ], [ -113.5951, 37.12075 ], [ -113.59528, 37.12086 ], [ -113.59529, 37.12086 ], [ -113.5953, 37.12085 ], [ -113.59543, 37.12093 ], [ -113.59569, 37.12082 ], [ -113.59594, 37.12101 ], [ -113.59595, 37.12096 ], [ -113.59597, 37.12092 ], [ -113.59599, 37.12087 ], [ -113.59603, 37.12083 ], [ -113.59612, 37.12076 ], [ -113.59616, 37.12079 ], [ -113.59627, 37.12068 ], [ -113.59808, 37.12202 ], [ -113.5988, 37.12265 ], [ -113.59901, 37.12282 ], [ -113.59916, 37.12293 ], [ -113.59938, 37.12302 ], [ -113.59974, 37.12308 ], [ -113.59841, 37.12014 ], [ -113.59801, 37.11923 ], [ -113.59819, 37.11921 ], [ -113.59871, 37.11921 ], [ -113.5989, 37.11924 ], [ -113.59906, 37.11928 ], [ -113.5992, 37.11934 ], [ -113.59935, 37.11944 ], [ -113.59979, 37.11984 ], [ -113.60028, 37.12028 ], [ -113.6004, 37.12037 ], [ -113.60052, 37.12043 ], [ -113.60062, 37.12048 ], [ -113.60073, 37.12051 ], [ -113.60081, 37.12052 ], [ -113.60093, 37.12053 ], [ -113.60103, 37.12052 ], [ -113.60112, 37.12049 ], [ -113.60124, 37.12044 ], [ -113.60128, 37.1205 ], [ -113.60127, 37.12051 ], [ -113.60112, 37.12057 ], [ -113.60097, 37.12059 ], [ -113.60086, 37.1206 ], [ -113.60072, 37.12058 ], [ -113.60052, 37.12051 ], [ -113.60028, 37.12038 ], [ -113.59998, 37.12013 ], [ -113.59942, 37.11961 ], [ -113.5993, 37.11948 ], [ -113.59913, 37.11937 ], [ -113.59898, 37.11931 ], [ -113.59884, 37.11929 ], [ -113.59865, 37.11927 ], [ -113.59828, 37.11927 ], [ -113.59822, 37.11927 ], [ -113.59824, 37.11932 ], [ -113.59854, 37.11998 ], [ -113.59867, 37.12027 ], [ -113.59878, 37.12053 ], [ -113.59886, 37.1207 ], [ -113.59912, 37.12128 ], [ -113.59918, 37.1214 ], [ -113.5996, 37.12233 ], [ -113.59967, 37.12247 ], [ -113.59971, 37.12255 ], [ -113.59979, 37.12269 ], [ -113.59983, 37.12276 ], [ -113.59993, 37.1229 ], [ -113.60019, 37.12321 ], [ -113.60039, 37.12368 ], [ -113.60064, 37.12425 ], [ -113.60067, 37.1243 ], [ -113.60078, 37.12428 ], [ -113.6009, 37.12427 ], [ -113.6009, 37.12423 ], [ -113.60096, 37.12423 ], [ -113.60101, 37.12426 ], [ -113.60113, 37.12425 ], [ -113.60124, 37.12425 ], [ -113.60136, 37.12426 ], [ -113.60148, 37.12427 ], [ -113.60159, 37.12429 ], [ -113.6017, 37.12431 ], [ -113.60182, 37.12434 ], [ -113.60193, 37.12437 ], [ -113.60213, 37.12443 ], [ -113.60228, 37.12448 ], [ -113.60258, 37.12454 ], [ -113.60285, 37.1246 ], [ -113.60284, 37.1246 ], [ -113.60287, 37.12461 ], [ -113.60299, 37.12463 ], [ -113.60311, 37.12464 ], [ -113.60323, 37.12466 ], [ -113.60336, 37.12467 ], [ -113.60349, 37.12467 ], [ -113.60361, 37.12468 ], [ -113.60374, 37.12468 ], [ -113.60386, 37.12468 ], [ -113.604, 37.12468 ], [ -113.60421, 37.12467 ], [ -113.60437, 37.12465 ], [ -113.6045, 37.12464 ], [ -113.60463, 37.12462 ], [ -113.60476, 37.1246 ], [ -113.60513, 37.12452 ], [ -113.60549, 37.12445 ], [ -113.60695, 37.12417 ], [ -113.60695, 37.12388 ], [ -113.60694, 37.12337 ], [ -113.60689, 37.12338 ], [ -113.60688, 37.12337 ], [ -113.6067, 37.1232 ], [ -113.6066, 37.1231 ], [ -113.60665, 37.12307 ], [ -113.60652, 37.12295 ], [ -113.6064, 37.12283 ], [ -113.60631, 37.12275 ], [ -113.60611, 37.12256 ], [ -113.60588, 37.12234 ], [ -113.60569, 37.12215 ], [ -113.60548, 37.12195 ], [ -113.60533, 37.1218 ], [ -113.60622, 37.12126 ], [ -113.60628, 37.12126 ], [ -113.60628, 37.12129 ], [ -113.60629, 37.12171 ], [ -113.60678, 37.1217 ], [ -113.6069, 37.12177 ], [ -113.60704, 37.1219 ], [ -113.6072, 37.12205 ], [ -113.6072, 37.12209 ], [ -113.6072, 37.12259 ], [ -113.6072, 37.12283 ], [ -113.60721, 37.12295 ], [ -113.60775, 37.12283 ], [ -113.60776, 37.124 ], [ -113.6086, 37.12385 ], [ -113.609, 37.12378 ], [ -113.6096, 37.12367 ], [ -113.61002, 37.12359 ], [ -113.61133, 37.12334 ], [ -113.61162, 37.12328 ], [ -113.61169, 37.12327 ], [ -113.61177, 37.12325 ], [ -113.61186, 37.12324 ], [ -113.61199, 37.12321 ], [ -113.61207, 37.1232 ], [ -113.61249, 37.12312 ], [ -113.6127, 37.12308 ], [ -113.61291, 37.12304 ], [ -113.6138, 37.12287 ], [ -113.61385, 37.12286 ], [ -113.61433, 37.12277 ], [ -113.61451, 37.12273 ], [ -113.61456, 37.12273 ], [ -113.61477, 37.12269 ], [ -113.61499, 37.12267 ], [ -113.61521, 37.12264 ], [ -113.61544, 37.12262 ], [ -113.6157, 37.1226 ], [ -113.61602, 37.12258 ], [ -113.61628, 37.12259 ], [ -113.61648, 37.12259 ], [ -113.61784, 37.12262 ], [ -113.61836, 37.12263 ], [ -113.61913, 37.12265 ], [ -113.61956, 37.12266 ], [ -113.62, 37.12267 ], [ -113.62103, 37.12266 ], [ -113.62129, 37.12268 ], [ -113.62147, 37.12268 ], [ -113.62237, 37.1227 ], [ -113.62288, 37.12271 ], [ -113.62345, 37.12272 ], [ -113.62377, 37.12273 ], [ -113.62377, 37.12287 ], [ -113.62377, 37.12301 ], [ -113.62381, 37.12468 ], [ -113.62369, 37.12468 ], [ -113.62274, 37.12471 ], [ -113.62062, 37.12476 ], [ -113.62069, 37.1259 ], [ -113.62194, 37.12587 ], [ -113.6221, 37.12587 ], [ -113.6221, 37.12588 ], [ -113.62244, 37.12588 ], [ -113.62244, 37.12594 ], [ -113.62244, 37.12622 ], [ -113.62269, 37.12622 ], [ -113.62269, 37.12652 ], [ -113.62262, 37.12652 ], [ -113.62172, 37.12653 ], [ -113.62206, 37.12682 ], [ -113.62204, 37.12684 ], [ -113.62203, 37.12686 ], [ -113.62201, 37.12689 ], [ -113.62201, 37.12691 ], [ -113.62201, 37.12694 ], [ -113.62202, 37.12697 ], [ -113.62203, 37.12699 ], [ -113.62206, 37.12702 ], [ -113.62206, 37.12704 ], [ -113.62206, 37.12705 ], [ -113.62206, 37.12707 ], [ -113.62205, 37.12708 ], [ -113.62204, 37.12709 ], [ -113.62202, 37.1271 ], [ -113.622, 37.1271 ], [ -113.62169, 37.1271 ], [ -113.62169, 37.12653 ], [ -113.62134, 37.12653 ], [ -113.62107, 37.12653 ], [ -113.62084, 37.12653 ], [ -113.62078, 37.12653 ], [ -113.62073, 37.12653 ], [ -113.62073, 37.12631 ], [ -113.6221, 37.1263 ], [ -113.6221, 37.12627 ], [ -113.6221, 37.12622 ], [ -113.6221, 37.12595 ], [ -113.62078, 37.12596 ], [ -113.62068, 37.12596 ], [ -113.62051, 37.12596 ], [ -113.6199, 37.12596 ], [ -113.61977, 37.12596 ], [ -113.61974, 37.12596 ], [ -113.61971, 37.12596 ], [ -113.61968, 37.12595 ], [ -113.61966, 37.12593 ], [ -113.61964, 37.12592 ], [ -113.61962, 37.1259 ], [ -113.61961, 37.12588 ], [ -113.6196, 37.12586 ], [ -113.6196, 37.12584 ], [ -113.6196, 37.12582 ], [ -113.6196, 37.12579 ], [ -113.61962, 37.12576 ], [ -113.61965, 37.12574 ], [ -113.61969, 37.12572 ], [ -113.61973, 37.12571 ], [ -113.61977, 37.1257 ], [ -113.61979, 37.12571 ], [ -113.61981, 37.12571 ], [ -113.61983, 37.12572 ], [ -113.61985, 37.12572 ], [ -113.61987, 37.12574 ], [ -113.61989, 37.12575 ], [ -113.61991, 37.12577 ], [ -113.61993, 37.1258 ], [ -113.61995, 37.12582 ], [ -113.61997, 37.12583 ], [ -113.62, 37.12584 ], [ -113.62002, 37.12584 ], [ -113.6205, 37.12585 ], [ -113.62051, 37.12585 ], [ -113.62053, 37.12584 ], [ -113.62054, 37.12584 ], [ -113.62055, 37.12582 ], [ -113.62055, 37.12581 ], [ -113.62057, 37.1249 ], [ -113.62057, 37.12488 ], [ -113.62056, 37.12487 ], [ -113.62055, 37.12486 ], [ -113.62052, 37.12482 ], [ -113.6205, 37.1248 ], [ -113.62049, 37.12477 ], [ -113.62048, 37.12475 ], [ -113.62049, 37.12472 ], [ -113.6205, 37.12469 ], [ -113.62051, 37.12467 ], [ -113.62053, 37.12465 ], [ -113.62056, 37.12463 ], [ -113.62059, 37.12462 ], [ -113.62063, 37.12461 ], [ -113.62066, 37.12461 ], [ -113.6207, 37.12461 ], [ -113.62073, 37.12462 ], [ -113.62076, 37.12463 ], [ -113.62078, 37.12465 ], [ -113.6208, 37.12466 ], [ -113.62081, 37.12467 ], [ -113.62083, 37.12467 ], [ -113.62085, 37.12467 ], [ -113.62211, 37.12464 ], [ -113.62364, 37.12463 ], [ -113.62366, 37.12463 ], [ -113.62368, 37.12462 ], [ -113.62369, 37.12461 ], [ -113.62369, 37.12459 ], [ -113.62369, 37.12429 ], [ -113.62366, 37.12429 ], [ -113.62365, 37.12396 ], [ -113.62364, 37.12365 ], [ -113.62364, 37.12341 ], [ -113.62363, 37.12313 ], [ -113.62363, 37.12311 ], [ -113.62362, 37.12308 ], [ -113.6236, 37.12306 ], [ -113.62358, 37.12304 ], [ -113.62356, 37.12302 ], [ -113.62353, 37.12301 ], [ -113.623503333333346, 37.123001111111108 ], [ -113.62347, 37.123 ], [ -113.62311, 37.12299 ], [ -113.6226, 37.12299 ], [ -113.62137, 37.12297 ], [ -113.62119, 37.12297 ], [ -113.62089, 37.12296 ], [ -113.62067, 37.12295 ], [ -113.62033, 37.12294 ], [ -113.61996, 37.12293 ], [ -113.61962, 37.12292 ], [ -113.61921, 37.1229 ], [ -113.61921, 37.12345 ], [ -113.61962, 37.12347 ], [ -113.61996, 37.12348 ], [ -113.62033, 37.12349 ], [ -113.62084, 37.12351 ], [ -113.62103, 37.12351 ], [ -113.6209, 37.12368 ], [ -113.62046, 37.12388 ], [ -113.62018, 37.12415 ], [ -113.62011, 37.12422 ], [ -113.61999, 37.12433 ], [ -113.61988, 37.12433 ], [ -113.61987, 37.12514 ], [ -113.61961, 37.12525 ], [ -113.61925, 37.1254 ], [ -113.61889, 37.1254 ], [ -113.61864, 37.1254 ], [ -113.61864, 37.12534 ], [ -113.61864, 37.12392 ], [ -113.61864, 37.12334 ], [ -113.61864, 37.12294 ], [ -113.61864, 37.1229 ], [ -113.61665, 37.12287 ], [ -113.61652, 37.12287 ], [ -113.61628, 37.12288 ], [ -113.61628, 37.12272 ], [ -113.61497, 37.12279 ], [ -113.61363, 37.12305 ], [ -113.61186, 37.12339 ], [ -113.6071, 37.12429 ], [ -113.60584, 37.12454 ], [ -113.60462, 37.12477 ], [ -113.60428, 37.12482 ], [ -113.60395, 37.12484 ], [ -113.60358, 37.12484 ], [ -113.60308, 37.1248 ], [ -113.60254, 37.12471 ], [ -113.60208, 37.12461 ], [ -113.60164, 37.12447 ], [ -113.60139, 37.12443 ], [ -113.60123, 37.12442 ], [ -113.60105, 37.12444 ], [ -113.60069, 37.12451 ], [ -113.60039, 37.12459 ], [ -113.60061, 37.12505 ], [ -113.60133, 37.12665 ], [ -113.60175, 37.12762 ], [ -113.602, 37.12819 ], [ -113.60222, 37.12878 ], [ -113.6026, 37.12878 ], [ -113.60258, 37.12873 ], [ -113.60257, 37.12868 ], [ -113.60251, 37.12851 ], [ -113.60243, 37.12829 ], [ -113.60234, 37.12806 ], [ -113.60223, 37.12778 ], [ -113.60214, 37.12757 ], [ -113.60209, 37.12746 ], [ -113.60187, 37.12697 ], [ -113.60131, 37.12574 ], [ -113.6009, 37.12483 ], [ -113.6009, 37.12476 ], [ -113.60091, 37.12474 ], [ -113.60093, 37.12472 ], [ -113.60095, 37.1247 ], [ -113.60097, 37.12468 ], [ -113.60099, 37.12467 ], [ -113.60102, 37.12465 ], [ -113.60105, 37.12464 ], [ -113.60108, 37.12464 ], [ -113.60114, 37.12462 ], [ -113.60121, 37.12461 ], [ -113.60127, 37.12461 ], [ -113.60133, 37.12461 ], [ -113.60139, 37.12461 ], [ -113.60144, 37.12461 ], [ -113.6015, 37.12462 ], [ -113.60156, 37.12463 ], [ -113.60161, 37.12464 ], [ -113.60167, 37.12466 ], [ -113.60205, 37.12477 ], [ -113.60219, 37.12481 ], [ -113.60221, 37.12483 ], [ -113.60228, 37.1249 ], [ -113.6023, 37.12491 ], [ -113.60255, 37.12496 ], [ -113.60275, 37.1249 ], [ -113.60285, 37.1249 ], [ -113.60318, 37.12491 ], [ -113.60326, 37.12491 ], [ -113.60341, 37.12492 ], [ -113.60375, 37.12493 ], [ -113.60397, 37.12492 ], [ -113.60422, 37.12491 ], [ -113.60452, 37.12491 ], [ -113.6047, 37.12489 ], [ -113.60479, 37.12487 ], [ -113.6053, 37.12478 ], [ -113.60597, 37.12465 ], [ -113.60602, 37.12481 ], [ -113.60584, 37.12484 ], [ -113.60591, 37.12505 ], [ -113.60576, 37.12517 ], [ -113.60568, 37.12538 ], [ -113.60561, 37.1254 ], [ -113.60558, 37.12547 ], [ -113.60566, 37.12572 ], [ -113.60604, 37.12576 ], [ -113.60616, 37.1254 ], [ -113.6062, 37.12529 ], [ -113.60628, 37.1251 ], [ -113.60639, 37.12486 ], [ -113.6067, 37.12486 ], [ -113.60702, 37.12486 ], [ -113.60702, 37.1251 ], [ -113.60703, 37.12534 ], [ -113.60713, 37.12532 ], [ -113.6072, 37.12531 ], [ -113.60721, 37.12537 ], [ -113.60721, 37.12545 ], [ -113.60722, 37.12544 ], [ -113.60723, 37.12543 ], [ -113.60724, 37.12542 ], [ -113.60726, 37.12541 ], [ -113.60789, 37.12528 ], [ -113.60789, 37.12567 ], [ -113.60824, 37.12567 ], [ -113.60825, 37.12624 ], [ -113.60826, 37.12669 ], [ -113.60826, 37.12705 ], [ -113.60827, 37.12705 ], [ -113.60877, 37.12705 ], [ -113.60943, 37.12704 ], [ -113.60943, 37.12685 ], [ -113.60856, 37.12687 ], [ -113.60858, 37.12636 ], [ -113.60854, 37.12634 ], [ -113.60852, 37.12614 ], [ -113.60852, 37.12591 ], [ -113.60946, 37.12591 ], [ -113.60952, 37.12591 ], [ -113.60951, 37.12613 ], [ -113.60951, 37.12638 ], [ -113.61003, 37.12638 ], [ -113.61027, 37.12638 ], [ -113.61057, 37.12638 ], [ -113.61073, 37.12638 ], [ -113.61079, 37.1264 ], [ -113.61079, 37.12643 ], [ -113.61085, 37.12643 ], [ -113.61085, 37.12677 ], [ -113.6118, 37.12676 ], [ -113.61187, 37.12676 ], [ -113.61188, 37.12676 ], [ -113.61188, 37.12745 ], [ -113.61253, 37.12742 ], [ -113.61288, 37.12739 ], [ -113.61288, 37.12747 ], [ -113.61352, 37.12743 ], [ -113.61354, 37.12743 ], [ -113.61355, 37.12744 ], [ -113.61356, 37.12745 ], [ -113.61357, 37.12746 ], [ -113.6136, 37.12757 ], [ -113.61363, 37.12767 ], [ -113.61367, 37.12777 ], [ -113.61372, 37.12787 ], [ -113.61377, 37.12796 ], [ -113.61377, 37.12797 ], [ -113.61387, 37.12797 ], [ -113.61409, 37.12819 ], [ -113.61417, 37.12815 ], [ -113.61495, 37.129 ], [ -113.61499, 37.12904 ], [ -113.61489, 37.1291 ], [ -113.61514, 37.12946 ], [ -113.61593, 37.12934 ], [ -113.61631, 37.12933 ], [ -113.61664, 37.12933 ], [ -113.61728, 37.12933 ], [ -113.61781, 37.12934 ], [ -113.61832, 37.12934 ], [ -113.61831, 37.1297 ], [ -113.6184, 37.1297 ], [ -113.6184, 37.12967 ], [ -113.61879, 37.12967 ], [ -113.61917, 37.12967 ], [ -113.61926, 37.12967 ], [ -113.61926, 37.13003 ], [ -113.61926, 37.13008 ], [ -113.61927, 37.13089 ], [ -113.62382, 37.13095 ], [ -113.62383, 37.13111 ], [ -113.62397, 37.13111 ], [ -113.6243, 37.13112 ], [ -113.62439, 37.1313 ], [ -113.6244, 37.13132 ], [ -113.624402499999974, 37.131327499999919 ], [ -113.62444, 37.13141 ], [ -113.62451, 37.13156 ], [ -113.62491, 37.13175 ], [ -113.62533, 37.13177 ], [ -113.62572, 37.13177 ], [ -113.62603, 37.13177 ], [ -113.62673, 37.13178 ], [ -113.62746, 37.13176 ], [ -113.6281, 37.13179 ], [ -113.6281, 37.13188 ], [ -113.62811, 37.13204 ], [ -113.6283, 37.13204 ], [ -113.62844, 37.13204 ], [ -113.62844, 37.13199 ], [ -113.62844, 37.13197 ], [ -113.62813, 37.13198 ], [ -113.62813, 37.13187 ], [ -113.62813, 37.13177 ], [ -113.62813, 37.13167 ], [ -113.62813, 37.13157 ], [ -113.62813, 37.13147 ], [ -113.62812, 37.13137 ], [ -113.62812, 37.13126 ], [ -113.62812, 37.13116 ], [ -113.62843, 37.13116 ], [ -113.62843, 37.13117 ], [ -113.62878, 37.13117 ], [ -113.62878, 37.13137 ], [ -113.62878, 37.13156 ], [ -113.62887, 37.13156 ], [ -113.62887, 37.13162 ], [ -113.62895, 37.13162 ], [ -113.62895, 37.13145 ], [ -113.62895, 37.13143 ], [ -113.62896, 37.13142 ], [ -113.62897, 37.13141 ], [ -113.62898, 37.1314 ], [ -113.62899, 37.13139 ], [ -113.62901, 37.13138 ], [ -113.62902, 37.13138 ], [ -113.62904, 37.13138 ], [ -113.62925, 37.13138 ], [ -113.6294, 37.13137 ], [ -113.62949, 37.13137 ], [ -113.62973, 37.13134 ], [ -113.62973, 37.13159 ], [ -113.62998, 37.13156 ], [ -113.63027, 37.13156 ], [ -113.63036, 37.13156 ], [ -113.63036, 37.1316 ], [ -113.63044, 37.1316 ], [ -113.63074, 37.1316 ], [ -113.63074, 37.13179 ], [ -113.63074, 37.13198 ], [ -113.63074, 37.13217 ], [ -113.63074, 37.13242 ], [ -113.63074, 37.13249 ], [ -113.63089, 37.13249 ], [ -113.63089, 37.1331 ], [ -113.63091, 37.13392 ], [ -113.63092, 37.13534 ], [ -113.63093, 37.13568 ], [ -113.63097, 37.13674 ], [ -113.631, 37.13715 ], [ -113.631, 37.13749 ], [ -113.63097, 37.13791 ], [ -113.63094, 37.13808 ], [ -113.63079, 37.13856 ], [ -113.63078, 37.13872 ], [ -113.63076, 37.13887 ], [ -113.63079, 37.13933 ], [ -113.631, 37.13933 ], [ -113.63166, 37.13932 ], [ -113.63307, 37.13931 ], [ -113.63307, 37.13927 ], [ -113.63307, 37.1392 ], [ -113.63307, 37.13867 ], [ -113.63307, 37.13842 ], [ -113.63307, 37.13815 ], [ -113.63307, 37.13788 ], [ -113.63307, 37.13761 ], [ -113.63306, 37.13734 ], [ -113.63306, 37.13707 ], [ -113.63306, 37.13679 ], [ -113.63306, 37.13641 ], [ -113.63306, 37.13603 ], [ -113.63306, 37.13565 ], [ -113.63334, 37.13565 ], [ -113.63379, 37.13565 ], [ -113.63409, 37.13564 ], [ -113.63442, 37.13564 ], [ -113.63453, 37.13564 ], [ -113.63453, 37.13561 ], [ -113.63452, 37.1355 ], [ -113.63447, 37.1354 ], [ -113.63423, 37.13486 ], [ -113.6341, 37.13454 ], [ -113.63428, 37.13448 ], [ -113.63441, 37.13445 ], [ -113.63454, 37.13442 ], [ -113.6347, 37.13441 ], [ -113.63681, 37.13441 ], [ -113.637, 37.13441 ], [ -113.63709, 37.1344 ], [ -113.63718, 37.13439 ], [ -113.63729, 37.13437 ], [ -113.63744, 37.13431 ], [ -113.63769, 37.13419 ], [ -113.63769, 37.1341 ], [ -113.63776, 37.13407 ], [ -113.63784, 37.13404 ], [ -113.63792, 37.13402 ], [ -113.63815, 37.13398 ], [ -113.63948, 37.13372 ], [ -113.63965, 37.13369 ], [ -113.63982, 37.13366 ], [ -113.63991, 37.13365 ], [ -113.64008, 37.13364 ], [ -113.64043, 37.13362 ], [ -113.64043, 37.13364 ], [ -113.64044, 37.13371 ], [ -113.64063, 37.1337 ], [ -113.6408, 37.13369 ], [ -113.6408, 37.13367 ], [ -113.64079, 37.13362 ], [ -113.64078, 37.13358 ], [ -113.64083, 37.13357 ], [ -113.64079, 37.13317 ], [ -113.64161, 37.13316 ], [ -113.64161, 37.1331 ], [ -113.6416, 37.13277 ], [ -113.64191, 37.13276 ], [ -113.64192, 37.13309 ], [ -113.64218, 37.13309 ], [ -113.64219, 37.13309 ], [ -113.64221, 37.13308 ], [ -113.64222, 37.13307 ], [ -113.64222, 37.13305 ], [ -113.64222, 37.13276 ], [ -113.64222, 37.13247 ], [ -113.64221, 37.13246 ], [ -113.6422, 37.13244 ], [ -113.64219, 37.13244 ], [ -113.64217, 37.13243 ], [ -113.64191, 37.13244 ], [ -113.6416, 37.13244 ], [ -113.6416, 37.13237 ], [ -113.6423, 37.13237 ], [ -113.64232, 37.13255 ], [ -113.64232, 37.13316 ], [ -113.64233, 37.13316 ], [ -113.64324, 37.13314 ], [ -113.64333, 37.13315 ], [ -113.6434, 37.13316 ], [ -113.64351, 37.1332 ], [ -113.64476, 37.13374 ], [ -113.64499, 37.1334 ], [ -113.64524, 37.13299 ], [ -113.64586, 37.13331 ], [ -113.64632, 37.13354 ], [ -113.64652, 37.13361 ], [ -113.64656, 37.13353 ], [ -113.64667, 37.13341 ], [ -113.64674, 37.13336 ], [ -113.64683, 37.13332 ], [ -113.64692, 37.13329 ], [ -113.64732, 37.13318 ], [ -113.64793, 37.13301 ], [ -113.64801, 37.1332 ], [ -113.64807, 37.13328 ], [ -113.64813, 37.13335 ], [ -113.64823, 37.13342 ], [ -113.64851, 37.13356 ], [ -113.6492, 37.13388 ], [ -113.64956, 37.13403 ], [ -113.64912, 37.13468 ], [ -113.64906, 37.13475 ], [ -113.65075, 37.13547 ], [ -113.65076, 37.13547 ], [ -113.65086, 37.13547 ], [ -113.6506, 37.13536 ], [ -113.65054, 37.13533 ], [ -113.65027, 37.13521 ], [ -113.65, 37.13509 ], [ -113.64973, 37.13497 ], [ -113.64946, 37.13485 ], [ -113.64923, 37.13475 ], [ -113.64922, 37.13474 ], [ -113.64921, 37.13472 ], [ -113.64921, 37.13471 ], [ -113.64922, 37.1347 ], [ -113.64941, 37.13442 ], [ -113.64958, 37.13416 ], [ -113.6496, 37.13415 ], [ -113.64961, 37.13415 ], [ -113.64963, 37.13414 ], [ -113.64965, 37.13415 ], [ -113.64988, 37.13425 ], [ -113.65015, 37.13437 ], [ -113.65027, 37.13442 ], [ -113.65028, 37.13443 ], [ -113.6503, 37.13444 ], [ -113.65031, 37.13446 ], [ -113.65032, 37.13447 ], [ -113.65033, 37.13449 ], [ -113.65034, 37.13451 ], [ -113.65035, 37.13452 ], [ -113.65038, 37.13455 ], [ -113.65039, 37.13456 ], [ -113.65043, 37.13457 ], [ -113.65047, 37.13458 ], [ -113.65052, 37.13458 ], [ -113.65056, 37.13457 ], [ -113.65059, 37.13455 ], [ -113.65062, 37.13453 ], [ -113.65064, 37.1345 ], [ -113.65065, 37.13447 ], [ -113.65066, 37.13444 ], [ -113.65065, 37.13441 ], [ -113.65064, 37.13437 ], [ -113.65061, 37.13435 ], [ -113.65059, 37.13433 ], [ -113.65057, 37.13432 ], [ -113.65055, 37.13431 ], [ -113.65053, 37.13431 ], [ -113.65051, 37.1343 ], [ -113.65048, 37.1343 ], [ -113.65046, 37.13431 ], [ -113.65041, 37.13431 ], [ -113.65039, 37.13431 ], [ -113.65037, 37.13431 ], [ -113.65035, 37.1343 ], [ -113.65033, 37.13429 ], [ -113.65007, 37.13418 ], [ -113.64982, 37.13407 ], [ -113.64956, 37.13395 ], [ -113.6493, 37.13384 ], [ -113.64956, 37.13345 ], [ -113.64982, 37.13357 ], [ -113.65008, 37.13368 ], [ -113.65042, 37.13368 ], [ -113.65076, 37.13367 ], [ -113.65091, 37.13367 ], [ -113.6512, 37.1339 ], [ -113.65131, 37.13399 ], [ -113.65126, 37.13393 ], [ -113.65132, 37.13398 ], [ -113.65134, 37.134 ], [ -113.65139, 37.13403 ], [ -113.65138, 37.13405 ], [ -113.65138, 37.13407 ], [ -113.6514, 37.13409 ], [ -113.65146, 37.13394 ], [ -113.65148, 37.13355 ], [ -113.6515, 37.13301 ], [ -113.65184, 37.13302 ], [ -113.65214, 37.13302 ], [ -113.65218, 37.13302 ], [ -113.65252, 37.13303 ], [ -113.65286, 37.13304 ], [ -113.65285, 37.13341 ], [ -113.65284, 37.13358 ], [ -113.65284, 37.13385 ], [ -113.65284, 37.13412 ], [ -113.65283, 37.13445 ], [ -113.65283, 37.13452 ], [ -113.65282, 37.13473 ], [ -113.65283, 37.13474 ], [ -113.65284, 37.13466 ], [ -113.65286, 37.13449 ], [ -113.65289, 37.13437 ], [ -113.65292, 37.13422 ], [ -113.65294, 37.13406 ], [ -113.65296, 37.13382 ], [ -113.65297, 37.13362 ], [ -113.65296, 37.13336 ], [ -113.65296, 37.13292 ], [ -113.65454, 37.13294 ], [ -113.65613, 37.13296 ], [ -113.65764, 37.13296 ], [ -113.65764, 37.13286 ], [ -113.65767, 37.13286 ], [ -113.65768, 37.1325 ], [ -113.65768, 37.13247 ], [ -113.65771, 37.13224 ], [ -113.65824, 37.13218 ], [ -113.65824, 37.13225 ], [ -113.65864, 37.13231 ], [ -113.65864, 37.13249 ], [ -113.65925, 37.13199 ], [ -113.65879, 37.13166 ], [ -113.65889, 37.13157 ], [ -113.65797, 37.13089 ], [ -113.65617, 37.12986 ], [ -113.65608, 37.12986 ], [ -113.65556, 37.12985 ], [ -113.65532, 37.12984 ], [ -113.65475, 37.12983 ], [ -113.65455, 37.12979 ], [ -113.65456, 37.12972 ], [ -113.65429, 37.12969 ], [ -113.65421, 37.12967 ], [ -113.65412, 37.12966 ], [ -113.65404, 37.12964 ], [ -113.65396, 37.12962 ], [ -113.65389, 37.12959 ], [ -113.65381, 37.12956 ], [ -113.65373, 37.12954 ], [ -113.65366, 37.1295 ], [ -113.65359, 37.12947 ], [ -113.65352, 37.12943 ], [ -113.65345, 37.1294 ], [ -113.65338, 37.12935 ], [ -113.65332, 37.12931 ], [ -113.65325, 37.12927 ], [ -113.65319, 37.12922 ], [ -113.65274, 37.12886 ], [ -113.65235, 37.12855 ], [ -113.65224, 37.12847 ], [ -113.65186, 37.12818 ], [ -113.65159, 37.12807 ], [ -113.65146, 37.12801 ], [ -113.65135, 37.12795 ], [ -113.65084, 37.12772 ], [ -113.65083, 37.12777 ], [ -113.6508, 37.12803 ], [ -113.65074, 37.12854 ], [ -113.65068, 37.12898 ], [ -113.65066, 37.12911 ], [ -113.65065, 37.12915 ], [ -113.65064, 37.12918 ], [ -113.65063, 37.12922 ], [ -113.65061, 37.12925 ], [ -113.65059, 37.12928 ], [ -113.65057, 37.12931 ], [ -113.65054, 37.12934 ], [ -113.65052, 37.12937 ], [ -113.65049, 37.1294 ], [ -113.65046, 37.12942 ], [ -113.65042, 37.12945 ], [ -113.65039, 37.12947 ], [ -113.65035, 37.12949 ], [ -113.65031, 37.12951 ], [ -113.65028, 37.12952 ], [ -113.65023, 37.12954 ], [ -113.65017, 37.12957 ], [ -113.65014, 37.12959 ], [ -113.65011, 37.12961 ], [ -113.65008, 37.12964 ], [ -113.65004, 37.12968 ], [ -113.65001, 37.12973 ], [ -113.64999, 37.12977 ], [ -113.64997, 37.12982 ], [ -113.64996, 37.12988 ], [ -113.64996, 37.12993 ], [ -113.64997, 37.12997 ], [ -113.65001, 37.13009 ], [ -113.65003, 37.13017 ], [ -113.65004, 37.13024 ], [ -113.65004, 37.13037 ], [ -113.65005, 37.13039 ], [ -113.65005, 37.13064 ], [ -113.65074, 37.13074 ], [ -113.65074, 37.13102 ], [ -113.65074, 37.13103 ], [ -113.65006, 37.13093 ], [ -113.65006, 37.13077 ], [ -113.64997, 37.13077 ], [ -113.64994, 37.13021 ], [ -113.64987, 37.12987 ], [ -113.64989, 37.12975 ], [ -113.64995, 37.12964 ], [ -113.65009, 37.12953 ], [ -113.65003, 37.12949 ], [ -113.6501, 37.12944 ], [ -113.65016, 37.12942 ], [ -113.6502, 37.1294 ], [ -113.6505, 37.12907 ], [ -113.65051, 37.12894 ], [ -113.65052, 37.12889 ], [ -113.65058, 37.12842 ], [ -113.65059, 37.12834 ], [ -113.65065, 37.12785 ], [ -113.6507, 37.12745 ], [ -113.65087, 37.12748 ], [ -113.65134, 37.1275 ], [ -113.65134, 37.12697 ], [ -113.65223, 37.12744 ], [ -113.65256, 37.12792 ], [ -113.65289, 37.12805 ], [ -113.65301, 37.12816 ], [ -113.65348, 37.12816 ], [ -113.65351, 37.12817 ], [ -113.65354, 37.12818 ], [ -113.65465, 37.12906 ], [ -113.65475, 37.1291 ], [ -113.65476, 37.12908 ], [ -113.65476, 37.12906 ], [ -113.65475, 37.12904 ], [ -113.65473, 37.12903 ], [ -113.65471, 37.12902 ], [ -113.65473, 37.12895 ], [ -113.65479, 37.12896 ], [ -113.6548, 37.12888 ], [ -113.65482, 37.12888 ], [ -113.65483, 37.12883 ], [ -113.65492, 37.12842 ], [ -113.65492, 37.12839 ], [ -113.65492, 37.12835 ], [ -113.65492, 37.12832 ], [ -113.65492, 37.12829 ], [ -113.65507, 37.12844 ], [ -113.65508, 37.12845 ], [ -113.65535, 37.12858 ], [ -113.65557, 37.12872 ], [ -113.65566, 37.12878 ], [ -113.65574, 37.12869 ], [ -113.65579, 37.12865 ], [ -113.65582, 37.12863 ], [ -113.65596, 37.12869 ], [ -113.6561, 37.12877 ], [ -113.6561, 37.12888 ], [ -113.65617, 37.12886 ], [ -113.65626, 37.12885 ], [ -113.65632, 37.12884 ], [ -113.65638, 37.12884 ], [ -113.65644, 37.12884 ], [ -113.65737, 37.12885 ], [ -113.65758, 37.12885 ], [ -113.65765, 37.12885 ], [ -113.65772, 37.12885 ], [ -113.65778, 37.12884 ], [ -113.65784, 37.12883 ], [ -113.65791, 37.12882 ], [ -113.65793, 37.12888 ], [ -113.65803, 37.12885 ], [ -113.65814, 37.12881 ], [ -113.65825, 37.12876 ], [ -113.65837, 37.12868 ], [ -113.65847, 37.12858 ], [ -113.65854, 37.12851 ], [ -113.65863, 37.12843 ], [ -113.65873, 37.12838 ], [ -113.65885, 37.12834 ], [ -113.65899, 37.12831 ], [ -113.65911, 37.1283 ], [ -113.65921, 37.12831 ], [ -113.6593, 37.12833 ], [ -113.66003, 37.12855 ], [ -113.66046, 37.12867 ], [ -113.66103, 37.12876 ], [ -113.66116, 37.12879 ], [ -113.66116, 37.12871 ], [ -113.66391, 37.1291 ], [ -113.66397, 37.12911 ], [ -113.66405, 37.12913 ], [ -113.6641, 37.12915 ], [ -113.66415, 37.12918 ], [ -113.66419, 37.1292 ], [ -113.66423, 37.12923 ], [ -113.66494, 37.12982 ], [ -113.66498, 37.12986 ], [ -113.66501, 37.1299 ], [ -113.66515, 37.13006 ], [ -113.66526, 37.1302 ], [ -113.66531, 37.13025 ], [ -113.66535, 37.13028 ], [ -113.66539, 37.1303 ], [ -113.66544, 37.13033 ], [ -113.66548, 37.13035 ], [ -113.66552, 37.13036 ], [ -113.66556, 37.13037 ], [ -113.66673, 37.13068 ], [ -113.6668, 37.1307 ], [ -113.66686, 37.13073 ], [ -113.66693, 37.13076 ], [ -113.66698, 37.13079 ], [ -113.66704, 37.13085 ], [ -113.6671, 37.1309 ], [ -113.66714, 37.13095 ], [ -113.66718, 37.13102 ], [ -113.6672, 37.13107 ], [ -113.66742, 37.13161 ], [ -113.66744, 37.13167 ], [ -113.66752, 37.13198 ], [ -113.66753, 37.132 ], [ -113.66754, 37.13203 ], [ -113.66756, 37.13206 ], [ -113.66758, 37.13209 ], [ -113.66761, 37.13212 ], [ -113.66763, 37.13214 ], [ -113.66766, 37.13217 ], [ -113.6677, 37.13219 ], [ -113.66774, 37.13221 ], [ -113.66777, 37.13222 ], [ -113.66781, 37.13223 ], [ -113.66787, 37.13225 ], [ -113.66791, 37.13225 ], [ -113.66796, 37.13225 ], [ -113.66835, 37.13225 ], [ -113.66871, 37.13224 ], [ -113.66904, 37.13224 ], [ -113.66908, 37.13224 ], [ -113.66912, 37.13223 ], [ -113.66917, 37.13222 ], [ -113.66921, 37.13221 ], [ -113.66924, 37.1322 ], [ -113.6693, 37.13218 ], [ -113.66935, 37.13216 ], [ -113.66936, 37.13215 ], [ -113.66941, 37.13221 ], [ -113.66946, 37.13226 ], [ -113.66947, 37.13249 ], [ -113.66982, 37.13249 ], [ -113.66983, 37.13276 ], [ -113.66983, 37.13303 ], [ -113.66984, 37.13331 ], [ -113.66985, 37.13358 ], [ -113.66985, 37.13382 ], [ -113.66985, 37.13386 ], [ -113.66984, 37.13391 ], [ -113.6695, 37.13385 ], [ -113.66939, 37.13401 ], [ -113.66949, 37.13422 ], [ -113.66944, 37.13423 ], [ -113.66937, 37.13424 ], [ -113.66904, 37.13426 ], [ -113.66904, 37.13429 ], [ -113.66904, 37.13435 ], [ -113.66918, 37.13434 ], [ -113.66938, 37.13433 ], [ -113.66945, 37.13432 ], [ -113.66949, 37.13431 ], [ -113.66954, 37.1343 ], [ -113.66958, 37.13428 ], [ -113.66962, 37.13427 ], [ -113.66966, 37.13425 ], [ -113.6697, 37.13423 ], [ -113.66974, 37.1342 ], [ -113.66977, 37.13418 ], [ -113.6698, 37.13415 ], [ -113.66983, 37.13417 ], [ -113.67001, 37.13429 ], [ -113.66999, 37.13434 ], [ -113.66993, 37.13438 ], [ -113.67151, 37.13416 ], [ -113.67158, 37.13424 ], [ -113.67178, 37.13412 ], [ -113.67232, 37.13405 ], [ -113.67269, 37.13423 ], [ -113.67258, 37.13431 ], [ -113.67248, 37.13441 ], [ -113.67232, 37.13454 ], [ -113.67222, 37.13467 ], [ -113.67214, 37.13482 ], [ -113.67204, 37.13507 ], [ -113.67202, 37.13527 ], [ -113.67202, 37.13529 ], [ -113.66986, 37.13531 ], [ -113.66987, 37.13651 ], [ -113.66988, 37.13651 ], [ -113.6699, 37.13702 ], [ -113.66988, 37.13703 ], [ -113.66975, 37.13713 ], [ -113.66968, 37.13718 ], [ -113.66957, 37.13722 ], [ -113.66938, 37.13724 ], [ -113.66915, 37.13724 ], [ -113.66893, 37.13726 ], [ -113.66871, 37.13728 ], [ -113.66851, 37.13731 ], [ -113.66835, 37.13736 ], [ -113.66821, 37.13745 ], [ -113.66813, 37.13753 ], [ -113.66805, 37.13763 ], [ -113.668, 37.1377 ], [ -113.66799, 37.13772 ], [ -113.66811, 37.13777 ], [ -113.66912, 37.13823 ], [ -113.66948, 37.13858 ], [ -113.66955, 37.13878 ], [ -113.66995, 37.13905 ], [ -113.66932, 37.13905 ], [ -113.66764, 37.13904 ], [ -113.66731, 37.13904 ], [ -113.66805, 37.13944 ], [ -113.66872, 37.14009 ], [ -113.66998, 37.14211 ], [ -113.67016, 37.14234 ], [ -113.6704, 37.14267 ], [ -113.67086, 37.14341 ], [ -113.67101, 37.14365 ], [ -113.67177, 37.14459 ], [ -113.6727, 37.14538 ], [ -113.67375, 37.14625 ], [ -113.67453, 37.14625 ], [ -113.67462, 37.14625 ], [ -113.6747, 37.14625 ], [ -113.6747, 37.14631 ], [ -113.67462, 37.14632 ], [ -113.67463, 37.14686 ], [ -113.67471, 37.14693 ], [ -113.67512, 37.1466 ], [ -113.67553, 37.14693 ], [ -113.67555, 37.14695 ], [ -113.67555, 37.14697 ], [ -113.67555, 37.14699 ], [ -113.67553, 37.14701 ], [ -113.67522, 37.14726 ], [ -113.67521, 37.14727 ], [ -113.67518, 37.14728 ], [ -113.67516, 37.14728 ], [ -113.675134322580647, 37.147271440860216 ], [ -113.67845, 37.14992 ], [ -113.67925, 37.14991 ], [ -113.67926, 37.15057 ], [ -113.68064, 37.15167 ], [ -113.68077, 37.15178 ], [ -113.68091, 37.15188 ], [ -113.68104, 37.15198 ], [ -113.68118, 37.15208 ], [ -113.68133, 37.15217 ], [ -113.68147, 37.15227 ], [ -113.68162, 37.15236 ], [ -113.68177, 37.15245 ], [ -113.68369, 37.15357 ], [ -113.68394, 37.15357 ], [ -113.68394, 37.15372 ], [ -113.68398, 37.15374 ], [ -113.68474, 37.15419 ], [ -113.68482, 37.15424 ], [ -113.68491, 37.15429 ], [ -113.6851, 37.15408 ], [ -113.68532, 37.15384 ], [ -113.68536, 37.15379 ], [ -113.68541, 37.15376 ], [ -113.68547, 37.15372 ], [ -113.68553, 37.1537 ], [ -113.6856, 37.15368 ], [ -113.68564, 37.15367 ], [ -113.68568, 37.15366 ], [ -113.68574, 37.15365 ], [ -113.68578, 37.15365 ], [ -113.68664, 37.15365 ], [ -113.68683, 37.15365 ], [ -113.68683, 37.15378 ], [ -113.68695, 37.15378 ], [ -113.68718, 37.1539 ], [ -113.68714, 37.15394 ], [ -113.68727, 37.15396 ], [ -113.68738, 37.15398 ], [ -113.68743, 37.154 ], [ -113.68752, 37.15403 ], [ -113.68762, 37.15406 ], [ -113.68771, 37.1541 ], [ -113.6878, 37.15415 ], [ -113.68784, 37.15418 ], [ -113.68792, 37.15423 ], [ -113.68796, 37.15426 ], [ -113.68807, 37.15435 ], [ -113.68811, 37.1544 ], [ -113.68814, 37.15444 ], [ -113.68815, 37.15447 ], [ -113.68816, 37.15451 ], [ -113.68822, 37.15451 ], [ -113.68822, 37.15468 ], [ -113.68822, 37.15472 ], [ -113.68831, 37.15472 ], [ -113.68849, 37.15471 ], [ -113.68853, 37.15471 ], [ -113.68858, 37.15471 ], [ -113.68859, 37.15471 ], [ -113.6886, 37.15557 ], [ -113.6886, 37.15563 ], [ -113.68868, 37.15567 ], [ -113.68869, 37.15639 ], [ -113.68881, 37.15647 ], [ -113.68894, 37.15646 ], [ -113.68889, 37.15651 ], [ -113.68887, 37.15652 ], [ -113.68885, 37.15653 ], [ -113.68882, 37.15654 ], [ -113.6888, 37.15654 ], [ -113.68877, 37.15654 ], [ -113.68874, 37.15653 ], [ -113.68893, 37.15663 ], [ -113.68885, 37.15673 ], [ -113.69111, 37.15805 ], [ -113.69322, 37.15932 ], [ -113.69509, 37.16038 ], [ -113.69571, 37.16077 ], [ -113.69684, 37.16145 ], [ -113.69787, 37.16216 ], [ -113.69787, 37.16235 ], [ -113.69796, 37.16242 ], [ -113.69796, 37.16253 ], [ -113.70033, 37.16435 ], [ -113.70048, 37.16435 ], [ -113.70141, 37.16507 ], [ -113.70134, 37.16513 ], [ -113.70165, 37.16536 ], [ -113.70195, 37.1656 ], [ -113.70192, 37.16562 ], [ -113.70212, 37.16577 ], [ -113.70209, 37.1658 ], [ -113.7023, 37.16596 ], [ -113.7023, 37.16627 ], [ -113.7023, 37.16649 ], [ -113.70229, 37.16814 ], [ -113.70246, 37.16814 ], [ -113.70246, 37.17063 ], [ -113.70246, 37.1718 ], [ -113.70247, 37.1718 ], [ -113.70271, 37.17185 ], [ -113.70283, 37.17189 ], [ -113.70325, 37.17203 ], [ -113.70367, 37.17218 ], [ -113.70401, 37.17234 ], [ -113.70438, 37.17251 ], [ -113.70484, 37.17276 ], [ -113.70428, 37.17307 ], [ -113.70422, 37.17311 ], [ -113.70586, 37.17311 ], [ -113.70598, 37.17317 ], [ -113.70626, 37.17332 ], [ -113.70651, 37.17356 ], [ -113.70668, 37.17381 ], [ -113.70683, 37.17407 ], [ -113.70697, 37.17434 ], [ -113.707, 37.17441 ], [ -113.70714, 37.17471 ], [ -113.70729, 37.17494 ], [ -113.70746, 37.17516 ], [ -113.70736, 37.17521 ], [ -113.7075, 37.17539 ], [ -113.70772, 37.17569 ], [ -113.70777, 37.17575 ], [ -113.70781, 37.17582 ], [ -113.70784, 37.17588 ], [ -113.70788, 37.17595 ], [ -113.70791, 37.17602 ], [ -113.70793, 37.17609 ], [ -113.70796, 37.17616 ], [ -113.70799, 37.17627 ], [ -113.70811, 37.17625 ], [ -113.70812, 37.17624 ], [ -113.70811, 37.17623 ], [ -113.70812, 37.17622 ], [ -113.70812, 37.17621 ], [ -113.70813, 37.1762 ], [ -113.70814, 37.17618 ], [ -113.70815, 37.17618 ], [ -113.70816, 37.17617 ], [ -113.70818, 37.17617 ], [ -113.70845, 37.17611 ], [ -113.70864, 37.1761 ], [ -113.70883, 37.17609 ], [ -113.70912, 37.17608 ], [ -113.70944, 37.17608 ], [ -113.70943, 37.17662 ], [ -113.7097, 37.17662 ], [ -113.7097, 37.17711 ], [ -113.71, 37.17716 ], [ -113.71001, 37.17773 ], [ -113.70941, 37.17775 ], [ -113.70979, 37.17806 ], [ -113.70919, 37.17861 ], [ -113.70924, 37.17866 ], [ -113.7093, 37.1787 ], [ -113.70936, 37.17874 ], [ -113.70942, 37.17877 ], [ -113.70948, 37.17881 ], [ -113.70955, 37.17884 ], [ -113.70962, 37.17886 ], [ -113.70969, 37.17889 ], [ -113.7098, 37.17892 ], [ -113.70991, 37.17895 ], [ -113.71003, 37.17897 ], [ -113.71015, 37.17899 ], [ -113.71034, 37.17901 ], [ -113.71036, 37.17901 ], [ -113.71037, 37.17901 ], [ -113.71039, 37.17901 ], [ -113.7104, 37.179 ], [ -113.71041, 37.17899 ], [ -113.71042, 37.17898 ], [ -113.71043, 37.17897 ], [ -113.71044, 37.17896 ], [ -113.71041, 37.17909 ], [ -113.71052, 37.1791 ], [ -113.71066, 37.17838 ], [ -113.71069, 37.1782 ], [ -113.71071, 37.17806 ], [ -113.71073, 37.17791 ], [ -113.71074, 37.17775 ], [ -113.71071, 37.17599 ], [ -113.7107, 37.17538 ], [ -113.7108, 37.17538 ], [ -113.71081, 37.17587 ], [ -113.71081, 37.17588 ], [ -113.71081, 37.17589 ], [ -113.71082, 37.1759 ], [ -113.71083, 37.17591 ], [ -113.71084, 37.17592 ], [ -113.71086, 37.17592 ], [ -113.71087, 37.17593 ], [ -113.71089, 37.17593 ], [ -113.71136, 37.17593 ], [ -113.71191, 37.17593 ], [ -113.71204, 37.17593 ], [ -113.71206, 37.17593 ], [ -113.71207, 37.17592 ], [ -113.71209, 37.17592 ], [ -113.71213, 37.17589 ], [ -113.71216, 37.17587 ], [ -113.71218, 37.17587 ], [ -113.71221, 37.17586 ], [ -113.71224, 37.17586 ], [ -113.71226, 37.17586 ], [ -113.71229, 37.17587 ], [ -113.71231, 37.17588 ], [ -113.71234, 37.17589 ], [ -113.71237, 37.17591 ], [ -113.71238, 37.17593 ], [ -113.7124, 37.17596 ], [ -113.7124, 37.17598 ], [ -113.7124, 37.17601 ], [ -113.7124, 37.17604 ], [ -113.71239, 37.17606 ], [ -113.71236, 37.17609 ], [ -113.71235, 37.1761 ], [ -113.71232, 37.17612 ], [ -113.71228, 37.17613 ], [ -113.71224, 37.17614 ], [ -113.7122, 37.17613 ], [ -113.71217, 37.17612 ], [ -113.71213, 37.17611 ], [ -113.71209, 37.17608 ], [ -113.71206, 37.17607 ], [ -113.71204, 37.17607 ], [ -113.71191, 37.17607 ], [ -113.71136, 37.17607 ], [ -113.71137, 37.17662 ], [ -113.71145, 37.17662 ], [ -113.71145, 37.17714 ], [ -113.71197, 37.17721 ], [ -113.71198, 37.17719 ], [ -113.71199, 37.17717 ], [ -113.71201, 37.17715 ], [ -113.71203, 37.17713 ], [ -113.71206, 37.17712 ], [ -113.71208, 37.17711 ], [ -113.71211, 37.1771 ], [ -113.71214, 37.1771 ], [ -113.71217, 37.1771 ], [ -113.7122, 37.17711 ] ], [ [ -113.51577934853421, 37.442639543973939 ], [ -113.51618, 37.44262 ], [ -113.515779348534181, 37.442639543973939 ], [ -113.51577934853421, 37.442639543973939 ] ], [ [ -113.53405, 37.38861 ], [ -113.534079259259272, 37.388600246913576 ], [ -113.534079259259258, 37.388600246913576 ], [ -113.53405, 37.38861 ] ], [ [ -113.60578, 37.12203 ], [ -113.60577, 37.12201 ], [ -113.60582, 37.12198 ], [ -113.60587, 37.12194 ], [ -113.60588, 37.12196 ], [ -113.60593, 37.12192 ], [ -113.60587, 37.12186 ], [ -113.6058, 37.1218 ], [ -113.60575, 37.12183 ], [ -113.60576, 37.12184 ], [ -113.60571, 37.12188 ], [ -113.60566, 37.12191 ], [ -113.60565, 37.1219 ], [ -113.6056, 37.12193 ], [ -113.60566, 37.12199 ], [ -113.60573, 37.12206 ], [ -113.60578, 37.12203 ] ], [ [ -113.60632, 37.12182 ], [ -113.60627, 37.12185 ], [ -113.60626, 37.12184 ], [ -113.60621, 37.12187 ], [ -113.60616, 37.1219 ], [ -113.60617, 37.12192 ], [ -113.60612, 37.12195 ], [ -113.60607, 37.12198 ], [ -113.60606, 37.12197 ], [ -113.60601, 37.122 ], [ -113.60596, 37.12203 ], [ -113.60597, 37.12205 ], [ -113.60592, 37.12208 ], [ -113.60587, 37.12211 ], [ -113.60586, 37.1221 ], [ -113.60581, 37.12213 ], [ -113.60587, 37.1222 ], [ -113.60594, 37.12226 ], [ -113.60599, 37.12223 ], [ -113.60598, 37.12222 ], [ -113.60603, 37.12218 ], [ -113.60608, 37.12215 ], [ -113.60609, 37.12216 ], [ -113.60614, 37.12213 ], [ -113.60619, 37.1221 ], [ -113.60618, 37.12209 ], [ -113.60623, 37.12205 ], [ -113.60628, 37.12202 ], [ -113.60629, 37.12203 ], [ -113.60634, 37.122 ], [ -113.60639, 37.12197 ], [ -113.60638, 37.12196 ], [ -113.60643, 37.12192 ], [ -113.60648, 37.12189 ], [ -113.60649, 37.1219 ], [ -113.60654, 37.12187 ], [ -113.60648, 37.1218 ], [ -113.60641, 37.12174 ], [ -113.60636, 37.12177 ], [ -113.60637, 37.12178 ], [ -113.60632, 37.12182 ] ], [ [ -113.6061, 37.12178 ], [ -113.60609, 37.12177 ], [ -113.60614, 37.12174 ], [ -113.60619, 37.1217 ], [ -113.6062, 37.12172 ], [ -113.60625, 37.12169 ], [ -113.60618, 37.12162 ], [ -113.60612, 37.12156 ], [ -113.60607, 37.12159 ], [ -113.60608, 37.1216 ], [ -113.60603, 37.12163 ], [ -113.60598, 37.12167 ], [ -113.60597, 37.12165 ], [ -113.60592, 37.12169 ], [ -113.60598, 37.12175 ], [ -113.60605, 37.12181 ], [ -113.6061, 37.12178 ] ], [ [ -113.60691, 37.12231 ], [ -113.60696, 37.12228 ], [ -113.60701, 37.12225 ], [ -113.607, 37.12223 ], [ -113.60705, 37.1222 ], [ -113.6071, 37.12217 ], [ -113.60711, 37.12218 ], [ -113.60716, 37.12215 ], [ -113.6071, 37.12208 ], [ -113.60703, 37.12202 ], [ -113.60698, 37.12205 ], [ -113.607, 37.12206 ], [ -113.60694, 37.12209 ], [ -113.60689, 37.12213 ], [ -113.60688, 37.12211 ], [ -113.60683, 37.12215 ], [ -113.60678, 37.12218 ], [ -113.60679, 37.12219 ], [ -113.60674, 37.12222 ], [ -113.60669, 37.12226 ], [ -113.60668, 37.12224 ], [ -113.60663, 37.12228 ], [ -113.60658, 37.12231 ], [ -113.60659, 37.12232 ], [ -113.60654, 37.12235 ], [ -113.60649, 37.12239 ], [ -113.60647, 37.12238 ], [ -113.60642, 37.12241 ], [ -113.60637, 37.12244 ], [ -113.60639, 37.12245 ], [ -113.60634, 37.12249 ], [ -113.60629, 37.12252 ], [ -113.60627, 37.12251 ], [ -113.60622, 37.12254 ], [ -113.60629, 37.1226 ], [ -113.60636, 37.12267 ], [ -113.6064, 37.12264 ], [ -113.60639, 37.12262 ], [ -113.60644, 37.12259 ], [ -113.60649, 37.12256 ], [ -113.60651, 37.12257 ], [ -113.60656, 37.12254 ], [ -113.6066, 37.12251 ], [ -113.60659, 37.12249 ], [ -113.60664, 37.12246 ], [ -113.60669, 37.12243 ], [ -113.60671, 37.12244 ], [ -113.60676, 37.12241 ], [ -113.60681, 37.12237 ], [ -113.60679, 37.12236 ], [ -113.60685, 37.12233 ], [ -113.6069, 37.1223 ], [ -113.60691, 37.12231 ] ], [ [ -113.60672, 37.12189 ], [ -113.60667, 37.12193 ], [ -113.60666, 37.12191 ], [ -113.60661, 37.12195 ], [ -113.60656, 37.12198 ], [ -113.60657, 37.12199 ], [ -113.60652, 37.12202 ], [ -113.60647, 37.12206 ], [ -113.60646, 37.12205 ], [ -113.60641, 37.12208 ], [ -113.60648, 37.12214 ], [ -113.60654, 37.12221 ], [ -113.60659, 37.12218 ], [ -113.60658, 37.12216 ], [ -113.60663, 37.12213 ], [ -113.60668, 37.1221 ], [ -113.60669, 37.12211 ], [ -113.60674, 37.12208 ], [ -113.60679, 37.12204 ], [ -113.60678, 37.12203 ], [ -113.60683, 37.122 ], [ -113.60688, 37.12196 ], [ -113.60689, 37.12198 ], [ -113.60694, 37.12195 ], [ -113.60688, 37.12188 ], [ -113.60681, 37.12182 ], [ -113.60676, 37.12185 ], [ -113.60678, 37.12186 ], [ -113.60672, 37.12189 ] ], [ [ -113.60712, 37.12251 ], [ -113.60717, 37.12248 ], [ -113.6071, 37.12242 ], [ -113.60704, 37.12235 ], [ -113.60699, 37.12238 ], [ -113.607, 37.12239 ], [ -113.60695, 37.12243 ], [ -113.6069, 37.12246 ], [ -113.60688, 37.12245 ], [ -113.60683, 37.12248 ], [ -113.60679, 37.12251 ], [ -113.6068, 37.12253 ], [ -113.60675, 37.12256 ], [ -113.60669, 37.12259 ], [ -113.60668, 37.12258 ], [ -113.60663, 37.12261 ], [ -113.60658, 37.12264 ], [ -113.6066, 37.12266 ], [ -113.60654, 37.12269 ], [ -113.60649, 37.12272 ], [ -113.60648, 37.12271 ], [ -113.60643, 37.12274 ], [ -113.6065, 37.12281 ], [ -113.60656, 37.12287 ], [ -113.60661, 37.12284 ], [ -113.6066, 37.12283 ], [ -113.60665, 37.12279 ], [ -113.6067, 37.12276 ], [ -113.60671, 37.12277 ], [ -113.60676, 37.12274 ], [ -113.60681, 37.12271 ], [ -113.6068, 37.1227 ], [ -113.60685, 37.12266 ], [ -113.6069, 37.12263 ], [ -113.60692, 37.12264 ], [ -113.60697, 37.12261 ], [ -113.60701, 37.12258 ], [ -113.607, 37.12257 ], [ -113.60705, 37.12253 ], [ -113.60711, 37.1225 ], [ -113.60712, 37.12251 ] ], [ [ -113.62517, 37.26512 ], [ -113.625133333333309, 37.267503333334517 ], [ -113.625133333333366, 37.267503333331888 ], [ -113.62517, 37.26512 ] ], [ [ -113.629015454545439, 37.148008181818206 ], [ -113.62901545454541, 37.148008181818255 ], [ -113.62889, 37.14828 ], [ -113.629015454545439, 37.148008181818206 ] ], [ [ -113.629040000000131, 37.147954999999705 ], [ -113.62906, 37.14791 ], [ -113.62904, 37.147954999999847 ], [ -113.629040000000131, 37.147954999999705 ] ], [ [ -113.631171875, 37.152265625 ], [ -113.63136, 37.1524 ], [ -113.631171875, 37.152265625 ], [ -113.631171875, 37.152265625 ] ], [ [ -113.6432625, 37.1599925 ], [ -113.6432625, 37.159992499999966 ], [ -113.64327, 37.15994 ], [ -113.6432625, 37.1599925 ] ], [ [ -113.6433, 37.15986 ], [ -113.643355, 37.159865 ], [ -113.643354999999829, 37.159865 ], [ -113.6433, 37.15986 ] ], [ [ -113.64348, 37.15953 ], [ -113.64346, 37.15953 ], [ -113.64349, 37.159535 ], [ -113.64349, 37.15953 ], [ -113.64348, 37.15953 ] ], [ [ -113.6435, 37.15916166666667 ], [ -113.643483037974676, 37.159160253164558 ], [ -113.643482857142857, 37.15916142857143 ], [ -113.6435, 37.15917 ], [ -113.6435, 37.15916166666667 ] ], [ [ -113.643595, 37.159065 ], [ -113.643595, 37.159065 ], [ -113.64357, 37.15906 ], [ -113.643595, 37.159065 ], [ -113.643595, 37.159065 ] ], [ [ -113.64453, 37.15844 ], [ -113.64453, 37.15843 ], [ -113.64451, 37.15843 ], [ -113.64451, 37.15844 ], [ -113.64453, 37.15844 ] ], [ [ -113.64459, 37.15843 ], [ -113.64459, 37.15844 ], [ -113.6446, 37.15844 ], [ -113.6446, 37.15843 ], [ -113.64459, 37.15843 ] ], [ [ -113.645036315789497, 37.160874736842104 ], [ -113.64506, 37.16087 ], [ -113.645036315789483, 37.160874736842104 ], [ -113.645036315789497, 37.160874736842104 ] ], [ [ -113.645085882352973, 37.160662352941173 ], [ -113.645085882352916, 37.160662352941181 ], [ -113.64504, 37.16067 ], [ -113.645085882352973, 37.160662352941173 ] ], [ [ -113.64513, 37.15829 ], [ -113.64512, 37.15829 ], [ -113.64512, 37.1583 ], [ -113.64513, 37.15829 ] ], [ [ -113.64512, 37.1583 ], [ -113.64506, 37.15825 ], [ -113.64511, 37.1583 ], [ -113.6451, 37.1583 ], [ -113.64511, 37.15831 ], [ -113.64512, 37.1583 ] ], [ [ -113.64511, 37.16078 ], [ -113.64511, 37.16079 ], [ -113.64512, 37.16079 ], [ -113.64512, 37.16078 ], [ -113.64511, 37.16078 ] ], [ [ -113.64516, 37.15818 ], [ -113.645175, 37.158195 ], [ -113.645175, 37.158195 ], [ -113.64516, 37.15818 ] ], [ [ -113.645188235294128, 37.160655294117646 ], [ -113.6451882352941, 37.160655294117646 ], [ -113.64516, 37.16066 ], [ -113.645188235294128, 37.160655294117646 ] ], [ [ -113.645165510204095, 37.160864081632653 ], [ -113.64519, 37.16086 ], [ -113.64516551020408, 37.160864081632653 ], [ -113.645165510204095, 37.160864081632653 ] ], [ [ -113.64521, 37.15848 ], [ -113.64521, 37.15847 ], [ -113.6452, 37.15847 ], [ -113.64521, 37.15848 ] ], [ [ -113.645284285714311, 37.160854285714287 ], [ -113.64531, 37.16085 ], [ -113.645284285714268, 37.160854285714287 ], [ -113.645284285714311, 37.160854285714287 ] ], [ [ -113.64530315789473, 37.160647368421053 ], [ -113.645303157894716, 37.160647368421053 ], [ -113.64529, 37.16065 ], [ -113.64530315789473, 37.160647368421053 ] ], [ [ -113.645403061224513, 37.16084448979592 ], [ -113.64543, 37.16084 ], [ -113.645403061224471, 37.160844489795927 ], [ -113.645403061224513, 37.16084448979592 ] ], [ [ -113.64547, 37.15932 ], [ -113.64557, 37.15931 ], [ -113.6456, 37.1593 ], [ -113.64557, 37.1593 ], [ -113.64547, 37.15932 ] ], [ [ -113.64555, 37.16083 ], [ -113.645529824561365, 37.160834035087724 ], [ -113.645529824561379, 37.160834035087724 ], [ -113.64555, 37.16083 ] ], [ [ -113.645529824561379, 37.160834035087724 ], [ -113.64557875000007, 37.16083 ], [ -113.645578750000041, 37.16083 ], [ -113.645529824561379, 37.160834035087724 ] ], [ [ -113.64553, 37.16056 ], [ -113.64554, 37.16056 ], [ -113.64554, 37.16055 ], [ -113.64553, 37.16055 ], [ -113.64553, 37.16056 ] ], [ [ -113.6455925, 37.15921 ], [ -113.6455925, 37.15921 ], [ -113.64559, 37.15919 ], [ -113.6455925, 37.15921 ] ], [ [ -113.64569, 37.15957 ], [ -113.64564, 37.15958 ], [ -113.64566, 37.15958 ], [ -113.64569, 37.159575 ], [ -113.64569, 37.15957 ] ], [ [ -113.64566, 37.15955 ], [ -113.64566, 37.15954 ], [ -113.64565, 37.15954 ], [ -113.64565, 37.15955 ], [ -113.64566, 37.15955 ] ], [ [ -113.64568, 37.15976 ], [ -113.64566, 37.15977 ], [ -113.64568, 37.15977 ], [ -113.64571, 37.159765 ], [ -113.64571, 37.15976 ], [ -113.64568, 37.15976 ] ], [ [ -113.64566, 37.15967 ], [ -113.64567, 37.15967 ], [ -113.64567, 37.15966 ], [ -113.64567, 37.15965 ], [ -113.64566, 37.15965 ], [ -113.64566, 37.15966 ], [ -113.64566, 37.15967 ] ], [ [ -113.64568, 37.15974 ], [ -113.64568, 37.15973 ], [ -113.64567, 37.15973 ], [ -113.64568, 37.15974 ] ], [ [ -113.645676341463442, 37.160821951219511 ], [ -113.64569, 37.16082 ], [ -113.645676341463428, 37.160821951219511 ], [ -113.645676341463442, 37.160821951219511 ] ], [ [ -113.645695, 37.160785 ], [ -113.645695, 37.160785 ], [ -113.6457, 37.16081 ], [ -113.645695, 37.160785 ] ], [ [ -113.64593, 37.16024 ], [ -113.645877659574424, 37.160248723404258 ], [ -113.645877659574467, 37.160248723404258 ], [ -113.64593, 37.16024 ] ], [ [ -113.64592, 37.15953 ], [ -113.64591, 37.15952 ], [ -113.64591, 37.15953 ], [ -113.64592, 37.15953 ] ], [ [ -113.64591, 37.15953 ], [ -113.64589, 37.15953 ], [ -113.64589, 37.15954 ], [ -113.64591, 37.15953 ] ], [ [ -113.64591, 37.15973 ], [ -113.64596, 37.15972 ], [ -113.64594, 37.15972 ], [ -113.64594, 37.15971 ], [ -113.64593, 37.15971 ], [ -113.64593, 37.15972 ], [ -113.64591, 37.15972 ], [ -113.64591, 37.15973 ] ], [ [ -113.64594, 37.15956 ], [ -113.64594, 37.15955 ], [ -113.64591, 37.15956 ], [ -113.64592, 37.15956 ], [ -113.64594, 37.15956 ] ], [ [ -113.64596, 37.15975 ], [ -113.64596, 37.15974 ], [ -113.64591, 37.15975 ], [ -113.64594, 37.15975 ], [ -113.64596, 37.15975 ] ], [ [ -113.645915, 37.159055 ], [ -113.645915, 37.159055 ], [ -113.64594, 37.15905 ], [ -113.645915, 37.159055 ] ], [ [ -113.64593, 37.15953 ], [ -113.64594, 37.15953 ], [ -113.64604, 37.15952 ], [ -113.64593, 37.15953 ] ], [ [ -113.646348235294113, 37.162579411764703 ], [ -113.646350181818178, 37.162574545454547 ], [ -113.646353333333337, 37.16256666666667 ], [ -113.64635, 37.16257 ], [ -113.64623, 37.16254 ], [ -113.646348235294113, 37.162579411764703 ] ], [ [ -113.646278421052628, 37.162443947368423 ], [ -113.64626, 37.16249 ], [ -113.646278421052642, 37.162443947368423 ], [ -113.646278421052628, 37.162443947368423 ] ], [ [ -113.64641, 37.16246 ], [ -113.6464025, 37.1624525 ], [ -113.6464, 37.16246 ], [ -113.6464, 37.16247 ], [ -113.646316, 37.162452 ], [ -113.6464, 37.16248 ], [ -113.64641, 37.16246 ] ], [ [ -113.6464, 37.16248 ], [ -113.64639, 37.16249 ], [ -113.64638, 37.16249 ], [ -113.64637, 37.16252 ], [ -113.64638, 37.16252 ], [ -113.64638, 37.16251 ], [ -113.64638, 37.1625 ], [ -113.64639, 37.1625 ], [ -113.6464, 37.16248 ] ], [ [ -113.646346666666659, 37.162583333333345 ], [ -113.64634, 37.16259 ], [ -113.64633, 37.16261 ], [ -113.64634, 37.1626 ], [ -113.646346666666659, 37.162583333333345 ] ], [ [ -113.64635, 37.16005 ], [ -113.64634, 37.16001 ], [ -113.64634, 37.16005 ], [ -113.64634, 37.16006 ], [ -113.64635, 37.16006 ], [ -113.64635, 37.16005 ] ], [ [ -113.64641, 37.1625 ], [ -113.64641, 37.16251 ], [ -113.6464, 37.16252 ], [ -113.64641, 37.16253 ], [ -113.64642, 37.1625 ], [ -113.64641, 37.1625 ] ], [ [ -113.6464, 37.16252 ], [ -113.64636, 37.16261 ], [ -113.6464, 37.16253 ], [ -113.6464, 37.16252 ] ], [ [ -113.64643, 37.1624 ], [ -113.64643, 37.16239 ], [ -113.64642, 37.16242 ], [ -113.64643, 37.1624 ] ], [ [ -113.64642, 37.16242 ], [ -113.64642, 37.16243 ], [ -113.64642, 37.16244 ], [ -113.64643, 37.16242 ], [ -113.64642, 37.16242 ] ], [ [ -113.64642, 37.16244 ], [ -113.64641, 37.16243 ], [ -113.646405, 37.162445 ], [ -113.64641, 37.16244 ], [ -113.64642, 37.16244 ] ], [ [ -113.64642, 37.16296 ], [ -113.64643, 37.16296 ], [ -113.64646, 37.16295 ], [ -113.64642, 37.16296 ] ], [ [ -113.64647, 37.16232 ], [ -113.64647, 37.1623 ], [ -113.64646, 37.16232 ], [ -113.64647, 37.16232 ] ], [ [ -113.646472222222229, 37.162921111111118 ], [ -113.646472222222201, 37.162921111111061 ], [ -113.646472222222215, 37.162921111111096 ], [ -113.646472222222229, 37.162921111111118 ] ], [ [ -113.6465, 37.16301 ], [ -113.64651, 37.163 ], [ -113.6465, 37.163 ], [ -113.64649, 37.16297 ], [ -113.646472222222258, 37.162921111111224 ], [ -113.6465, 37.16301 ] ], [ [ -113.64649, 37.16236 ], [ -113.646498666666673, 37.162342666666667 ], [ -113.646498400571232, 37.162342584791148 ], [ -113.646497647058823, 37.162342352941181 ], [ -113.64649, 37.16235 ], [ -113.64648, 37.16235 ], [ -113.64649, 37.16236 ] ], [ [ -113.64648, 37.16265 ], [ -113.64648, 37.16265 ], [ -113.64648, 37.16265 ], [ -113.64648, 37.16265 ] ], [ [ -113.6465, 37.16226 ], [ -113.6465, 37.16224 ], [ -113.64649, 37.16226 ], [ -113.6465, 37.16226 ] ], [ [ -113.64651, 37.16229 ], [ -113.64652, 37.16227 ], [ -113.64652, 37.16226 ], [ -113.6465, 37.16231 ], [ -113.64651, 37.16229 ] ], [ [ -113.6465, 37.16231 ], [ -113.64649, 37.16233 ], [ -113.6465, 37.16233 ], [ -113.64651, 37.16231 ], [ -113.6465, 37.16231 ] ], [ [ -113.646505714285652, 37.160172857142882 ], [ -113.646547500000011, 37.16016 ], [ -113.646505714285738, 37.160172857142847 ], [ -113.646505714285666, 37.160172857142875 ], [ -113.646505714285652, 37.160172857142882 ] ], [ [ -113.64651, 37.16223 ], [ -113.64651, 37.16224 ], [ -113.64652, 37.16222 ], [ -113.64651, 37.16222 ], [ -113.64651, 37.16223 ] ], [ [ -113.64653, 37.16218 ], [ -113.64652, 37.1622 ], [ -113.64652, 37.16221 ], [ -113.646533333333338, 37.162176666666667 ], [ -113.64653, 37.16218 ] ], [ [ -113.64655, 37.16214 ], [ -113.64656, 37.16213 ], [ -113.646539, 37.162127 ], [ -113.64655, 37.16213 ], [ -113.64655, 37.16214 ] ], [ [ -113.64658, 37.16356 ], [ -113.646664626865672, 37.163484776119397 ], [ -113.64666325991189, 37.163483955947129 ], [ -113.64665875, 37.16348125 ], [ -113.64658, 37.16356 ] ], [ [ -113.64662, 37.16345 ], [ -113.64662, 37.16346 ], [ -113.64663, 37.16345 ], [ -113.64662, 37.16345 ] ], [ [ -113.64674, 37.16351 ], [ -113.64673, 37.1635 ], [ -113.64665, 37.16345 ], [ -113.64674, 37.16351 ] ], [ [ -113.64669, 37.1635 ], [ -113.64667571428572, 37.163491428571426 ], [ -113.64668, 37.1635 ], [ -113.64669, 37.1635 ] ], [ [ -113.64672, 37.16352 ], [ -113.64671, 37.163515 ], [ -113.64671, 37.16352 ], [ -113.64672, 37.16352 ] ], [ [ -113.64679, 37.16357 ], [ -113.646765, 37.163555 ], [ -113.64678, 37.16357 ], [ -113.64679, 37.16357 ] ], [ [ -113.64682, 37.16359 ], [ -113.6468, 37.16358 ], [ -113.64681, 37.16359 ], [ -113.64682, 37.16359 ] ], [ [ -113.64684, 37.1636 ], [ -113.64684, 37.16361 ], [ -113.64686, 37.16362 ], [ -113.64684, 37.1636 ] ], [ [ -113.64692, 37.16366 ], [ -113.64691, 37.16366 ], [ -113.646925, 37.16367 ], [ -113.64692, 37.16366 ] ], [ [ -113.64692, 37.16364 ], [ -113.64693, 37.16365 ], [ -113.64694, 37.16365 ], [ -113.64695, 37.16366 ], [ -113.64696, 37.16366 ], [ -113.64693, 37.16364 ], [ -113.64702, 37.16355 ], [ -113.64693, 37.16363 ], [ -113.64692, 37.16364 ] ], [ [ -113.64703, 37.16375 ], [ -113.64704, 37.16374 ], [ -113.64703, 37.16374 ], [ -113.64702, 37.16373 ], [ -113.6470064, 37.1637232 ], [ -113.64692, 37.1638 ], [ -113.64701, 37.16373 ], [ -113.64703, 37.16375 ] ], [ [ -113.64698, 37.1637 ], [ -113.64694, 37.16367 ], [ -113.646934, 37.163676 ], [ -113.64694, 37.16368 ], [ -113.64696, 37.16369 ], [ -113.64698, 37.1637 ] ], [ [ -113.64703, 37.16372 ], [ -113.647036, 37.163714 ], [ -113.64703, 37.16371 ], [ -113.647108, 37.163632 ], [ -113.647107857142856, 37.1636319047619 ], [ -113.64702, 37.16371 ], [ -113.64703, 37.16372 ] ], [ [ -113.64702, 37.16371 ], [ -113.64702, 37.1637 ], [ -113.64701, 37.1637 ], [ -113.64702, 37.16371 ] ], [ [ -113.647073050847453, 37.163747288135596 ], [ -113.64716, 37.16367 ], [ -113.64707, 37.16374 ], [ -113.64705, 37.16373 ], [ -113.647073050847453, 37.163747288135596 ] ], [ [ -113.64705, 37.16373 ], [ -113.64706, 37.16373 ], [ -113.647045, 37.16372 ], [ -113.64705, 37.16373 ] ], [ [ -113.64708, 37.16377 ], [ -113.64707, 37.16378 ], [ -113.64709, 37.16379 ], [ -113.64708, 37.16378 ], [ -113.64708, 37.16377 ] ], [ [ -113.64711, 37.16377 ], [ -113.64712, 37.16377 ], [ -113.6471, 37.16376 ], [ -113.64711, 37.16377 ] ], [ [ -113.647330869565224, 37.163507826086949 ], [ -113.64735, 37.16346 ], [ -113.647330869565209, 37.163507826086949 ], [ -113.647330869565224, 37.163507826086949 ] ], [ [ -113.647449230769254, 37.163901538461531 ], [ -113.64739, 37.16391 ], [ -113.64744923076924, 37.163901538461538 ], [ -113.647449230769254, 37.163901538461531 ] ], [ [ -113.64743, 37.16428 ], [ -113.647465714285715, 37.16424428571429 ], [ -113.647465714285715, 37.164244285714283 ], [ -113.64743, 37.16428 ] ], [ [ -113.6475, 37.16396 ], [ -113.64753, 37.16402 ], [ -113.64751, 37.16396 ], [ -113.64748, 37.16389 ], [ -113.6475, 37.16396 ] ], [ [ -113.64753, 37.16376 ], [ -113.64753, 37.16376 ], [ -113.6475, 37.1637 ], [ -113.64753, 37.16376 ] ], [ [ -113.64791, 37.16378 ], [ -113.6479, 37.16377 ], [ -113.64789, 37.16376 ], [ -113.64791, 37.16378 ] ], [ [ -113.64846, 37.16398 ], [ -113.64846, 37.16398 ], [ -113.64847, 37.16401 ], [ -113.64846, 37.16398 ] ], [ [ -113.64897, 37.16744 ], [ -113.648983333333334, 37.16744666666667 ], [ -113.648983333333319, 37.167446666666656 ], [ -113.64897, 37.16744 ] ], [ [ -113.656187, 37.145597 ], [ -113.656187, 37.145597 ], [ -113.65616, 37.14548 ], [ -113.656187, 37.145597 ] ], [ [ -113.658600468749881, 37.360720156250061 ], [ -113.65827, 37.36091 ], [ -113.658600468749981, 37.360720156250011 ], [ -113.658600468749881, 37.360720156250061 ] ], [ [ -113.65924, 37.35798 ], [ -113.65942, 37.35783 ], [ -113.65942, 37.35783 ], [ -113.65924, 37.35798 ] ], [ [ -113.685088, 37.155968 ], [ -113.68476, 37.156 ], [ -113.685088, 37.155968 ], [ -113.685088, 37.155968 ] ] ], [ [ [ -113.6072, 37.12531 ], [ -113.6072, 37.12524 ], [ -113.6072, 37.1252 ], [ -113.60753, 37.12514 ], [ -113.60753, 37.12518 ], [ -113.60753, 37.12525 ], [ -113.6072, 37.12531 ] ] ] ] } }
]
}
